longitude,latitude,age,supergroup,group_name,formation,lithologic,sub_group,intrusive,stratigraphy_new
85.01012376824035,20.541786536008583,ARCHAEAN - PROTEROZOIC,EASTERN GHAT,,,,,,
85.21472723936455,20.50977965414716,ARCHAEAN - PROTEROZOIC,EASTERN GHAT,,,,,,
84.71627376169015,20.47804120690141,ARCHAEAN - PROTEROZOIC,EASTERN GHAT,,,,,,
84.65567236864865,20.178587336756756,ARCHAEAN - PROTEROZOIC,EASTERN GHAT,,,,,,
84.27799116083334,20.193771623333333,ARCHAEAN - PROTEROZOIC,SOUTHERN GRANULITE TERRAIN,,,,,,
84.38121116894736,19.755425794210527,ARCHAEAN - PROTEROZOIC,EASTERN GHAT,,,,,,
84.25405940272728,19.75403008090909,ARCHAEAN - PROTEROZOIC,EASTERN GHAT,,,,,,
84.34069786917019,18.931785986432466,ARCHAEAN - PROTEROZOIC,EASTERN GHAT,,,,,,
82.53991287447674,19.01474262418605,ARCHAEAN - PROTEROZOIC,SOUTHERN GRANULITE TERRAIN,,,,,,
82.91058798361765,18.606392732558824,ARCHAEAN - PROTEROZOIC,SOUTHERN GRANULITE TERRAIN,,,,,,
83.45012184121076,18.007628008789236,ARCHAEAN - PROTEROZOIC,EASTERN GHAT,,,,,,
82.11907154945813,17.489205908735634,ARCHAEAN - PROTEROZOIC,EASTERN GHAT,,,,,,
81.96083145046632,17.528889734404146,ARCHAEAN - PROTEROZOIC,EASTERN GHAT,,,,,,
75.4043432472687,12.161562728939911,ARCHAEAN - PROTEROZOIC,SOUTHERN GRANULITE TERRAIN,,,,,,
75.73231254745193,11.753943484951922,ARCHAEAN - PROTEROZOIC,SOUTHERN GRANULITE TERRAIN,,,,,,
78.78987834278846,11.131123716634615,ARCHAEAN - PROTEROZOIC,SOUTHERN GRANULITE TERRAIN,,,,,,
76.84731803999999,11.106370126117648,ARCHAEAN - PROTEROZOIC,SOUTHERN GRANULITE TERRAIN,,,,,,
77.30119535450594,10.96916465533597,ARCHAEAN - PROTEROZOIC,SOUTHERN GRANULITE TERRAIN,,,,,,
77.70106642722034,10.693566806983052,ARCHAEAN - PROTEROZOIC,SOUTHERN GRANULITE TERRAIN,,,,,,
77.928780969125,10.646558171875,ARCHAEAN - PROTEROZOIC,SOUTHERN GRANULITE TERRAIN,,,,,,
77.84739306722689,10.515065561932772,ARCHAEAN - PROTEROZOIC,SOUTHERN GRANULITE TERRAIN,,,,,,
76.7363334555319,10.405095354255318,ARCHAEAN - PROTEROZOIC,SOUTHERN GRANULITE TERRAIN,,,,,,
78.24230196932433,10.421678827297297,NEOPROTEROZOIC,,,,,,,
77.60875534366517,9.043531901674209,ARCHAEAN - PROTEROZOIC,SOUTHERN GRANULITE TERRAIN,,,,,,
78.03678273447761,8.90332530119403,ARCHAEAN - PROTEROZOIC,SOUTHERN GRANULITE TERRAIN,,,,,,
77.85769583571428,8.63060774047619,ARCHAEAN - PROTEROZOIC,SOUTHERN GRANULITE TERRAIN,,,,,,
77.31493046330912,8.485060174899113,ARCHAEAN - PROTEROZOIC,SOUTHERN GRANULITE TERRAIN,,,,,,
77.37230857068812,8.264986262015192,ARCHAEAN - PROTEROZOIC,SOUTHERN GRANULITE TERRAIN,,,,,,
84.13902138747825,20.439156370161836,ARCHAEAN - PROTEROZOIC,EASTERN GHAT,,,,,,
81.79290768588265,19.680956393528017,ARCHAEAN,,,,,,,
80.64364172023836,18.689543964464388,ARCHAEAN- PALAEOPROTEROZOIC,,,,,,,
81.58314276747475,17.463626892424244,ARCHAEAN - PROTEROZOIC,EASTERN GHAT,,,,,,
80.52883476249443,16.73130728575724,ARCHAEAN - PROTEROZOIC,SOUTHERN GRANULITE TERRAIN,,,,,,
80.0467643695223,15.811494612510616,ARCHAEAN - PROTEROZOIC,EASTERN GHAT,,,,,,
80.12365442196146,12.944454825350263,ARCHAEAN - PROTEROZOIC,SOUTHERN GRANULITE TERRAIN,,,,,,
79.83782205271028,12.828780826448599,ARCHAEAN - PROTEROZOIC,SOUTHERN GRANULITE TERRAIN,,,,,,
78.53163502074074,12.46266613111111,ARCHAEAN - PROTEROZOIC,SOUTHERN GRANULITE TERRAIN,,,,,,
77.25917922887596,8.849586587945737,ARCHAEAN - PROTEROZOIC,SOUTHERN GRANULITE TERRAIN,,,,,,
78.98306126175243,12.331823654764252,ARCHAEAN - PROTEROZOIC,SOUTHERN GRANULITE TERRAIN,,,,,,
79.09582545553572,12.097040768571429,ARCHAEAN - PROTEROZOIC,SOUTHERN GRANULITE TERRAIN,,,,,,
76.55232251761699,10.57067759776448,ARCHAEAN - PROTEROZOIC,SOUTHERN GRANULITE TERRAIN,,,,,,
77.22737829743342,11.408424571065376,ARCHAEAN - PROTEROZOIC,SOUTHERN GRANULITE TERRAIN,,,,,,
85.8027352856,20.8379489248,ARCHAEAN - PROTEROZOIC,EASTERN GHAT,,,,,,
85.1483565115086,20.618559535012263,ARCHAEAN - PROTEROZOIC,EASTERN GHAT,,,,,,
85.81801934183673,20.663809111122447,ARCHAEAN - PROTEROZOIC,EASTERN GHAT,,,,,,
84.648680295625,20.105882800625,ARCHAEAN - PROTEROZOIC,EASTERN GHAT,,,,,,
85.03164074423377,19.895696841714287,ARCHAEAN - PROTEROZOIC,EASTERN GHAT,,,,,,
84.67183719588236,20.01915558882353,ARCHAEAN - PROTEROZOIC,EASTERN GHAT,,,,,,
83.54715102098322,19.893524141040167,ARCHAEAN - PROTEROZOIC,EASTERN GHAT,,,,,,
84.31628089333333,19.844055918333332,ARCHAEAN - PROTEROZOIC,EASTERN GHAT,,,,,,
83.83027406232027,19.656608690816995,ARCHAEAN - PROTEROZOIC,EASTERN GHAT,,,,,,
84.28171585471236,18.902961409534885,ARCHAEAN - PROTEROZOIC,EASTERN GHAT,,,,,,
81.86458041382353,18.099329384705882,ARCHAEAN - PROTEROZOIC,EASTERN GHAT,,,,,,
78.12949509795455,10.760147718522727,ARCHAEAN - PROTEROZOIC,SOUTHERN GRANULITE TERRAIN,,,,,,
78.17413821779606,10.571043189144737,ARCHAEAN - PROTEROZOIC,SOUTHERN GRANULITE TERRAIN,,,,,,
78.26481276653217,10.325641187884406,ARCHAEAN - PROTEROZOIC,SOUTHERN GRANULITE TERRAIN,,,,,,
77.5106707107143,8.839369428571429,ARCHAEAN - PROTEROZOIC,SOUTHERN GRANULITE TERRAIN,,,,,,
77.5733134557732,8.754213131649484,ARCHAEAN - PROTEROZOIC,SOUTHERN GRANULITE TERRAIN,,,,,,
77.87797442057143,8.76253485142857,ARCHAEAN - PROTEROZOIC,SOUTHERN GRANULITE TERRAIN,,,,,,
77.91467229783784,8.687855221621621,ARCHAEAN - PROTEROZOIC,SOUTHERN GRANULITE TERRAIN,,,,,,
80.58287914363191,17.29755165659609,ARCHAEAN - PROTEROZOIC,EASTERN GHAT,,,,,,
80.80996780796667,16.783333166933332,ARCHAEAN - PROTEROZOIC,EASTERN GHAT,,,,,,
85.17062620073483,19.95428879715655,ARCHAEAN - PROTEROZOIC,EASTERN GHAT,,,,,,
78.1559262239015,18.36266375697336,LATE CRETACEOUS - PALAEOCENE,DECCAN TRAP,,,,,,
77.46160241163423,17.040305302150294,LATE CRETACEOUS - PALAEOCENE,DECCAN TRAP,,,,,,
74.4106617723744,15.420588386352373,ARCHAEAN,PENINSULAR GNEISSIC COMPLEX,,,,,,
78.72409087845503,25.330776722659007,ARCHAEAN- PALAEOPROTEROZOIC,,,,,,,
77.85763150085307,11.719887153601896,NEOPROTEROZOIC,,,,,,,
77.82438367361446,11.460266846224899,NEOPROTEROZOIC,,,,,,,
74.04128722857372,15.261697732339744,ARCHAEAN,,,,,,,
75.68573997393939,14.196233873737373,ARCHAEAN,PENINSULAR GNEISSIC COMPLEX,,,,,,
75.78971107041009,11.4864829995363,ARCHAEAN - PROTEROZOIC,SOUTHERN GRANULITE TERRAIN,,,,,,
77.04091156511082,11.763331317209909,ARCHAEAN - PROTEROZOIC,SOUTHERN GRANULITE TERRAIN,,,,,,
76.38578024178571,10.476253106785714,ARCHAEAN - PROTEROZOIC,SOUTHERN GRANULITE TERRAIN,,,,,,
77.3106451207143,9.845981288285714,ARCHAEAN - PROTEROZOIC,SOUTHERN GRANULITE TERRAIN,,,,,,
76.65626939551167,9.872239983285457,ARCHAEAN - PROTEROZOIC,SOUTHERN GRANULITE TERRAIN,,,,,,
77.39961891666667,9.830602680606061,ARCHAEAN - PROTEROZOIC,SOUTHERN GRANULITE TERRAIN,,,,,,
76.80343606428572,9.787583594285715,ARCHAEAN - PROTEROZOIC,SOUTHERN GRANULITE TERRAIN,,,,,,
76.53544100935159,9.60080086815562,ARCHAEAN - PROTEROZOIC,SOUTHERN GRANULITE TERRAIN,,,,,,
77.17164836714286,9.693490239714286,ARCHAEAN - PROTEROZOIC,SOUTHERN GRANULITE TERRAIN,,,,,,
76.96451735923334,8.620847332333334,ARCHAEAN - PROTEROZOIC,SOUTHERN GRANULITE TERRAIN,,,,,,
77.17281118946237,8.68168087247312,ARCHAEAN - PROTEROZOIC,SOUTHERN GRANULITE TERRAIN,,,,,,
81.70687518423313,24.336766086625765,ARCHAEAN- PALAEOPROTEROZOIC,,,,,,,
80.6222916993739,23.42686770996522,PALAEOPROTEROZOIC,,,,,,,
80.87032596520065,22.27660928454486,PALAEOPROTEROZOIC,,,,,,,
79.8960683695,20.98385969408182,ARCHAEAN,,,,,,,
81.18872740385243,19.73971252218706,ARCHAEAN,,,,,,,
79.23351604055385,20.37439791214359,ARCHAEAN,,,,,,,
80.6379280932676,20.035289358450704,ARCHAEAN,,,,,,,
83.265291038,19.592450159757895,ARCHAEAN - PROTEROZOIC,EASTERN GHAT,,,,,,
81.89359792324865,17.31106884735181,ARCHAEAN - PROTEROZOIC,EASTERN GHAT,,,,,,
80.01410501455517,15.832558787117437,ARCHAEAN - PROTEROZOIC,EASTERN GHAT,,,,,,
76.34408386061644,15.680614042671232,ARCHAEAN- PALAEOPROTEROZOIC,PENINSULAR GNEISSIC COMPLEX,,,,,,
74.63106212706259,14.411171615369346,ARCHAEAN,PENINSULAR GNEISSIC COMPLEX,,,,,,
76.58112748421875,14.170865440625,ARCHAEAN,PENINSULAR GNEISSIC COMPLEX,,,,,,
79.08232923934546,12.733920011490909,ARCHAEAN - PROTEROZOIC,SOUTHERN GRANULITE TERRAIN,,,,,,
78.85969373900001,12.462703124499999,ARCHAEAN - PROTEROZOIC,SOUTHERN GRANULITE TERRAIN,,,,,,
78.16027378655173,12.323850454568966,ARCHAEAN - PROTEROZOIC,SOUTHERN GRANULITE TERRAIN,,,,,,
77.8877279970635,12.029089741111111,ARCHAEAN,PENINSULAR GNEISSIC COMPLEX,,,,,,
77.5954431021831,11.63871070330986,ARCHAEAN - PROTEROZOIC,SOUTHERN GRANULITE TERRAIN,,,,,,
77.02577175932106,8.672691356977909,ARCHAEAN - PROTEROZOIC,SOUTHERN GRANULITE TERRAIN,,,,,,
79.60113389212121,12.082149588484848,ARCHAEAN - PROTEROZOIC,SOUTHERN GRANULITE TERRAIN,,,,,,
77.0096829552978,11.377760715485893,ARCHAEAN - PROTEROZOIC,SOUTHERN GRANULITE TERRAIN,,,,,,
75.48813975745038,25.546945064662697,ARCHAEAN,BHILWARA,,,,,,
79.16886836981284,19.178809636657753,ARCHAEAN- PALAEOPROTEROZOIC,PENINSULAR GNEISSIC COMPLEX,,,,,,
77.14483684288813,16.296700316061642,ARCHAEAN,DHARWAR,,,,,,
76.32357739337459,15.867236648785152,ARCHAEAN,DHARWAR,,,,,,
75.72164585775609,13.408635235719512,ARCHAEAN,DHARWAR,,,,,,
75.42651290066354,11.919888708009383,ARCHAEAN- PROTEROZOIC,,,,,,,
76.02866502528846,11.890891144086538,ARCHAEAN,,,,,,,
78.14922691961539,11.737146705192307,NEOPROTEROZOIC,,,,,,,
76.78018872786618,11.204628635244122,ARCHAEAN,,,,,,,
77.72071148662499,10.479184738625,NEOPROTEROZOIC,,,,,,,
82.48068405424397,24.213637214714105,PROTEROZOIC,,,,,,,
85.47636137485048,21.818761979270604,PALAEOPROTEROZOIC - MESOPROTEROZOIC,,,,,,,
84.19287726959075,21.20598870175734,ARCHAEAN - PROTEROZOIC,EASTERN GHAT,,,,,,
81.79933351343874,19.790487694960476,ARCHAEAN,,,,,,,
81.96475296092828,19.54837570799578,ARCHAEAN,,,,,,,
81.39380687970873,18.82295102127427,ARCHAEAN,,,,,,,
81.02875282747634,18.886828846798107,ARCHAEAN,,,,,,,
81.80361282595513,18.78147970462705,ARCHAEAN,,,,,,,
80.8405573600618,18.68348453713697,ARCHAEAN,,,,,,,
81.64065165644143,18.519565225945943,ARCHAEAN,,,,,,,
81.09131282269232,18.254166576153846,ARCHAEAN,,,,,,,
76.56961784909598,15.142239887468708,ARCHAEAN,DHARWAR,,,,,,
79.64417241673469,15.18151616612245,ARCHAEAN,DHARWAR,,,,,,
76.18373027494792,14.242888172552084,ARCHAEAN,DHARWAR,,,,,,
76.23950137719626,14.077329801121495,ARCHAEAN,DHARWAR,,,,,,
76.6758395792328,13.895481496666667,ARCHAEAN,DHARWAR,,,,,,
78.22949109668956,12.816545656950549,ARCHAEAN,DHARWAR,,,,,,
77.84007095879464,15.989058615212054,ARCHAEAN,DHARWAR,,,,,,
85.14857796345589,22.275762448880222,PALAEOPROTEROZOIC,,,,,,,
80.86309798591154,20.184539045737264,ARCHAEAN- PALAEOPROTEROZOIC,,,,,,,
78.43821954255891,19.610223532912457,ARCHAEAN- PALAEOPROTEROZOIC,PENINSULAR GNEISSIC COMPLEX,,,,,,
80.55247462166666,19.61069733375458,ARCHAEAN- PALAEOPROTEROZOIC,,,,,,,
81.42456446733334,19.546392604,ARCHAEAN- PALAEOPROTEROZOIC,,,,,,,
79.35210745724137,15.480055118059342,MESOPROTEROZOIC,,,,,,,
78.09476390298968,14.171912554845361,ARCHAEAN,DHARWAR,,,,,,
78.45076703271604,14.053436449259259,ARCHAEAN,DHARWAR,,,,,,
74.93968930970738,14.725492649686268,ARCHAEAN,DHARWAR,,,,,,
76.48315710445517,33.254287482551725,PALAEOPROTEROZOIC,,,,,,,
77.70679127270873,31.09612730895475,PROTEROZOIC,,,,,,,
77.12976107051684,31.08432404238841,PROTEROZOIC,,,,,,,
79.52792725226415,30.07630958352201,PROTEROZOIC,,,,,,,
80.20823929233502,29.787172625126903,PROTEROZOIC,,,,,,,
84.9797561413291,24.76367212348101,PROTEROZOIC,,,,,,,
79.845380464,35.71987024546667,PROTEROZOIC,,,,,,,
75.76548434125,35.68825139333333,PROTEROZOIC,,,,,,,
74.59686896925926,35.611620432222225,PROTEROZOIC,,,,,,,
75.99158478833675,33.3549994363347,MESOPROTEROZOIC,,,,,,,
89.59999832671618,26.76159633772277,PROTEROZOIC,,,,,,,
75.22777232959017,25.785988555245904,PALAEOPROTEROZOIC,,,,,,,
75.56341124422156,25.697865651167664,PALAEOPROTEROZOIC,BHILWARA,,,,,,
75.12764605180328,25.4893610147541,PALAEOPROTEROZOIC,BHILWARA,,,,,,
73.40801368477636,24.126705004737186,PALAEOPROTEROZOIC,ARAVALLI,,,,,,
73.93736167044987,25.095622807490134,PALAEOPROTEROZOIC,ARAVALLI,,,,,,
74.22269029094595,25.09122215099099,PALAEOPROTEROZOIC,BHILWARA,,,,,,
73.73927484759155,24.879142659084508,PALAEOPROTEROZOIC,ARAVALLI,,,,,,
74.29485556677083,23.920128575671296,PALAEOPROTEROZOIC,ARAVALLI,,,,,,
73.68801604155844,24.760313583636364,PALAEOPROTEROZOIC,ARAVALLI,,,,,,
73.97619036969887,23.97582384455458,PALAEOPROTEROZOIC,ARAVALLI,,,,,,
82.75659530386574,24.298433886496916,PALAEOPROTEROZOIC,,,,,,,
80.1796653397416,23.48955841475452,PALAEOPROTEROZOIC,,,,,,,
80.16015413989163,23.329532779984522,PALAEOPROTEROZOIC,,,,,,,
79.32434078886075,23.141583102025315,PALAEOPROTEROZOIC,,,,,,,
79.99947425444168,23.166359193722087,TRIASSIC - EARLY CRETACEOUS,GONDWANA,,,,,,
86.42363368082486,22.432165427093906,PALAEOPROTEROZOIC,,,,,,,
73.6710098547619,22.49084721809524,PALAEOPROTEROZOIC,ARAVALLI,,,,,,
84.28694776243665,22.158433044567808,PALAEOPROTEROZOIC,,,,,,,
83.9718653052347,22.433348341676446,PALAEOPROTEROZOIC,,,,,,,
74.00054583171108,23.204445290005328,PALAEOPROTEROZOIC,ARAVALLI,,,,,,
86.52937525574008,22.092700336101082,ARCHAEAN,,,,,,,
80.15875797439156,21.891083523753206,PALAEOPROTEROZOIC,,,,,,,
80.58772268046339,21.934452359790733,PALAEOPROTEROZOIC - MESOPROTEROZOIC,,,,,,,
79.83786331148019,20.987744628805068,PALAEOPROTEROZOIC,,,,,,,
76.53499306177777,27.834930856444444,PALAEOPROTEROZOIC - MESOPROTEROZOIC,DELHI,,,,,,
75.0584424951282,27.200338933846158,PALAEOPROTEROZOIC - MESOPROTEROZOIC,DELHI,,,,,,
74.689952680625,26.859034231458335,PALAEOPROTEROZOIC - MESOPROTEROZOIC,DELHI,,,,,,
74.72993182194445,26.81614609388889,PALAEOPROTEROZOIC - MESOPROTEROZOIC,DELHI,,,,,,
78.812141312,24.28127725705618,PALAEOPROTEROZOIC - MESOPROTEROZOIC,,,,,,,
73.01187106860081,24.092368325020576,PALAEOPROTEROZOIC - MESOPROTEROZOIC,DELHI,,,,,,
85.68161680040588,22.33748440295337,PALAEOPROTEROZOIC - MESOPROTEROZOIC,,,,,,,
76.27865200373738,22.47966769141414,PALAEOPROTEROZOIC - MESOPROTEROZOIC,,,,,,,
76.79429239414634,22.429308720243903,PALAEOPROTEROZOIC - MESOPROTEROZOIC,,,,,,,
76.95235962675117,22.318989683276996,PALAEOPROTEROZOIC - MESOPROTEROZOIC,,,,,,,
81.18875500434409,22.093631203290325,PALAEOPROTEROZOIC - MESOPROTEROZOIC,,,,,,,
80.90746332096558,21.71244847601048,PALAEOPROTEROZOIC - MESOPROTEROZOIC,,,,,,,
80.79683499077981,22.03952884738532,PALAEOPROTEROZOIC - MESOPROTEROZOIC,,,,,,,
81.08179475517858,19.493760878958895,PALAEOPROTEROZOIC - MESOPROTEROZOIC,,,,,,,
78.60415082436171,26.167870337904258,PALAEOPROTEROZOIC - MESOPROTEROZOIC,,,,,,,
74.01956706859649,33.52701616684211,MESOPROTEROZOIC,,,,,,,
74.04950356583333,33.4120466875,MESOPROTEROZOIC,,,,,,,
74.7062087710561,33.15145454003301,MESOPROTEROZOIC,,,,,,,
77.22886250846155,31.792245659743593,PALAEOPROTEROZOIC,,,,,,,
77.05653331586534,31.26924284766714,MESOPROTEROZOIC,,,,,,,
86.40269526819445,25.140577283333332,MESOPROTEROZOIC,,,,,,,
75.32465675870611,24.84939250920026,MESOPROTEROZOIC,VINDHYAN,,,,,,
74.98564233489103,24.473381554150638,MESOPROTEROZOIC,VINDHYAN,,,,,,
85.33067366260711,24.943273174528763,MESOPROTEROZOIC,,,,,,,
76.02889443949731,24.670587623321364,MESOPROTEROZOIC,VINDHYAN,,,,,,
82.67221114898932,24.495114132693033,MESOPROTEROZOIC,VINDHYAN,,,,,,
75.0089409172,24.1137250442,MESOPROTEROZOIC,VINDHYAN,,,,,,
78.93396292667575,18.990634852506812,NEOPROTEROZOIC,,,,,,,
80.5273486169252,18.639062260326117,MESOPROTEROZOIC,PAKHAL/ ALBAKA,,,,,,
80.70726078439999,17.812815715125,MESOPROTEROZOIC,PAKHAL,,,,,,
80.0219203246875,16.645355045729165,MESOPROTEROZOIC,CUDDAPAH,,,,,,
79.10273139491207,16.41877059827572,MESOPROTEROZOIC,CUDDAPAH,,,,,,
79.17998201068124,15.742464784158617,MESOPROTEROZOIC,CUDDAPAH,,,,,,
78.89039774865772,15.626104532013423,MESOPROTEROZOIC,CUDDAPAH,,,,,,
78.07161297428654,15.307023334228305,MESOPROTEROZOIC,CUDDAPAH,,,,,,
79.09324147472222,15.491037953611112,MESOPROTEROZOIC,CUDDAPAH,,,,,,
79.10825415351351,15.396248277837838,MESOPROTEROZOIC,CUDDAPAH,,,,,,
78.93606668130435,15.45144834173913,MESOPROTEROZOIC,CUDDAPAH,,,,,,
78.74906866787879,14.89294065621212,MESOPROTEROZOIC,CUDDAPAH,,,,,,
78.18506267761539,15.00198561523077,MESOPROTEROZOIC,CUDDAPAH,,,,,,
79.07109461760766,14.059716077799044,MESOPROTEROZOIC,CUDDAPAH,,,,,,
79.82777123567011,13.587629745422682,MESOPROTEROZOIC,CUDDAPAH,,,,,,
79.64403839272727,13.542475388989898,MESOPROTEROZOIC,CUDDAPAH,,,,,,
77.70975501897445,31.594953921960098,PALAEOPROTEROZOIC,,,,,,,
79.00980112562351,30.335862549156364,MESOPROTEROZOIC,,,,,,,
79.2809218295204,19.08852408433157,NEOPROTEROZOIC,,,,,,,
82.2173360599087,21.471385896789652,MESOPROTEROZOIC - NEOPROTEOZOIC,CHHATTISGARH,,,,,,
82.37335891368842,20.500168871941053,MESOPROTEROZOIC - NEOPROTEOZOIC,CHHATTISGARH,,,,,,
81.72635411980067,18.425124547400337,MESOPROTEROZOIC - NEOPROTEOZOIC,CHHATTISGARH,,,,,,
75.06549171419178,16.037343100058425,NEOPROTEROZOIC,KALADGI,,,,,,
73.76760489511173,16.425151963047796,NEOPROTEROZOIC,KALADGI,,,,,,
73.49360559317724,16.35003660679395,CENOZOIC,,,,,,,
80.36395626438203,30.49185973848315,ORDOVICIAN - DEVONIAN,,,,,,,
79.6204884920979,20.621395852604895,NEOPROTEROZOIC,,,,,,,
79.39063488729751,20.294341558800152,NEOPROTEROZOIC,,,,,,,
78.80520776079332,20.255994814843426,NEOPROTEROZOIC,,,,,,,
78.89992736080188,20.136360498679245,NEOPROTEROZOIC,,,,,,,
79.03597967109756,18.93581743904878,NEOPROTEROZOIC,,,,,,,
79.55621532983922,18.52586350846731,NEOPROTEROZOIC,,,,,,,
79.58224614848204,16.624310904965686,NEOPROTEROZOIC,,,,,,,
93.57923865363637,8.074388862272727,MIOCENE - PLIOCENE,,,,,,,
76.80518009455517,8.652072559217082,QUATERNARY,,,,,,,
93.44739785727273,7.903435483636364,MIOCENE - PLIOCENE,,,,,,,
75.78687689891304,32.607087451521735,MIOCENE - PLIOCENE,,,,,,,
71.88508259030303,25.960566859696968,NEOPROTEROZOIC,MALANI IGNEOUS SUITE,,,,,,
71.87333021486486,26.023385523243242,NEOPROTEROZOIC,MALANI IGNEOUS SUITE,,,,,,
73.11870759913462,25.690348025288465,NEOPROTEROZOIC,MALANI IGNEOUS SUITE,,,,,,
78.20183159325,19.1408118185,LATE CRETACEOUS - PALAEOCENE,DECCAN TRAP,,,,,,
77.4070615402407,31.860948635909185,PROTEROZOIC,,,,,,,
78.65800972530303,31.88136284121212,TERTIARY,,,,,,,
78.79302386379729,31.300876562061813,NEOPROTEROZOIC,,,,,,,
78.71062980210647,31.463060029314835,ORDOVICIAN - SILURIAN,,,,,,,
77.26959322954926,31.096141943976203,NEOPROTEROZOIC,,,,,,,
77.1316477336147,31.056612507901765,NEOPROTEROZOIC,,,,,,,
77.04398906679246,26.669491360566038,PALAEOPROTEROZOIC,BHILWARA,,,,,,
75.30765981669877,24.95975933823993,MESOPROTEROZOIC - NEOPROTEOZOIC,VINDHYAN,,,,,,
80.28218021106355,24.21551527763248,NEOPROTEROZOIC,VINDHYAN,,,,,,
78.85558763588968,23.985546117651246,MESOPROTEROZOIC - NEOPROTEOZOIC,VINDHYAN,,,,,,
76.24367852530544,22.271152948088233,MESOPROTEROZOIC - NEOPROTEOZOIC,VINDHYAN,,,,,,
75.0653708669195,35.33010508428238,CRETACEOUS - TERTIARY,,,,,,,
75.83659779696296,34.37407261622223,NEOPROTEROZOIC,,,,,,,
77.38073183667774,30.710529214019935,NEOPROTEROZOIC,,,,,,,
77.5768724009072,30.634006455917525,NEOPROTEROZOIC,,,,,,,
72.7972606719697,27.110877245151514,NEOPROTEROZOIC - EARLY CAMBRIAN,MARWAR,,,,,,
73.49125546035714,26.98457350142857,NEOPROTEROZOIC - EARLY CAMBRIAN,MARWAR,,,,,,
73.78109118081315,26.90126350397059,NEOPROTEROZOIC - EARLY CAMBRIAN,MARWAR,,,,,,
77.22019923352237,26.56729071218065,NEOPROTEROZOIC,VINDHYAN,,,,,,
73.052213825,26.72374102772727,NEOPROTEROZOIC - EARLY CAMBRIAN,MARWAR,,,,,,
77.43426254909092,26.913780488181818,NEOPROTEROZOIC,VINDHYAN,,,,,,
73.735789255,26.751610418170728,NEOPROTEROZOIC - EARLY CAMBRIAN,MARWAR,,,,,,
73.59154665704546,26.626257532500002,NEOPROTEROZOIC - EARLY CAMBRIAN,MARWAR,,,,,,
72.5077127009836,26.45055331327869,NEOPROTEROZOIC - EARLY CAMBRIAN,MARWAR,,,,,,
73.71049930568182,26.047659477954543,NEOPROTEROZOIC - EARLY CAMBRIAN,MARWAR,,,,,,
77.70390537675,23.143648384,NEOPROTEROZOIC,VINDHYAN,,,,,,
74.16677379679487,36.76625831358974,PALAEOZOIC,,,,,,,
73.39457029130435,36.61186372956522,PALAEOZOIC,,,,,,,
74.84655269654762,36.48210449285715,PALAEOZOIC,,,,,,,
73.75042558420925,36.289159376715325,PALAEOZOIC,,,,,,,
75.6170204756129,35.85835909974194,PALAEOZOIC,,,,,,,
75.54588911495574,35.25979843654867,PALAEOZOIC,,,,,,,
75.5062918515625,34.9422177165625,PALAEOZOIC,,,,,,,
75.62637066330302,36.13454562521213,PALAEOZOIC,,,,,,,
79.13302013889654,31.289765356505747,ORDOVICIAN - DEVONIAN,,,,,,,
77.516705488375,30.655864104916667,CAMBRIAN,,,,,,,
75.09567330211864,36.57070539923728,CARBONIFEROUS- PERMIAN,,,,,,,
75.88685261214286,36.50833637452381,CARBONIFEROUS- PERMIAN,,,,,,,
76.7193398437415,35.91992105323129,CARBONIFEROUS- PERMIAN,,,,,,,
76.56074775133334,36.16921566177778,CARBONIFEROUS- PERMIAN,,,,,,,
76.2049779431624,36.08769690905983,CARBONIFEROUS- PERMIAN,,,,,,,
85.18556235610556,20.94638745701111,LATE CARBONIFEROUS - PERMIAN,GONDWANA,,,,,,
84.01990375311054,21.325833455861183,ARCHAEAN - PROTEROZOIC,EASTERN GHAT,,,,,,
79.18404052961853,20.044928926144415,LATE CARBONIFEROUS - PERMIAN,GONDWANA,,,,,,
79.40617563394595,19.62238694445946,LATE CARBONIFEROUS - PERMIAN,GONDWANA,,,,,,
80.85007362500001,17.692830034,LATE CARBONIFEROUS - PERMIAN,GONDWANA,,,,,,
80.48640786875,17.250258598839284,LATE CARBONIFEROUS - PERMIAN,GONDWANA,,,,,,
79.0029744370339,35.606718455042376,CARBONIFEROUS,,,,,,,
78.68543219715151,35.343939029151514,CARBONIFEROUS,,,,,,,
79.59072124119403,35.422261787014925,CARBONIFEROUS,,,,,,,
80.00509058148148,35.25877576123457,CARBONIFEROUS,,,,,,,
79.81358889038096,34.83429954247619,CARBONIFEROUS,,,,,,,
78.84922880200001,33.61749621109091,CARBONIFEROUS,,,,,,,
78.77997063588907,22.23360135507341,LATE  PERMIAN,GONDWANA,,,,,,
84.52721726244445,24.442096849777776,LATE CARBONIFEROUS - PERMIAN,GONDWANA,,,,,,
83.06746742787729,23.56965600802454,LATE CARBONIFEROUS - PERMIAN,GONDWANA,,,,,,
74.50561716543379,36.53115346917808,CARBONIFEROUS - TRIASSIC,,,,,,,
80.84559537353658,23.568437366097562,LATE CARBONIFEROUS - PERMIAN,GONDWANA,,,,,,
79.78882383326247,12.449264219731978,LATE CARBONIFEROUS - PERMIAN,GONDWANA,,,,,,
78.77644667182979,21.17937479160638,LATE PERMIAN - EARLY TRIASSIC,GONDWANA,,,,,,
79.95488269493507,20.55491492825603,LATE PERMIAN - EARLY TRIASSIC,GONDWANA,,,,,,
79.05944905510862,20.34727346401542,LATE PERMIAN - EARLY TRIASSIC,GONDWANA,,,,,,
79.04777616666667,20.09620661083333,LATE PERMIAN - EARLY TRIASSIC,GONDWANA,,,,,,
80.3656689452697,17.588705390705396,ARCHAEAN- PALAEOPROTEROZOIC,PENINSULAR GNEISSIC COMPLEX,,,,,,
79.2868752255214,20.00258110654351,LATE PERMIAN - EARLY TRIASSIC,GONDWANA,,,,,,
80.22900741548908,18.241647723857536,LATE PERMIAN - EARLY TRIASSIC,GONDWANA,,,,,,
78.53246672503356,35.22668229932886,MESOZOIC,,,,,,,
87.03342244659513,23.654923057662415,LATE CARBONIFEROUS - PERMIAN,GONDWANA,,,,,,
78.59162281702771,9.896402351914357,TRIASSIC - EARLY CRETACEOUS,GONDWANA,,,,,,
82.33618990294457,23.63793453749102,TRIASSIC -  EARLY JURASSIC,GONDWANA,,,,,,
81.10873714471478,17.083222053223857,TRIASSIC - EARLY CRETACEOUS,GONDWANA,,,,,,
79.88819706269142,15.175778691879351,TRIASSIC - EARLY CRETACEOUS,GONDWANA,,,,,,
79.89763968384182,13.444751053163841,TRIASSIC - EARLY CRETACEOUS,GONDWANA,,,,,,
80.1109268672029,13.184846641724636,TRIASSIC - EARLY CRETACEOUS,GONDWANA,,,,,,
79.71022688491489,13.12889432480851,TRIASSIC - EARLY CRETACEOUS,GONDWANA,,,,,,
79.8719686880734,12.940254588880734,TRIASSIC - EARLY CRETACEOUS,GONDWANA,,,,,,
79.62979155046511,12.749239532286822,TRIASSIC - EARLY CRETACEOUS,GONDWANA,,,,,,
85.65220682686274,20.298244580700278,JURASSIC- CRETACEOUS,GONDWANA,,,,,,
76.5663840425,36.05876000767857,JURASSIC,,,,,,,
78.77251069559809,34.899353301435404,JURASSIC,,,,,,,
79.09408763958763,31.421529008350515,TRIASSIC,,,,,,,
79.27438607181818,31.219458753636363,TRIASSIC,,,,,,,
78.95915532406251,35.33593871072917,CRETACEOUS,,,,,,,
75.7653065132143,35.127132613571426,CRETACEOUS,,,,,,,
79.71688472184616,35.08788790538461,CRETACEOUS,,,,,,,
79.91020573412699,34.842197671904756,CRETACEOUS,,,,,,,
79.34610435294573,11.658880808217056,LATE CRETACEOUS - PALAEOCENE,,,,,,,
79.03084806317284,11.080766584160495,LATE CRETACEOUS,,,,,,,
78.97743986037753,11.212559889254143,LATE CRETACEOUS,,,,,,,
78.91364490333333,11.124521115813954,LATE CRETACEOUS,,,,,,,
74.52300229465979,22.22375554339519,LATE CRETACEOUS,,,,,,,
79.09024004392766,20.286057837360406,LATE CRETACEOUS,,,,,,,
78.8811930419171,20.121743923834195,LATE CARBONIFEROUS - PERMIAN,GONDWANA,,,,,,
79.807673849009,12.032413591666668,LATE CRETACEOUS,,,,,,,
76.15409617058823,35.506020480588234,CRETACEOUS - EOCENE,,,,,,,
74.17322714848486,36.81286817757575,TERTIARY,,,,,,,
74.02847515715116,33.491844885174416,MESOPROTEROZOIC,,,,,,,
92.97788739969211,13.175392251934404,OLIGOCENE,,,,,,,
92.88226032796511,12.627684552674419,PALAEOCENE - EOCENE,,,,,,,
92.83838424915493,12.220256559859154,PALAEOCENE - EOCENE,,,,,,,
92.761360915,12.039290121363637,PALAEOCENE - EOCENE,,,,,,,
92.66248326818182,11.58002932818182,PALAEOCENE - EOCENE,,,,,,,
93.39380525742423,7.950167701060607,PALAEOCENE - EOCENE,,,,,,,
92.26546029407407,11.570538017407408,PALAEOCENE - EOCENE,,,,,,,
92.95747520538461,13.42552228923077,OLIGOCENE,,,,,,,
93.06102735555555,13.398488117777777,OLIGOCENE,,,,,,,
92.98029719181818,12.989629834090909,OLIGOCENE,,,,,,,
92.76946125389611,12.531547094545454,,,,,,,,
92.72811406533333,12.280510063333333,OLIGOCENE,,,,,,,
92.67030934380283,11.883607502758215,OLIGOCENE,,,,,,,
92.63631095916666,11.469222015,OLIGOCENE,,,,,,,
93.69024543866668,7.342329157555556,OLIGOCENE,,,,,,,
93.84176487475,7.0112731261666665,OLIGOCENE,,,,,,,
92.24971147999999,11.601840036666667,OLIGOCENE,,,,,,,
92.23553627454545,11.554325028181818,OLIGOCENE,,,,,,,
76.82079422983253,31.688436102822966,EOCENE - MIOCENE,,,,,,,
76.9151984939819,31.10190138766968,EOCENE - MIOCENE,,,,,,,
73.80242168255555,33.50785397888889,MIOCENE,,,,,,,
73.90242745029703,33.31538244673268,MIOCENE,,,,,,,
79.34539003841559,11.690005057636364,MIOCENE - PLIOCENE,,,,,,,
79.28354696529412,11.578785400294118,MIOCENE - PLIOCENE,,,,,,,
79.48203387091448,11.288117579275534,MIOCENE - PLIOCENE,,,,,,,
79.10682989270587,11.031816682352941,MIOCENE - PLIOCENE,,,,,,,
78.7603435144086,10.12750916001792,MIOCENE - PLIOCENE,,,,,,,
78.61658852693641,9.869045437630056,MIOCENE - PLIOCENE,,,,,,,
78.22368761377551,9.665741047653063,MIOCENE - PLIOCENE,,,,,,,
79.08859407941178,9.230861958823528,MIOCENE - PLIOCENE,,,,,,,
79.16579301352942,9.229555537647059,MIOCENE - PLIOCENE,,,,,,,
78.94821635764707,9.210343507647059,MIOCENE - PLIOCENE,,,,,,,
78.83198160470589,9.176824924705883,MIOCENE - PLIOCENE,,,,,,,
78.61799215076923,9.127905924615385,MIOCENE - PLIOCENE,,,,,,,
78.53109112733334,9.111716160666667,MIOCENE - PLIOCENE,,,,,,,
78.21840902933333,8.841834748,MIOCENE - PLIOCENE,,,,,,,
78.01816337317757,8.733982401028038,MIOCENE - PLIOCENE,,,,,,,
79.86636033369369,12.197147082972972,MIOCENE - PLIOCENE,,,,,,,
79.70554743140352,12.043218449122806,MIOCENE - PLIOCENE,,,,,,,
79.8234193291133,12.026970011970445,MIOCENE - PLIOCENE,,,,,,,
79.49611901818966,11.62310200862069,MIOCENE - PLIOCENE,,,,,,,
79.14862301428124,10.46996473296875,MIOCENE - PLIOCENE,,,,,,,
73.77514033522492,33.734596717266434,MIOCENE - PLIOCENE,,,,,,,
73.77145101052632,33.789475827894734,MIOCENE - PLIOCENE,,,,,,,
73.81541252247524,33.69590163643564,MIOCENE - PLIOCENE,,,,,,,
73.68631259689394,33.32805747181818,MIOCENE - PLIOCENE,,,,,,,
81.90656496696808,16.99396261600177,MIOCENE - PLIOCENE,,,,,,,
81.62845358388545,16.93725513772446,MIOCENE - PLIOCENE,,,,,,,
92.70526846166666,12.873056041666667,MIOCENE - PLIOCENE,,,,,,,
92.94659963699999,12.3904889885,MIOCENE - PLIOCENE,,,,,,,
92.8940522523077,12.40479497846154,MIOCENE - PLIOCENE,,,,,,,
92.94465108,12.257639428484849,MIOCENE - PLIOCENE,,,,,,,
93.09484050866668,12.177906979555557,MIOCENE - PLIOCENE,,,,,,,
93.01530786794117,12.038942535,MIOCENE - PLIOCENE,,,,,,,
92.772427423125,11.965716954375,MIOCENE - PLIOCENE,,,,,,,
75.06747829907279,12.439495788375217,CENOZOIC,,,,,,,
93.05797701851851,11.833102428518519,MIOCENE - PLIOCENE,,,,,,,
93.08541116857143,11.778097757142858,MIOCENE - PLIOCENE,,,,,,,
92.7896120090196,9.155351818039215,MIOCENE - PLIOCENE,,,,,,,
76.66115441247665,8.99232214546729,MIOCENE - PLIOCENE,,,,,,,
93.04441975470588,8.418175714705882,MIOCENE - PLIOCENE,,,,,,,
93.1292205325,8.246172564375,MIOCENE - PLIOCENE,,,,,,,
93.51012166714285,8.082834633714286,MIOCENE - PLIOCENE,,,,,,,
80.44010915551021,23.90780359462585,CENOZOIC,,,,,,,
81.4491680314586,16.870059182417872,MIOCENE - PLIOCENE,,,,,,,
80.92326980930521,16.675243558560794,MIOCENE - PLIOCENE,,,,,,,
79.9340849936878,14.318482622858536,MIOCENE - PLIOCENE,,,,,,,
76.416432505,9.900113947,MIOCENE - PLIOCENE,,,,,,,
73.88191501970297,33.598768497425745,PLIOCENE - PLEISTOCENE,,,,,,,
73.67899075931034,33.389985489655174,PLIOCENE - PLEISTOCENE,,,,,,,
73.62826304878048,33.277539757804874,PLIOCENE - PLEISTOCENE,,,,,,,
74.70300982357955,32.800466881292614,PLIOCENE - PLEISTOCENE,,,,,,,
76.13104203490445,31.485999576305733,PLIOCENE - PLEISTOCENE,,,,,,,
77.11055109604027,30.646430084261745,PLIOCENE - PLEISTOCENE,,,,,,,
82.98709294037036,19.61797262185185,CENOZOIC,,,,,,,
83.13816837888169,19.50478760184765,CENOZOIC,,,,,,,
73.73328565685564,16.407386041507888,CENOZOIC,,,,,,,
74.97447256678815,13.090572415512527,CENOZOIC,,,,,,,
77.32001690740506,9.823234930063292,QUATERNARY,,,,,,,
81.34246541391892,22.60117055777027,CENOZOIC,,,,,,,
86.74234845960203,22.38488471272793,TERTIARY,,,,,,,
79.52745863438227,21.962491083191583,CENOZOIC,,,,,,,
74.96031235930806,14.504515787810083,CENOZOIC,,,,,,,
79.99413322919926,14.062532804785848,MIOCENE - PLIOCENE,,,,,,,
74.69999522782228,13.80098155096868,CENOZOIC,,,,,,,
79.95531442586066,13.473055411229508,CENOZOIC,,,,,,,
79.83997308454936,13.266873164635195,CENOZOIC,,,,,,,
79.54634985011765,35.39450754080392,QUATERNARY,,,,,,,
76.16476418666667,35.063878743888885,QUATERNARY,,,,,,,
75.48758617910447,35.021631472537315,QUATERNARY,,,,,,,
79.37605365913043,34.823316185072464,QUATERNARY,,,,,,,
78.09379038034483,34.926319852068964,QUATERNARY,,,,,,,
75.2219702379365,34.7255558468254,QUATERNARY,,,,,,,
73.74599521114035,33.960263884999996,QUATERNARY,,,,,,,
73.61271842722222,33.799852053888884,QUATERNARY,,,,,,,
73.665223935,33.28095485566667,QUATERNARY,,,,,,,
73.72590364913793,33.135970003793105,QUATERNARY,,,,,,,
83.57961316799553,19.785235552533532,ARCHAEAN - PROTEROZOIC,EASTERN GHAT,,,,,,
75.70209671575492,11.474513847234682,QUATERNARY,,,,,,,
76.82309505555195,10.96919592849026,QUATERNARY,,,,,,,
77.17801488439815,10.729043621805555,QUATERNARY,,,,,,,
77.21141267155173,10.605992475603449,QUATERNARY,,,,,,,
77.36291281777778,10.680339666666667,QUATERNARY,,,,,,,
79.32906467333333,9.275488924444444,QUATERNARY,,,,,,,
74.50991957637838,35.70897705464865,QUATERNARY,,,,,,,
83.6089000947523,24.329256246658268,QUATERNARY,,,,,,,
69.19635245651702,23.450252353003098,EARLY CRETACEOUS,,,,,,,
77.06898569497811,20.977739642522867,QUATERNARY,,,,,,,
70.52364302641026,21.531186696666666,LATE CRETACEOUS - PALAEOCENE,DECCAN TRAP,,,,,,
79.78391718459223,20.726830372496863,QUATERNARY,,,,,,,
79.10514625222596,20.031268823293985,QUATERNARY,,,,,,,
83.98843095905121,18.60158121472292,QUATERNARY,,,,,,,
70.30365423562554,22.174170496710413,LATE CRETACEOUS - PALAEOCENE,DECCAN TRAP,,,,,,
79.86546984554016,12.222772552603878,QUATERNARY,,,,,,,
78.76921118565849,10.665455636397294,QUATERNARY,,,,,,,
92.72417483535715,11.551369914999999,JURASSIC- CRETACEOUS,,,,,,,
92.6521504169697,11.398705252121212,JURASSIC- CRETACEOUS,,,,,,,
92.70171033518518,11.258107421481482,JURASSIC- CRETACEOUS,,,,,,,
92.680489424,11.173882597333334,JURASSIC- CRETACEOUS,,,,,,,
92.73781886733333,11.136373081333334,JURASSIC- CRETACEOUS,,,,,,,
92.4863135531579,10.658054225052632,MIOCENE - PLIOCENE,,,,,,,
93.6514152704,8.4925895004,JURASSIC- CRETACEOUS,,,,,,,
93.22917208857143,8.227748205,JURASSIC- CRETACEOUS,,,,,,,
93.41519098230768,7.959588593846154,JURASSIC- CRETACEOUS,,,,,,,
80.96768970760064,21.537824454927534,PALAEOPROTEROZOIC,,,,,,,
81.28662283263158,22.305182527894736,PALAEOPROTEROZOIC,,,,,,,
86.32172203,21.87532798402194,PALAEOPROTEROZOIC,,,,,,,
73.68541668421052,33.095076779473686,,,,,,,,
73.1120074384091,25.61643328272727,NEOPROTEROZOIC,MALANI IGNEOUS SUITE,,,,,,
74.92840869879048,33.968468753730996,QUATERNARY,,,,,,,
73.80470700097561,36.18533231390244,MESOZOIC,,,,,,,
74.23079435831683,36.06346409782178,MESOZOIC,,,,,,,
74.31766765285715,35.995633463428575,MESOZOIC,,,,,,,
74.48210254543478,35.52980630304348,MESOZOIC,,,,,,,
74.71049715534483,35.877467930172415,MESOZOIC,,,,,,,
74.91331703574258,35.214761933267326,MESOZOIC,,,,,,,
74.32218496333334,35.32180826019608,MESOZOIC,,,,,,,
81.5874227497173,17.01313309992933,LATE CRETACEOUS - PALAEOCENE,DECCAN TRAP,,,,,,
77.15433823913042,25.00733775630435,LATE CRETACEOUS - PALAEOCENE,DECCAN TRAP,,,,,,
72.87697278515151,19.156370764141414,QUATERNARY,,,,,,,
72.93018925666667,18.97327802,LATE CRETACEOUS - PALAEOCENE,DECCAN TRAP,,,,,,
93.82476688785714,12.295242372857142,CENOZOIC,,,,,,,
76.20048670226414,11.868866940566036,NEOPROTEROZOIC,,,,,,,
76.09547716171429,11.850794764857143,NEOPROTEROZOIC,,,,,,,
78.16934158304348,10.578793629202899,NEOPROTEROZOIC,,,,,,,
87.06711675785714,23.520331488775508,PROTEROZOIC,,,,,,,
86.16606163756579,21.99404369493421,PROTEROZOIC,,,,,,,
83.53402163795405,20.770105815606605,PROTEROZOIC,,,,,,,
80.44873194281651,17.4487210328734,ARCHAEAN,,,,,,,
79.78658585850535,15.608580537010678,MESOPROTEROZOIC,,,,,,,
79.57751286850001,15.260732641499999,MESOPROTEROZOIC,,,,,,,
78.01591359209677,12.314781524193549,PROTEROZOIC,,,,,,,
78.05486939533333,12.2708779365,PALAEOPROTEROZOIC,,,,,,,
74.95887788131313,26.68488110121212,ARCHAEAN,BHILWARA,,,,,,
75.38684576842105,36.731852757894735,TERTIARY,,,,,,,
73.47536693256055,36.48704927965398,TERTIARY,,,,,,,
75.4132742838889,36.65992400777778,TERTIARY,,,,,,,
74.33721629230769,36.53981094269231,TERTIARY,,,,,,,
74.39023972615385,36.41496914846154,TERTIARY,,,,,,,
74.9198972474074,36.375553072407406,TERTIARY,,,,,,,
73.23639935529411,36.30407115,TERTIARY,,,,,,,
73.4127819536842,36.32856737894737,TERTIARY,,,,,,,
72.8472291595238,36.20371702238096,TERTIARY,,,,,,,
73.5429694572159,36.04897661545454,TERTIARY,,,,,,,
75.46045625929577,36.12766966985915,TERTIARY,,,,,,,
74.29431086454545,36.0101914825,TERTIARY,,,,,,,
75.63374575775,35.89784562175,TERTIARY,,,,,,,
75.96731973555555,35.849214255050505,TERTIARY,,,,,,,
78.7770590943662,35.728478914929575,TERTIARY,,,,,,,
75.66358584693548,35.55205919870968,TERTIARY,,,,,,,
76.20065822214285,35.702046103214286,TERTIARY,,,,,,,
75.71877284040816,35.653067335918365,TERTIARY,,,,,,,
76.49616926807693,35.704073452692306,TERTIARY,,,,,,,
76.32503679916667,35.6975345575,TERTIARY,,,,,,,
76.23513588666667,35.59743145244445,TERTIARY,,,,,,,
75.31530289787234,35.54304272978724,TERTIARY,,,,,,,
76.81218844142857,35.45361387928572,TERTIARY,,,,,,,
77.24499031882353,35.43802679352942,TERTIARY,,,,,,,
77.17011460409091,35.36960380136364,TERTIARY,,,,,,,
76.8341087771875,35.25708537625,TERTIARY,,,,,,,
77.0162145644,35.3512429296,TERTIARY,,,,,,,
74.33498686475,34.94359997775,TERTIARY,,,,,,,
73.63743161608696,34.54911500739131,TERTIARY,,,,,,,
73.75763158055555,34.741266169444444,TERTIARY,,,,,,,
74.9111594011579,14.439880152973686,ARCHAEAN,PENINSULAR GNEISSIC COMPLEX,,,,,,
74.01321949401961,24.628102267310922,ARCHAEAN,,,,,,,
74.49971966809409,24.66111187558504,ARCHAEAN,,,,,,,
74.0041143390909,24.25347928378788,ARCHAEAN,,,,,,,
74.66469536563218,24.18505497408046,ARCHAEAN,,,,,,,
86.05944915032724,21.794851344935648,ARCHAEAN,,,,,,,
74.60953488508488,14.492799484421989,ARCHAEAN,,,,,,,
78.06241856516854,13.146216249606741,ARCHAEAN- PALAEOPROTEROZOIC,,,,,,,
77.58907639038462,12.99931684076923,ARCHAEAN- PALAEOPROTEROZOIC,,,,,,,
77.39314691363637,11.359939326818182,NEOPROTEROZOIC,,,,,,,
76.64526614407691,10.997916876153846,NEOPROTEROZOIC,,,,,,,
78.73142508483649,10.407543370791739,NEOPROTEROZOIC,,,,,,,
78.64722373475729,10.384104364660194,NEOPROTEROZOIC,,,,,,,
78.80677386960001,10.284679464400002,NEOPROTEROZOIC,,,,,,,
77.45671007066667,31.67281661952381,PALAEOPROTEROZOIC,,,,,,,
77.4795849444758,30.87910457701613,PROTEROZOIC,,,,,,,
80.3017610144747,21.24549784028794,PALAEOPROTEROZOIC,,,,,,,
79.70338159988373,16.15459983593023,MESOPROTEROZOIC,,,,,,,
79.65467814625922,15.679803720073762,MESOPROTEROZOIC,,,,,,,
79.32422553268293,15.146853698658536,MESOPROTEROZOIC,,,,,,,
77.54554953130435,11.384470769130434,NEOPROTEROZOIC,,,,,,,
79.99813010768422,29.382444460973684,PALAEOZOIC,,,,,,,
77.31234771964428,11.338539062332016,NEOPROTEROZOIC,,,,,,,
77.19316697576271,11.328073400677967,NEOPROTEROZOIC,,,,,,,
76.04847300363427,15.792456120150815,ARCHAEAN- PALAEOPROTEROZOIC,,,,,,,
76.17659759645161,13.33843375532258,ARCHAEAN,,,,,,,
76.11360137666667,11.95611878800926,NEOPROTEROZOIC,,,,,,,
80.00269015164383,23.21525876328767,PALAEOPROTEROZOIC,,,,,,,
79.89556337500001,23.140361914642856,PALAEOPROTEROZOIC,,,,,,,
76.9331030515625,22.535857073359374,PALAEOPROTEROZOIC,,,,,,,
76.80922752091939,22.255723268992444,PALAEOPROTEROZOIC,,,,,,,
86.52891903272727,22.035662987922077,PALAEOPROTEROZOIC,,,,,,,
80.73150231365219,21.92432488879891,PALAEOPROTEROZOIC,,,,,,,
81.9754798599356,19.835294551712412,PALAEOPROTEROZOIC,,,,,,,
80.69766448991324,21.12768398043384,PALAEOPROTEROZOIC,,,,,,,
80.17033154728374,20.877533327006923,PALAEOPROTEROZOIC,,,,,,,
80.43729252200377,20.07193789727126,PALAEOPROTEROZOIC,,,,,,,
80.14898044576658,19.600387496270024,PALAEOPROTEROZOIC,,,,,,,
76.78149930989201,16.400112229627098,ARCHAEAN- PALAEOPROTEROZOIC,,,,,,,
76.86548164558558,15.294184601531532,ARCHAEAN- PALAEOPROTEROZOIC,,,,,,,
77.16486681040442,13.78038241301934,ARCHAEAN- PALAEOPROTEROZOIC,,,,,,,
76.2898240782857,13.379452363142859,ARCHAEAN,,,,,,,
74.42332057914285,26.696343871714287,NEOPROTEROZOIC,,,,,,,
79.52385131630137,35.824392331643836,NEOPROTEROZOIC,,,,,,,
80.19206155333333,35.51743679625,NEOPROTEROZOIC,,,,,,,
84.73089753339286,21.858217026428573,PALAEOPROTEROZOIC,,,,,,,
74.03541085939642,22.36730618904859,NEOPROTEROZOIC,,,,,,,
83.92653357440783,22.136372544781835,NEOPROTEROZOIC,,,,,,,
85.33340895428901,23.60203797836554,PROTEROZOIC,,,,,,,
77.12426264891735,31.481856164225846,PALAEOZOIC,,,,,,,
73.20555297363971,36.17182874158088,MESOZOIC,,,,,,,
75.40894161571428,36.91656755928572,MESOZOIC - TERTIARY,,,,,,,
74.84922492497562,36.89227371741463,MESOZOIC - TERTIARY,,,,,,,
74.34336549416666,36.943364343333336,MESOZOIC - TERTIARY,,,,,,,
73.80412180173913,36.866376260434784,MESOZOIC - TERTIARY,,,,,,,
75.01592713422222,36.892055026,MESOZOIC - TERTIARY,,,,,,,
74.781435304375,36.884676895625,MESOZOIC - TERTIARY,,,,,,,
74.60141553692307,36.89935448615385,MESOZOIC - TERTIARY,,,,,,,
75.97069916134616,36.335374830673075,MESOZOIC - TERTIARY,,,,,,,
76.50521794448936,35.50864528117022,CRETACEOUS - TERTIARY,,,,,,,
73.56294296319727,36.65045622687075,,,,,,,,
76.20829357133333,36.36489462633333,,,,,,,,
92.54076885428572,11.388663470714286,,,,,,,,
93.65743209384615,8.37319500153846,,,,,,,,
73.6217523248663,35.69506616224599,,,,,,,,
88.67656674707071,28.085278087777777,,,,,,,,
88.56716234058823,27.635509114705883,,,,,,,,
88.33856800292,27.0756481106,,,,,,,,
88.577117102,27.628217883999998,,,,,,,,
88.57845595428572,27.627016134285714,,,,,,,,
88.581187675,27.624770615000003,,,,,,,,
74.86887194045826,33.274199056703765,EOCENE - MIOCENE,,,,,,,
76.6442659499278,32.366849360216605,NEOPROTEROZOIC,,,,,,,
78.97532179728563,22.921866887515616,QUATERNARY,,,,,,,
79.5250771076456,21.903670414700084,ARCHAEAN,,,,,,,
78.18202339377284,22.40855259643368,LATE CARBONIFEROUS - PERMIAN,GONDWANA,,,,,,
81.45381272508303,19.227591478708504,ARCHAEAN,,,,,,,
82.94006587546562,19.352988500740373,ARCHAEAN - PROTEROZOIC,EASTERN GHAT,,,,,,
83.98918582765045,20.100436419353617,ARCHAEAN - PROTEROZOIC,EASTERN GHAT,,,,,,
77.8199615675,10.212983405000001,ARCHAEAN - PROTEROZOIC,SOUTHERN GRANULITE TERRAIN,,,,,,
77.10101849436508,10.117492550555555,NEOPROTEROZOIC,,,,,,,
77.91633236676924,9.916831973230769,ARCHAEAN - PROTEROZOIC,SOUTHERN GRANULITE TERRAIN,,,,,,
77.91904409388461,10.489665030028332,ARCHAEAN - PROTEROZOIC,SOUTHERN GRANULITE TERRAIN,,,,,,
77.53687739660377,9.789583836415094,QUATERNARY,,,,,,,
77.6431759425,9.913209585,ARCHAEAN - PROTEROZOIC,SOUTHERN GRANULITE TERRAIN,,,,,,
77.63291531882273,10.077179801490908,ARCHAEAN - PROTEROZOIC,SOUTHERN GRANULITE TERRAIN,,,,,,
77.33332023003764,9.663704638720201,ARCHAEAN - PROTEROZOIC,SOUTHERN GRANULITE TERRAIN,,,,,,
77.43992845825397,9.844212584285716,QUATERNARY,,,,,,,
77.36636670298246,9.75421646754386,ARCHAEAN - PROTEROZOIC,SOUTHERN GRANULITE TERRAIN,,,,,,
77.5882309425,9.76833695,ARCHAEAN - PROTEROZOIC,SOUTHERN GRANULITE TERRAIN,,,,,,
75.692204214,11.904838844,NEOPROTEROZOIC,,,,,,,
76.051065213,11.949005661666666,ARCHAEAN,,,,,,,
76.05266444185185,11.863643084814814,NEOPROTEROZOIC,,,,,,,
76.166674965,11.8797425175,NEOPROTEROZOIC,,,,,,,
78.14596473374999,10.55210547,NEOPROTEROZOIC,,,,,,,
77.1565757315,11.102031575833333,NEOPROTEROZOIC,,,,,,,
78.29757165793478,10.510389356521738,ARCHAEAN - PROTEROZOIC,SOUTHERN GRANULITE TERRAIN,,,,,,
76.84523492782051,10.887822287948719,ARCHAEAN - PROTEROZOIC,SOUTHERN GRANULITE TERRAIN,,,,,,
77.06130805,11.29297313027027,NEOPROTEROZOIC,,,,,,,
77.0381658880851,11.25221906425532,NEOPROTEROZOIC,,,,,,,
77.03093935,11.355782356,ARCHAEAN - PROTEROZOIC,SOUTHERN GRANULITE TERRAIN,,,,,,
78.46518024978722,11.757034583829789,ARCHAEAN - PROTEROZOIC,SOUTHERN GRANULITE TERRAIN,,,,,,
78.70295540022727,12.14075898280303,PROTEROZOIC,,,,,,,
77.325127105625,8.9499511025,ARCHAEAN - PROTEROZOIC,SOUTHERN GRANULITE TERRAIN,,,,,,
78.50461032934783,9.852974080434782,MIOCENE - PLIOCENE,,,,,,,
78.24012121761905,10.367004983809524,ARCHAEAN - PROTEROZOIC,SOUTHERN GRANULITE TERRAIN,,,,,,
78.25084806000001,10.41068399605042,ARCHAEAN - PROTEROZOIC,SOUTHERN GRANULITE TERRAIN,,,,,,
78.396343795,10.450179137500001,ARCHAEAN - PROTEROZOIC,SOUTHERN GRANULITE TERRAIN,,,,,,
78.406962295,10.4714275975,ARCHAEAN - PROTEROZOIC,SOUTHERN GRANULITE TERRAIN,,,,,,
78.40843749,10.4702310675,ARCHAEAN - PROTEROZOIC,SOUTHERN GRANULITE TERRAIN,,,,,,
78.4105580225,10.463210625,ARCHAEAN - PROTEROZOIC,SOUTHERN GRANULITE TERRAIN,,,,,,
78.391701625,10.4463386325,ARCHAEAN - PROTEROZOIC,SOUTHERN GRANULITE TERRAIN,,,,,,
78.40908513,10.46054928,ARCHAEAN - PROTEROZOIC,SOUTHERN GRANULITE TERRAIN,,,,,,
78.14036827344262,10.249339206229509,NEOPROTEROZOIC,,,,,,,
78.15028390107913,10.40216772618705,ARCHAEAN - PROTEROZOIC,SOUTHERN GRANULITE TERRAIN,,,,,,
78.06227284277777,10.232643722222223,NEOPROTEROZOIC,,,,,,,
78.2560905775,10.4619143825,ARCHAEAN - PROTEROZOIC,SOUTHERN GRANULITE TERRAIN,,,,,,
78.17852217214285,10.454222626428573,ARCHAEAN - PROTEROZOIC,SOUTHERN GRANULITE TERRAIN,,,,,,
77.11095009480769,8.7964709775,ARCHAEAN - PROTEROZOIC,SOUTHERN GRANULITE TERRAIN,,,,,,
77.20633192481482,8.899273864814814,ARCHAEAN - PROTEROZOIC,SOUTHERN GRANULITE TERRAIN,,,,,,
76.86825287276595,8.897422626595745,ARCHAEAN - PROTEROZOIC,SOUTHERN GRANULITE TERRAIN,,,,,,
77.12935502320512,8.326955294615384,MIOCENE - PLIOCENE,,,,,,,
76.98957373833333,8.420299466666666,MIOCENE - PLIOCENE,,,,,,,
77.22418511741935,8.790550611935483,ARCHAEAN - PROTEROZOIC,SOUTHERN GRANULITE TERRAIN,,,,,,
76.64540701215385,9.32272226123077,NEOPROTEROZOIC,,,,,,,
76.73434430931034,9.260532924482758,ARCHAEAN - PROTEROZOIC,SOUTHERN GRANULITE TERRAIN,,,,,,
77.20065228065218,11.323233306304347,NEOPROTEROZOIC,,,,,,,
77.18895043,11.300865001875,NEOPROTEROZOIC,,,,,,,
76.98587014272726,11.200955075757577,NEOPROTEROZOIC,,,,,,,
77.1255643584058,11.437229403478261,ARCHAEAN - PROTEROZOIC,SOUTHERN GRANULITE TERRAIN,,,,,,
77.18138007888888,11.421659084,ARCHAEAN,,,,,,,
77.31304769666667,11.430558885972223,ARCHAEAN,,,,,,,
77.18216411575757,11.366914011818182,ARCHAEAN,,,,,,,
79.1083457,11.411246735,QUATERNARY,,,,,,,
79.02536143555555,11.019567881555556,ARCHAEAN - PROTEROZOIC,SOUTHERN GRANULITE TERRAIN,,,,,,
78.12143059781859,12.463926894686825,ARCHAEAN - PROTEROZOIC,SOUTHERN GRANULITE TERRAIN,,,,,,
78.01517777702703,12.527939478378379,PROTEROZOIC,,,,,,,
78.03652165683673,12.081614922312927,ARCHAEAN - PROTEROZOIC,SOUTHERN GRANULITE TERRAIN,,,,,,
78.28034833724138,12.26288515862069,ARCHAEAN - PROTEROZOIC,SOUTHERN GRANULITE TERRAIN,,,,,,
78.45775043488372,12.317749394883721,NEOPROTEROZOIC,,,,,,,
78.52629971714285,12.352188331999999,NEOPROTEROZOIC,,,,,,,
78.64451020954544,12.55836265181818,NEOPROTEROZOIC,,,,,,,
78.54942745793105,12.531475523448275,ARCHAEAN - PROTEROZOIC,SOUTHERN GRANULITE TERRAIN,,,,,,
78.4057236375,12.55343868,PROTEROZOIC,,,,,,,
79.4899577225946,12.631216721783783,PROTEROZOIC,,,,,,,
79.69651298028863,13.120789637962648,PROTEROZOIC,,,,,,,
79.79446619592592,13.223139914814816,MIOCENE - PLIOCENE,,,,,,,
77.7204766452,8.8430152304,ARCHAEAN - PROTEROZOIC,SOUTHERN GRANULITE TERRAIN,,,,,,
78.43258650285715,10.018422750571428,ARCHAEAN - PROTEROZOIC,SOUTHERN GRANULITE TERRAIN,,,,,,
76.23826951021276,10.944407520638299,ARCHAEAN - PROTEROZOIC,SOUTHERN GRANULITE TERRAIN,,,,,,
76.47533576148147,10.861407332777777,ARCHAEAN - PROTEROZOIC,SOUTHERN GRANULITE TERRAIN,,,,,,
76.65950522392858,10.863386533571429,ARCHAEAN - PROTEROZOIC,SOUTHERN GRANULITE TERRAIN,,,,,,
76.53421898372093,11.053166772558141,ARCHAEAN,PENINSULAR GNEISSIC COMPLEX,,,,,,
76.27739479358975,10.86734490025641,ARCHAEAN - PROTEROZOIC,SOUTHERN GRANULITE TERRAIN,,,,,,
76.32049190508772,10.803825093157895,ARCHAEAN - PROTEROZOIC,SOUTHERN GRANULITE TERRAIN,,,,,,
76.35478940392856,10.843681097857143,ARCHAEAN - PROTEROZOIC,SOUTHERN GRANULITE TERRAIN,,,,,,
76.36786108999999,10.8100986925,ARCHAEAN - PROTEROZOIC,SOUTHERN GRANULITE TERRAIN,,,,,,
76.718600815,10.128001535,ARCHAEAN - PROTEROZOIC,SOUTHERN GRANULITE TERRAIN,,,,,,
76.8243634582353,12.105296557058823,ARCHAEAN,,,,,,,
77.24565825411764,9.93097268764706,NEOPROTEROZOIC,,,,,,,
78.19328718738095,10.103504486190477,ARCHAEAN - PROTEROZOIC,SOUTHERN GRANULITE TERRAIN,,,,,,
78.786046414375,10.600203525625,NEOPROTEROZOIC,,,,,,,
78.84808471176471,10.475461462941176,NEOPROTEROZOIC,,,,,,,
76.69286135133333,9.603360296142856,ARCHAEAN - PROTEROZOIC,SOUTHERN GRANULITE TERRAIN,,,,,,
76.24980399279667,10.228800189667423,ARCHAEAN - PROTEROZOIC,SOUTHERN GRANULITE TERRAIN,,,,,,
76.60406638695652,9.96337529695652,ARCHAEAN - PROTEROZOIC,SOUTHERN GRANULITE TERRAIN,,,,,,
76.0234694727451,12.319370639411764,ARCHAEAN - PROTEROZOIC,SOUTHERN GRANULITE TERRAIN,,,,,,
75.80976458216216,12.375919044729729,ARCHAEAN,,,,,,,
76.11577248421052,11.60804796631579,NEOPROTEROZOIC,,,,,,,
76.22545499909091,11.623774333787878,NEOPROTEROZOIC,,,,,,,
77.908122212,11.4322168685,ARCHAEAN,,,,,,,
77.95714493323077,11.256698061076923,ARCHAEAN,,,,,,,
78.87733926859374,11.10016850203125,TRIASSIC - EARLY CRETACEOUS,GONDWANA,,,,,,
77.90210439333333,11.350764162380951,NEOPROTEROZOIC,,,,,,,
78.069393145,11.61930279142857,ARCHAEAN - PROTEROZOIC,SOUTHERN GRANULITE TERRAIN,,,,,,
79.16407798597598,11.830356712822823,ARCHAEAN,,,,,,,
76.25458058560976,10.466080350731707,ARCHAEAN - PROTEROZOIC,SOUTHERN GRANULITE TERRAIN,,,,,,
76.55820535347826,10.056703897391305,ARCHAEAN - PROTEROZOIC,SOUTHERN GRANULITE TERRAIN,,,,,,
76.53113794197368,9.450600231710526,MIOCENE - PLIOCENE,,,,,,,
76.56678073018018,9.462607656396397,NEOPROTEROZOIC,,,,,,,
77.93924230181818,9.345133008863636,ARCHAEAN - PROTEROZOIC,SOUTHERN GRANULITE TERRAIN,,,,,,
77.6776258612812,12.073467141009603,ARCHAEAN - PROTEROZOIC,SOUTHERN GRANULITE TERRAIN,,,,,,
77.30555780882352,11.09119079852941,ARCHAEAN - PROTEROZOIC,SOUTHERN GRANULITE TERRAIN,,,,,,
76.85002222452381,8.901042608809524,ARCHAEAN - PROTEROZOIC,SOUTHERN GRANULITE TERRAIN,,,,,,
76.81448606236842,8.794354922105263,ARCHAEAN - PROTEROZOIC,SOUTHERN GRANULITE TERRAIN,,,,,,
76.82821609166668,8.781779225,ARCHAEAN - PROTEROZOIC,SOUTHERN GRANULITE TERRAIN,,,,,,
76.78837304733334,8.767569789333333,ARCHAEAN - PROTEROZOIC,SOUTHERN GRANULITE TERRAIN,,,,,,
77.42560648724138,12.127995292068967,ARCHAEAN,PENINSULAR GNEISSIC COMPLEX,,,,,,
76.04232872064516,13.129444291612904,ARCHAEAN,DHARWAR,,,,,,
75.96721485666666,11.897997877777778,ARCHAEAN,PENINSULAR GNEISSIC COMPLEX,,,,,,
75.99218251878048,11.809628380243902,ARCHAEAN,,,,,,,
76.98628934464286,8.523615275714286,ARCHAEAN - PROTEROZOIC,SOUTHERN GRANULITE TERRAIN,,,,,,
77.91754544575757,9.403301875151515,CENOZOIC,,,,,,,
76.8355219,13.24090374,ARCHAEAN,DHARWAR,,,,,,
76.27318824678571,12.797367884285714,ARCHAEAN,,,,,,,
76.23975765538461,12.934340337948719,ARCHAEAN,DHARWAR,,,,,,
76.19048105265306,12.92801041244898,ARCHAEAN,DHARWAR,,,,,,
76.07619906948719,12.927342245897435,ARCHAEAN,,,,,,,
76.5144668968,12.223984102266666,ARCHAEAN,,,,,,,
76.80503465181818,12.453273945113637,ARCHAEAN,DHARWAR,,,,,,
77.2300425209756,12.384081453170731,ARCHAEAN - PROTEROZOIC,SOUTHERN GRANULITE TERRAIN,,,,,,
77.18535063086956,12.392497222173914,ARCHAEAN - PROTEROZOIC,SOUTHERN GRANULITE TERRAIN,,,,,,
77.36037916675676,12.379879597027028,ARCHAEAN - PROTEROZOIC,SOUTHERN GRANULITE TERRAIN,,,,,,
77.03734611052631,12.973803034210526,ARCHAEAN,,,,,,,
78.24469355491804,13.251458984590164,ARCHAEAN,DHARWAR,,,,,,
77.82977242227273,11.702855461818181,ARCHAEAN,,,,,,,
77.96525025771429,12.021977253428572,ARCHAEAN,,,,,,,
74.87293619149317,13.839795368485804,ARCHAEAN,DHARWAR,,,,,,
76.63509941699999,11.442263714666666,CENOZOIC,,,,,,,
77.51761208816326,8.990819957959184,CENOZOIC,,,,,,,
77.65361700787878,9.097390768484848,CENOZOIC,,,,,,,
76.3099155246875,11.5276631396875,ARCHAEAN,,,,,,,
76.30827004255814,11.598275748372092,ARCHAEAN,,,,,,,
76.2649013328,11.6041332684,NEOPROTEROZOIC,,,,,,,
77.50103566,11.3885360825,ARCHAEAN,,,,,,,
77.20193315648649,11.561883435675675,ARCHAEAN,PENINSULAR GNEISSIC COMPLEX,,,,,,
77.27442364222222,12.057349998888888,ARCHAEAN,PENINSULAR GNEISSIC COMPLEX,,,,,,
77.88803223972972,13.421413707567567,CENOZOIC,,,,,,,
77.90029851568345,13.336585267122302,CENOZOIC,,,,,,,
77.93770846060606,13.412102974545455,CENOZOIC,,,,,,,
78.05872100409091,11.80050690909091,PROTEROZOIC,,,,,,,
78.2843879754,11.5895329662,ARCHAEAN - PROTEROZOIC,SOUTHERN GRANULITE TERRAIN,,,,,,
77.70857406387755,10.531846196734692,ARCHAEAN - PROTEROZOIC,SOUTHERN GRANULITE TERRAIN,,,,,,
77.64117351043478,12.922106299565218,ARCHAEAN,PENINSULAR GNEISSIC COMPLEX,,,,,,
79.77753814098592,13.264697833708919,TRIASSIC - EARLY CRETACEOUS,GONDWANA,,,,,,
79.88408613886364,13.227030123181818,TRIASSIC - EARLY CRETACEOUS,GONDWANA,,,,,,
79.84121493425,13.2241334975,MIOCENE - PLIOCENE,,,,,,,
77.72357173,10.626653299591837,ARCHAEAN - PROTEROZOIC,SOUTHERN GRANULITE TERRAIN,,,,,,
77.734903175,10.6387403725,ARCHAEAN - PROTEROZOIC,SOUTHERN GRANULITE TERRAIN,,,,,,
79.96085062795032,12.290717112111802,MIOCENE - PLIOCENE,,,,,,,
79.39640561458333,11.72691279875,LATE CRETACEOUS - PALAEOCENE,,,,,,,
79.40663242388888,11.787462751388889,LATE CRETACEOUS - PALAEOCENE,,,,,,,
78.96453369543859,12.118718933157895,ARCHAEAN - PROTEROZOIC,SOUTHERN GRANULITE TERRAIN,,,,,,
76.82090367660714,10.437807026785714,ARCHAEAN - PROTEROZOIC,SOUTHERN GRANULITE TERRAIN,,,,,,
77.01376247714286,10.688151416190475,ARCHAEAN - PROTEROZOIC,SOUTHERN GRANULITE TERRAIN,,,,,,
78.5003933427511,11.612259289563319,ARCHAEAN - PROTEROZOIC,SOUTHERN GRANULITE TERRAIN,,,,,,
78.49576413529411,11.593835757352942,ARCHAEAN - PROTEROZOIC,SOUTHERN GRANULITE TERRAIN,,,,,,
77.65441035742856,11.728851356571427,NEOPROTEROZOIC,,,,,,,
77.67905544666667,11.72121598030303,ARCHAEAN,,,,,,,
77.69031038621621,11.569553114864865,NEOPROTEROZOIC,,,,,,,
77.86610747705882,11.319141682941178,NEOPROTEROZOIC,,,,,,,
77.93562017018182,11.401200062181818,ARCHAEAN - PROTEROZOIC,SOUTHERN GRANULITE TERRAIN,,,,,,
78.2935014125,11.6908085,ARCHAEAN - PROTEROZOIC,SOUTHERN GRANULITE TERRAIN,,,,,,
78.402147055,11.7140491225,ARCHAEAN - PROTEROZOIC,SOUTHERN GRANULITE TERRAIN,,,,,,
78.402089865,11.713963782499999,ARCHAEAN - PROTEROZOIC,SOUTHERN GRANULITE TERRAIN,,,,,,
78.43395353333332,11.664058971666666,ARCHAEAN - PROTEROZOIC,SOUTHERN GRANULITE TERRAIN,,,,,,
78.41763240388889,11.560137292222223,ARCHAEAN,,,,,,,
78.35667018454545,11.528859913636364,ARCHAEAN - PROTEROZOIC,SOUTHERN GRANULITE TERRAIN,,,,,,
78.43705686961538,11.490946326538461,ARCHAEAN - PROTEROZOIC,SOUTHERN GRANULITE TERRAIN,,,,,,
78.39946872566038,11.459365723962264,ARCHAEAN - PROTEROZOIC,SOUTHERN GRANULITE TERRAIN,,,,,,
76.37140012297873,10.532437381489363,ARCHAEAN - PROTEROZOIC,SOUTHERN GRANULITE TERRAIN,,,,,,
78.85011737324325,12.367114794324324,ARCHAEAN - PROTEROZOIC,SOUTHERN GRANULITE TERRAIN,,,,,,
78.952661749,12.531122152333333,ARCHAEAN - PROTEROZOIC,SOUTHERN GRANULITE TERRAIN,,,,,,
78.92207627933334,12.363648012666665,ARCHAEAN - PROTEROZOIC,SOUTHERN GRANULITE TERRAIN,,,,,,
78.79592642466667,12.324487025999998,ARCHAEAN - PROTEROZOIC,SOUTHERN GRANULITE TERRAIN,,,,,,
78.72872437775665,12.240832353384029,ARCHAEAN - PROTEROZOIC,SOUTHERN GRANULITE TERRAIN,,,,,,
78.73262653750001,12.253047865,ARCHAEAN - PROTEROZOIC,SOUTHERN GRANULITE TERRAIN,,,,,,
78.70470623675676,12.200373752702703,ARCHAEAN - PROTEROZOIC,SOUTHERN GRANULITE TERRAIN,,,,,,
78.7370223275,12.2123579725,ARCHAEAN - PROTEROZOIC,SOUTHERN GRANULITE TERRAIN,,,,,,
78.76185726695653,12.392340940434782,ARCHAEAN - PROTEROZOIC,SOUTHERN GRANULITE TERRAIN,,,,,,
78.71039043500001,12.366541475,ARCHAEAN - PROTEROZOIC,SOUTHERN GRANULITE TERRAIN,,,,,,
78.72661132870748,12.35305000142857,PROTEROZOIC,,,,,,,
78.689987645,12.26885505892857,ARCHAEAN - PROTEROZOIC,SOUTHERN GRANULITE TERRAIN,,,,,,
78.68561302454545,12.302594875,ARCHAEAN - PROTEROZOIC,SOUTHERN GRANULITE TERRAIN,,,,,,
78.62623701714286,12.252605979047619,PROTEROZOIC,,,,,,,
78.60852419388888,12.202367763888889,PROTEROZOIC,,,,,,,
78.618164555,12.235088235000001,PROTEROZOIC,,,,,,,
78.712037117,12.3289980135,ARCHAEAN - PROTEROZOIC,SOUTHERN GRANULITE TERRAIN,,,,,,
78.43723408232557,12.288907345813953,NEOPROTEROZOIC,,,,,,,
78.46347666214285,12.347327364642856,NEOPROTEROZOIC,,,,,,,
77.575962295,12.299500035,ARCHAEAN - PROTEROZOIC,SOUTHERN GRANULITE TERRAIN,,,,,,
76.70040942144716,12.844267605121951,ARCHAEAN,DHARWAR,,,,,,
76.31157279517544,13.81431564491228,ARCHAEAN,,,,,,,
76.77648356734694,13.511187666326531,ARCHAEAN,,,,,,,
76.26054244078152,14.392213231117648,ARCHAEAN,DHARWAR,,,,,,
76.5563298025,14.203377306428571,PALAEOPROTEROZOIC,,,,,,,
77.73419778888889,10.105411769166667,ARCHAEAN - PROTEROZOIC,SOUTHERN GRANULITE TERRAIN,,,,,,
77.46841193785714,9.974759818571428,ARCHAEAN - PROTEROZOIC,SOUTHERN GRANULITE TERRAIN,,,,,,
78.76545135840426,12.472197740425532,ARCHAEAN - PROTEROZOIC,SOUTHERN GRANULITE TERRAIN,,,,,,
78.8723570416,12.6564646124,ARCHAEAN - PROTEROZOIC,SOUTHERN GRANULITE TERRAIN,,,,,,
78.78298083761904,12.589088696666666,ARCHAEAN - PROTEROZOIC,SOUTHERN GRANULITE TERRAIN,,,,,,
79.25870979930612,12.643815715836734,ARCHAEAN - PROTEROZOIC,SOUTHERN GRANULITE TERRAIN,,,,,,
79.08942254545455,12.718341570909091,ARCHAEAN - PROTEROZOIC,SOUTHERN GRANULITE TERRAIN,,,,,,
79.04273388602739,12.656776423150685,ARCHAEAN - PROTEROZOIC,SOUTHERN GRANULITE TERRAIN,,,,,,
79.300215845,12.4679844425,ARCHAEAN - PROTEROZOIC,SOUTHERN GRANULITE TERRAIN,,,,,,
79.21596304385542,12.380912582349398,ARCHAEAN - PROTEROZOIC,SOUTHERN GRANULITE TERRAIN,,,,,,
79.29948245,12.465825904166666,ARCHAEAN - PROTEROZOIC,SOUTHERN GRANULITE TERRAIN,,,,,,
79.32452461379746,12.585090323037976,ARCHAEAN - PROTEROZOIC,SOUTHERN GRANULITE TERRAIN,,,,,,
79.18550364294117,12.551053505490195,ARCHAEAN - PROTEROZOIC,SOUTHERN GRANULITE TERRAIN,,,,,,
79.22019084749999,12.54670154,ARCHAEAN - PROTEROZOIC,SOUTHERN GRANULITE TERRAIN,,,,,,
78.4353797725,10.637342096500001,ARCHAEAN - PROTEROZOIC,SOUTHERN GRANULITE TERRAIN,,,,,,
79.172136645,11.000903365000001,MIOCENE - PLIOCENE,,,,,,,
79.16113649666666,11.003568723333334,MIOCENE - PLIOCENE,,,,,,,
79.08005547095237,11.209674608571428,MIOCENE - PLIOCENE,,,,,,,
79.04173996148148,11.151350552592591,MIOCENE - PLIOCENE,,,,,,,
76.5994532765432,14.61238087345679,ARCHAEAN,PENINSULAR GNEISSIC COMPLEX,,,,,,
76.5840429378125,13.274228844375,ARCHAEAN,,,,,,,
76.46049264977272,13.783135246818182,ARCHAEAN,PENINSULAR GNEISSIC COMPLEX,,,,,,
77.55896713038462,11.037136541153846,NEOPROTEROZOIC,,,,,,,
77.50725391595743,11.043635638085107,NEOPROTEROZOIC,,,,,,,
78.073931805,11.999790523,ARCHAEAN - PROTEROZOIC,SOUTHERN GRANULITE TERRAIN,,,,,,
78.03414591210526,12.318372550526316,ARCHAEAN - PROTEROZOIC,SOUTHERN GRANULITE TERRAIN,,,,,,
76.50931999267526,16.07496219137339,ARCHAEAN- PALAEOPROTEROZOIC,PENINSULAR GNEISSIC COMPLEX,,,,,,
78.21312745584541,15.54681983942029,MESOPROTEROZOIC,CUDDAPAH,,,,,,
78.0625783415909,15.653017194545454,MESOPROTEROZOIC,CUDDAPAH,,,,,,
78.06058545790697,15.729924859069769,MESOPROTEROZOIC,,,,,,,
79.63687746481482,13.384005282222223,MESOPROTEROZOIC,CUDDAPAH,,,,,,
79.32569304393868,15.09595974596698,MESOPROTEROZOIC,CUDDAPAH,,,,,,
78.14984364850746,15.469548496716419,MESOPROTEROZOIC,,,,,,,
78.18197968258065,15.509421992580645,MESOPROTEROZOIC,,,,,,,
77.99025097530792,15.30259005319648,MESOPROTEROZOIC,,,,,,,
79.56007367733334,12.812625763333333,ARCHAEAN - PROTEROZOIC,SOUTHERN GRANULITE TERRAIN,,,,,,
79.82235295591052,12.333644336354004,ARCHAEAN - PROTEROZOIC,SOUTHERN GRANULITE TERRAIN,,,,,,
79.92850351428571,12.814871357857143,QUATERNARY,,,,,,,
79.62365402493407,14.263921879188642,ARCHAEAN,DHARWAR,,,,,,
79.4670944880226,15.021217292429379,ARCHAEAN,DHARWAR,,,,,,
79.68777448235294,15.108836940588235,ARCHAEAN,DHARWAR,,,,,,
79.59876448779661,15.773423889152541,MESOPROTEROZOIC,,,,,,,
79.59978825116667,15.635945681166667,MESOPROTEROZOIC,,,,,,,
79.69390698152543,15.622535980508474,MESOPROTEROZOIC,,,,,,,
79.7949294314035,15.757259433099415,MESOPROTEROZOIC,,,,,,,
79.79263073653061,15.527455743877551,MESOPROTEROZOIC,,,,,,,
78.93943395380953,14.59559265547619,MESOPROTEROZOIC,CUDDAPAH,,,,,,
78.79269392385964,15.192107044210525,MESOPROTEROZOIC,CUDDAPAH,,,,,,
78.75001476714286,15.336414642285714,MESOPROTEROZOIC,CUDDAPAH,,,,,,
78.64272067300001,15.187141884999999,MESOPROTEROZOIC,CUDDAPAH,,,,,,
78.67099344555555,15.312235269166665,MESOPROTEROZOIC,CUDDAPAH,,,,,,
79.80020025152542,16.266829029152543,MESOPROTEROZOIC,,,,,,,
79.99004943306123,16.58273979755102,ARCHAEAN- PALAEOPROTEROZOIC,PENINSULAR GNEISSIC COMPLEX,,,,,,
78.0597933145,15.402891781,NEOPROTEROZOIC,,,,,,,
78.09303322416666,15.558942547500001,NEOPROTEROZOIC,,,,,,,
78.00425524712726,15.285971190981819,NEOPROTEROZOIC,,,,,,,
77.8833609147929,15.177379424437868,NEOPROTEROZOIC,,,,,,,
78.10157534568707,15.35037852530864,NEOPROTEROZOIC,,,,,,,
78.4344193637134,16.081290776594763,MESOPROTEROZOIC,CUDDAPAH,,,,,,
78.42855294857142,9.51588048904762,MIOCENE - PLIOCENE,,,,,,,
78.4317996475,9.77607897125,MIOCENE - PLIOCENE,,,,,,,
78.45673715589743,9.715824046666667,ARCHAEAN - PROTEROZOIC,SOUTHERN GRANULITE TERRAIN,,,,,,
78.06922295358079,15.472532195196505,NEOPROTEROZOIC,,,,,,,
78.20314487106062,15.514924941515151,NEOPROTEROZOIC,,,,,,,
76.9926614683735,12.911360557228917,ARCHAEAN,DHARWAR,,,,,,
76.57226422444444,13.349350728888888,ARCHAEAN,DHARWAR,,,,,,
76.4015021332143,14.2560879625,ARCHAEAN,PENINSULAR GNEISSIC COMPLEX,,,,,,
76.1923650315,14.202119786,PALAEOPROTEROZOIC,,,,,,,
76.15701020358973,14.396719372948718,ARCHAEAN,DHARWAR,,,,,,
76.25651435,13.291218995,ARCHAEAN,,,,,,,
75.47715520452381,14.136480361190475,ARCHAEAN,PENINSULAR GNEISSIC COMPLEX,,,,,,
75.69870014009112,13.726421369908884,ARCHAEAN,DHARWAR,,,,,,
75.90356664473684,13.931193129122807,ARCHAEAN,PENINSULAR GNEISSIC COMPLEX,,,,,,
75.42275961935485,13.199873479354839,ARCHAEAN,DHARWAR,,,,,,
75.30940259791667,13.300709257083334,ARCHAEAN,,,,,,,
75.22433292982456,13.299756585263157,ARCHAEAN,,,,,,,
75.15251845340426,13.45195616851064,ARCHAEAN,,,,,,,
78.41392623817143,16.03657643757143,MESOPROTEROZOIC,CUDDAPAH,,,,,,
77.59659808470037,16.170026605293383,ARCHAEAN- PALAEOPROTEROZOIC,PENINSULAR GNEISSIC COMPLEX,,,,,,
81.0081502275,16.735080019999998,ARCHAEAN - PROTEROZOIC,EASTERN GHAT,,,,,,
81.01496283113444,16.74018516063025,ARCHAEAN - PROTEROZOIC,EASTERN GHAT,,,,,,
80.90013646297618,16.917823034047622,LATE PERMIAN - EARLY TRIASSIC,GONDWANA,,,,,,
81.03765906149123,16.78414140236842,MIOCENE - PLIOCENE,,,,,,,
81.32768152,16.8477579475,QUATERNARY,,,,,,,
80.45307438964413,16.462722990130487,ARCHAEAN - PROTEROZOIC,EASTERN GHAT,,,,,,
80.12983582456349,15.632118507738095,ARCHAEAN - PROTEROZOIC,EASTERN GHAT,,,,,,
80.16513628613998,15.824744526224814,TRIASSIC - EARLY CRETACEOUS,GONDWANA,,,,,,
80.64671532551748,15.666001097766568,QUATERNARY,,,,,,,
80.37692486765347,16.367245154584158,ARCHAEAN - PROTEROZOIC,EASTERN GHAT,,,,,,
79.9614092651634,15.84612979006536,MESOPROTEROZOIC,,,,,,,
80.6115679577451,16.668058405637254,ARCHAEAN- PALAEOPROTEROZOIC,PENINSULAR GNEISSIC COMPLEX,,,,,,
79.97830603466367,15.24420072616592,ARCHAEAN - PROTEROZOIC,EASTERN GHAT,,,,,,
79.21985391391516,16.593248413042424,MESOPROTEROZOIC,CUDDAPAH,,,,,,
79.3969409536207,12.42486720862069,ARCHAEAN - PROTEROZOIC,SOUTHERN GRANULITE TERRAIN,,,,,,
80.52553579642384,16.215023346225166,TRIASSIC - EARLY CRETACEOUS,GONDWANA,,,,,,
80.515403755,17.25365238,ARCHAEAN - PROTEROZOIC,SOUTHERN GRANULITE TERRAIN,,,,,,
80.56130951663019,17.301024752188184,ARCHAEAN - PROTEROZOIC,EASTERN GHAT,,,,,,
81.47270363854962,17.16590873164122,ARCHAEAN - PROTEROZOIC,EASTERN GHAT,,,,,,
81.62055285751677,17.161441699731544,ARCHAEAN - PROTEROZOIC,EASTERN GHAT,,,,,,
81.92268929580096,17.09074033898058,LATE CRETACEOUS - PALAEOCENE,DECCAN TRAP,,,,,,
81.92201019215415,17.134986333517787,TRIASSIC - EARLY CRETACEOUS,GONDWANA,,,,,,
82.3733494396648,17.212514967122907,TRIASSIC - EARLY CRETACEOUS,GONDWANA,,,,,,
82.06254804756097,17.41582116987805,ARCHAEAN - PROTEROZOIC,EASTERN GHAT,,,,,,
82.87441526438889,18.0781077101,ARCHAEAN - PROTEROZOIC,EASTERN GHAT,,,,,,
82.96327748636298,18.14878371571945,ARCHAEAN - PROTEROZOIC,EASTERN GHAT,,,,,,
83.06838897421052,17.913896555789474,ARCHAEAN - PROTEROZOIC,EASTERN GHAT,,,,,,
83.1459263041923,18.245886139615386,ARCHAEAN - PROTEROZOIC,EASTERN GHAT,,,,,,
83.76675218606061,18.795029207306396,ARCHAEAN - PROTEROZOIC,EASTERN GHAT,,,,,,
83.65473443179486,18.837497924102564,ARCHAEAN - PROTEROZOIC,EASTERN GHAT,,,,,,
81.9307735,17.799815662,ARCHAEAN - PROTEROZOIC,EASTERN GHAT,,,,,,
83.79757496987588,18.269946770212766,ARCHAEAN - PROTEROZOIC,EASTERN GHAT,,,,,,
83.52319366,18.533813322500002,QUATERNARY,,,,,,,
83.39792866456186,18.53621797878866,QUATERNARY,,,,,,,
83.32555945518519,18.573260609382714,ARCHAEAN - PROTEROZOIC,EASTERN GHAT,,,,,,
83.32898049677853,18.46170643724832,ARCHAEAN - PROTEROZOIC,EASTERN GHAT,,,,,,
83.7008746700815,18.387492133007335,ARCHAEAN - PROTEROZOIC,EASTERN GHAT,,,,,,
81.52346681463234,17.73383394867647,ARCHAEAN - PROTEROZOIC,EASTERN GHAT,,,,,,
82.702424855,18.69510235,ARCHAEAN - PROTEROZOIC,EASTERN GHAT,,,,,,
82.60387148999999,18.24728637,ARCHAEAN - PROTEROZOIC,EASTERN GHAT,,,,,,
82.00021596833334,17.817451321666667,ARCHAEAN - PROTEROZOIC,EASTERN GHAT,,,,,,
82.58602120709654,18.29760246975504,ARCHAEAN - PROTEROZOIC,EASTERN GHAT,,,,,,
83.24020429866897,19.746783443753934,ARCHAEAN - PROTEROZOIC,EASTERN GHAT,,,,,,
77.37678068614996,16.96732347910841,ARCHAEAN- PALAEOPROTEROZOIC,PENINSULAR GNEISSIC COMPLEX,,,,,,
77.49144359988045,17.15704714200422,ARCHAEAN- PALAEOPROTEROZOIC,,,,,,,
80.41059394149254,17.37874208597015,PROTEROZOIC,,,,,,,
80.31689689273159,17.574533227862233,LATE CARBONIFEROUS - PERMIAN,GONDWANA,,,,,,
79.66928175800464,18.54156519589327,MESOPROTEROZOIC,PAKHAL/ ALBAKA,,,,,,
80.15842113243622,17.869059762313658,MESOPROTEROZOIC,PAKHAL/ ALBAKA,,,,,,
79.92228301526123,18.30869399271523,NEOPROTEROZOIC,,,,,,,
79.310613652,19.278844029545454,LATE CRETACEOUS - PALAEOCENE,DECCAN TRAP,,,,,,
79.80551342830027,18.958647327325945,TRIASSIC - EARLY CRETACEOUS,GONDWANA,,,,,,
79.75332938661933,18.859734963267044,NEOPROTEROZOIC,,,,,,,
79.48405964265861,18.74097934129909,NEOPROTEROZOIC,,,,,,,
79.32388784810904,19.181496111873937,NEOPROTEROZOIC,,,,,,,
79.41520359965016,18.929521257473276,NEOPROTEROZOIC,,,,,,,
79.26594716477213,19.033748710710455,NEOPROTEROZOIC,,,,,,,
79.38332923478632,18.742734912094015,NEOPROTEROZOIC,,,,,,,
80.84101770982758,18.084726836034484,MESOPROTEROZOIC,PAKHAL,,,,,,
79.95005312239194,19.195683724207495,NEOPROTEROZOIC,,,,,,,
80.314876605,19.1750107325,ARCHAEAN - PROTEROZOIC,SOUTHERN GRANULITE TERRAIN,,,,,,
80.230045815,19.1669211125,ARCHAEAN - PROTEROZOIC,SOUTHERN GRANULITE TERRAIN,,,,,,
80.22551763,19.166605415,ARCHAEAN - PROTEROZOIC,SOUTHERN GRANULITE TERRAIN,,,,,,
79.69649875056338,18.906938265070423,MESOPROTEROZOIC,PAKHAL/ ALBAKA,,,,,,
81.54602537,17.4480911725,ARCHAEAN - PROTEROZOIC,EASTERN GHAT,,,,,,
81.54616786714287,17.44676015,ARCHAEAN - PROTEROZOIC,EASTERN GHAT,,,,,,
81.708341465749,17.67221081951417,ARCHAEAN - PROTEROZOIC,EASTERN GHAT,,,,,,
82.48747318106457,17.911318926387438,ARCHAEAN - PROTEROZOIC,EASTERN GHAT,,,,,,
83.07083629448518,18.117564901972077,ARCHAEAN - PROTEROZOIC,EASTERN GHAT,,,,,,
79.26303766647422,18.744741776783503,ARCHAEAN- PALAEOPROTEROZOIC,,,,,,,
79.3907539066055,19.608482646587156,NEOPROTEROZOIC,,,,,,,
78.81550959550562,19.828530292134833,LATE PERMIAN - EARLY TRIASSIC,GONDWANA,,,,,,
78.88521333104448,19.855741481373308,LATE PERMIAN - EARLY TRIASSIC,GONDWANA,,,,,,
78.84861513897623,19.94351818500914,LATE PERMIAN - EARLY TRIASSIC,GONDWANA,,,,,,
78.90795740917227,19.736660956899836,NEOPROTEROZOIC,,,,,,,
79.126063935,19.98005923222222,NEOPROTEROZOIC,,,,,,,
79.19855216808219,19.86881957119863,NEOPROTEROZOIC,,,,,,,
78.87449148218869,20.098383448150944,LATE CRETACEOUS,,,,,,,
78.95817274649254,20.021685627052236,LATE PERMIAN - EARLY TRIASSIC,GONDWANA,,,,,,
79.1705436041791,19.872608607462688,LATE CARBONIFEROUS - PERMIAN,GONDWANA,,,,,,
79.35378002,20.381058313333334,NEOPROTEROZOIC,,,,,,,
79.49970167571428,20.40233420285714,NEOPROTEROZOIC,,,,,,,
79.40434783331774,20.471363256857476,LATE CARBONIFEROUS - PERMIAN,GONDWANA,,,,,,
78.95630200809161,20.10795245183206,LATE CRETACEOUS,,,,,,,
78.73625321830728,19.152604941041666,NEOPROTEROZOIC,,,,,,,
78.18993610505264,15.539760622,NEOPROTEROZOIC,,,,,,,
79.5089026725,16.6376192575,NEOPROTEROZOIC,,,,,,,
79.97941028241888,16.424930127876106,MESOPROTEROZOIC,,,,,,,
79.98289826,19.155550885,NEOPROTEROZOIC,,,,,,,
79.9183729852745,19.5304639522549,ARCHAEAN,,,,,,,
79.96974621107142,19.367878459857142,ARCHAEAN,,,,,,,
74.16420000641712,14.931213123030304,ARCHAEAN,DHARWAR,,,,,,
74.39634543450994,14.79940810909091,ARCHAEAN,DHARWAR,,,,,,
74.46545613809012,14.694588910800269,ARCHAEAN,,,,,,,
74.55485186269767,14.372127289209303,CENOZOIC,,,,,,,
74.55440901385063,14.481666284614109,ARCHAEAN,DHARWAR,,,,,,
74.68899446,14.248612103333333,ARCHAEAN,DHARWAR,,,,,,
74.55289565283934,14.327860876149586,CENOZOIC,,,,,,,
74.51460200792333,14.46892693367412,CENOZOIC,,,,,,,
74.53893379341316,14.492130000299403,CENOZOIC,,,,,,,
74.51378865017361,14.351327754131944,CENOZOIC,,,,,,,
74.60131281883093,14.295754104541368,CENOZOIC,,,,,,,
74.49971455259124,14.400029752481752,ARCHAEAN,PENINSULAR GNEISSIC COMPLEX,,,,,,
74.67008468783018,14.479946125801886,ARCHAEAN,DHARWAR,,,,,,
74.5302586475,14.35592329,CENOZOIC,,,,,,,
73.85819689152555,15.922689118784788,ARCHAEAN,DHARWAR,,,,,,
75.32256602614561,13.668580699464668,ARCHAEAN,DHARWAR,,,,,,
75.30775544209258,13.695137474648147,ARCHAEAN,DHARWAR,,,,,,
74.67457216,13.802911995,CENOZOIC,,,,,,,
74.67808364547867,13.82435355563981,ARCHAEAN,PENINSULAR GNEISSIC COMPLEX,,,,,,
74.65703415603865,13.891835898864734,CENOZOIC,,,,,,,
74.58689739510204,14.040225924897959,CENOZOIC,,,,,,,
76.06110991384892,11.930949362769784,NEOPROTEROZOIC,,,,,,,
75.88503279833334,11.915486564569893,ARCHAEAN,,,,,,,
75.85010665472068,11.916016823910615,MESOPROTEROZOIC,,,,,,,
75.7868680967347,12.002401073571429,ARCHAEAN - PROTEROZOIC,SOUTHERN GRANULITE TERRAIN,,,,,,
75.7918105475307,12.013315084447475,ARCHAEAN,,,,,,,
75.743485082,12.010794495999999,ARCHAEAN - PROTEROZOIC,SOUTHERN GRANULITE TERRAIN,,,,,,
75.6721292741324,11.995081878144433,ARCHAEAN,,,,,,,
75.54193364365706,11.991548969074355,ARCHAEAN,,,,,,,
75.51433804256821,11.968403257110754,ARCHAEAN,,,,,,,
75.04894397902778,12.437180380520834,ARCHAEAN - PROTEROZOIC,SOUTHERN GRANULITE TERRAIN,,,,,,
75.23642603,12.184669190000001,ARCHAEAN - PROTEROZOIC,SOUTHERN GRANULITE TERRAIN,,,,,,
75.283937490625,12.146702709374999,ARCHAEAN - PROTEROZOIC,SOUTHERN GRANULITE TERRAIN,,,,,,
75.1827269375,12.20720407875,ARCHAEAN - PROTEROZOIC,SOUTHERN GRANULITE TERRAIN,,,,,,
75.253985394378,12.167426236027763,ARCHAEAN,,,,,,,
75.22703123354651,12.181469851889535,MIOCENE - PLIOCENE,,,,,,,
75.24636282832309,12.168252850630768,MIOCENE - PLIOCENE,,,,,,,
75.24241303771596,12.134333369297217,MIOCENE - PLIOCENE,,,,,,,
75.16798130400552,12.226560509419889,MIOCENE - PLIOCENE,,,,,,,
75.18640569260766,12.195267685276857,MIOCENE - PLIOCENE,,,,,,,
75.08996199770833,12.329299778958335,QUATERNARY,,,,,,,
75.20976611533864,12.056025635856573,NEOPROTEROZOIC,,,,,,,
75.23827202822916,12.098000328177084,MIOCENE - PLIOCENE,,,,,,,
75.25903658422382,12.035990209891697,MIOCENE - PLIOCENE,,,,,,,
75.36326341229167,11.972050836591436,ARCHAEAN- PROTEROZOIC,,,,,,,
75.40139162430941,11.942898211730942,ARCHAEAN- PROTEROZOIC,,,,,,,
75.37339847124386,11.982469628584289,MIOCENE - PLIOCENE,,,,,,,
75.268289805,12.067255089166666,ARCHAEAN - PROTEROZOIC,SOUTHERN GRANULITE TERRAIN,,,,,,
75.27171738941924,12.04656517428312,QUATERNARY,,,,,,,
75.37668501972985,11.963046266125605,QUATERNARY,,,,,,,
75.854431825,11.110205805,ARCHAEAN - PROTEROZOIC,SOUTHERN GRANULITE TERRAIN,,,,,,
75.68478810836976,11.515157412782044,ARCHAEAN - PROTEROZOIC,SOUTHERN GRANULITE TERRAIN,,,,,,
75.80950189,11.33904948,ARCHAEAN - PROTEROZOIC,SOUTHERN GRANULITE TERRAIN,,,,,,
76.02640062500001,11.4967611525,ARCHAEAN - PROTEROZOIC,SOUTHERN GRANULITE TERRAIN,,,,,,
73.72238977348447,15.937296835281277,ARCHAEAN,PENINSULAR GNEISSIC COMPLEX,,,,,,
73.75008845875,16.104602763003474,ARCHAEAN,PENINSULAR GNEISSIC COMPLEX,,,,,,
73.70097771,15.879872207142856,ARCHAEAN- PALAEOPROTEROZOIC,,,,,,,
73.66237067820225,16.048074381573034,ARCHAEAN- PALAEOPROTEROZOIC,,,,,,,
73.6421483879162,15.97817976229898,ARCHAEAN- PALAEOPROTEROZOIC,,,,,,,
74.31832618455225,15.336457623208956,ARCHAEAN,,,,,,,
74.26604395052631,15.331679486578947,ARCHAEAN,,,,,,,
73.68738768700713,15.764447493467934,CENOZOIC,,,,,,,
73.69987805055214,15.79860264802454,CENOZOIC,,,,,,,
74.18425815558442,15.37839046922078,ARCHAEAN,,,,,,,
74.11894875192894,15.425543122335025,ARCHAEAN,,,,,,,
74.41381671884227,15.62986102649329,CENOZOIC,,,,,,,
73.88351069090909,16.078138891298703,ARCHAEAN,PENINSULAR GNEISSIC COMPLEX,,,,,,
73.87632622488889,16.06066911111111,ARCHAEAN,PENINSULAR GNEISSIC COMPLEX,,,,,,
73.94544059619827,16.066129754534483,ARCHAEAN,PENINSULAR GNEISSIC COMPLEX,,,,,,
73.85187567578652,16.05817247651685,ARCHAEAN,PENINSULAR GNEISSIC COMPLEX,,,,,,
73.49054721625001,16.2452650975,LATE CRETACEOUS - PALAEOCENE,DECCAN TRAP,,,,,,
73.5547588466,16.3547532058,NEOPROTEROZOIC,KALADGI,,,,,,
73.51619134019035,16.304431862170052,CENOZOIC,,,,,,,
73.5223458384059,16.231071221636185,NEOPROTEROZOIC,KALADGI,,,,,,
73.42740097234592,16.285657725944333,LATE CRETACEOUS - PALAEOCENE,DECCAN TRAP,,,,,,
73.43570148645372,16.275525758774446,NEOPROTEROZOIC,KALADGI,,,,,,
73.42573932386667,16.2906335671,NEOPROTEROZOIC,KALADGI,,,,,,
73.44616129924837,16.25001780892157,NEOPROTEROZOIC,KALADGI,,,,,,
73.728387505,16.424657500000002,NEOPROTEROZOIC,KALADGI,,,,,,
74.16494269142858,15.824793478571427,LATE CRETACEOUS - PALAEOCENE,DECCAN TRAP,,,,,,
73.54396174544118,16.175148994362743,CENOZOIC,,,,,,,
73.53363179457895,16.209634472842104,CENOZOIC,,,,,,,
73.49584792042026,16.129912060468747,ARCHAEAN,DHARWAR,,,,,,
73.62764644006602,16.13541587379538,ARCHAEAN,PENINSULAR GNEISSIC COMPLEX,,,,,,
73.569453545,16.370257289999998,LATE CRETACEOUS - PALAEOCENE,DECCAN TRAP,,,,,,
73.5696770875,16.37036708,LATE CRETACEOUS - PALAEOCENE,DECCAN TRAP,,,,,,
73.62684525505446,16.194215685446622,CENOZOIC,,,,,,,
73.621705148679,16.15991870696169,CENOZOIC,,,,,,,
73.64440425250179,16.141271595823234,CENOZOIC,,,,,,,
73.52167056791194,16.085008520326706,CENOZOIC,,,,,,,
73.58093331957421,16.25547665483146,CENOZOIC,,,,,,,
73.56757414450496,16.33211563861386,CENOZOIC,,,,,,,
73.57581708835255,16.29559975205931,CENOZOIC,,,,,,,
73.68271043093698,16.2125649998137,CENOZOIC,,,,,,,
73.76031456115788,16.206935952736842,ARCHAEAN,PENINSULAR GNEISSIC COMPLEX,,,,,,
73.78326251828179,16.278190347869415,ARCHAEAN,DHARWAR,,,,,,
73.80724228972882,16.26734170854237,LATE CRETACEOUS - PALAEOCENE,DECCAN TRAP,,,,,,
73.84137859094739,16.247501486146167,ARCHAEAN,DHARWAR,,,,,,
73.75188473495726,16.27273040058706,ARCHAEAN,PENINSULAR GNEISSIC COMPLEX,,,,,,
75.02857653244095,16.281247015774277,MESOPROTEROZOIC,KALADGI,,,,,,
75.1270848862217,16.269897151382597,MESOPROTEROZOIC,KALADGI,,,,,,
75.78912435530303,15.723662855075759,ARCHAEAN- PALAEOPROTEROZOIC,,,,,,,
75.91297180105528,15.908465700653267,NEOPROTEROZOIC,KALADGI,,,,,,
75.98087172918032,15.895079992503726,NEOPROTEROZOIC,KALADGI,,,,,,
75.8911251599417,15.974484189008747,NEOPROTEROZOIC,KALADGI,,,,,,
75.88049653354015,16.074982655912407,ARCHAEAN,DHARWAR,,,,,,
75.54274747067473,16.233614428182086,MESOPROTEROZOIC,KALADGI,,,,,,
75.82837831197183,15.926966859061034,NEOPROTEROZOIC,KALADGI,,,,,,
75.37000454166795,15.91487218690385,MESOPROTEROZOIC,KALADGI,,,,,,
75.89019717278627,12.706843725185948,ARCHAEAN,PENINSULAR GNEISSIC COMPLEX,,,,,,
75.98103042714287,13.878714127460317,ARCHAEAN,PENINSULAR GNEISSIC COMPLEX,,,,,,
75.4128074982906,13.683235045982906,ARCHAEAN,PENINSULAR GNEISSIC COMPLEX,,,,,,
75.14431079945454,15.751192339590908,MESOPROTEROZOIC,KALADGI,,,,,,
76.2942374543436,16.369693504165316,NEOPROTEROZOIC - CAMBRIAN,,,,,,,
74.90784879490955,16.18537148509044,QUATERNARY,,,,,,,
74.83209711726879,16.137788902297686,ARCHAEAN- PALAEOPROTEROZOIC,PENINSULAR GNEISSIC COMPLEX,,,,,,
77.10113296481927,16.955038134337347,LATE CRETACEOUS - PALAEOCENE,DECCAN TRAP,,,,,,
76.80152001587082,16.935680896446808,NEOPROTEROZOIC - CAMBRIAN,,,,,,,
76.9951753771746,17.13870321298413,ARCHAEAN- PALAEOPROTEROZOIC,,,,,,,
76.57499014735293,16.286063043529413,ARCHAEAN,DHARWAR,,,,,,
78.01481801029999,15.293947849450001,MESOPROTEROZOIC,CUDDAPAH,,,,,,
77.89107456623712,15.234311769690722,MESOPROTEROZOIC,,,,,,,
77.96331271564719,15.022019708796734,MESOPROTEROZOIC,CUDDAPAH,,,,,,
76.82338005837838,16.111178693563563,ARCHAEAN,DHARWAR,,,,,,
76.76748315073985,16.5797980550358,ARCHAEAN- PALAEOPROTEROZOIC,PENINSULAR GNEISSIC COMPLEX,,,,,,
77.54808239785714,17.44800774,LATE CRETACEOUS - PALAEOCENE,DECCAN TRAP,,,,,,
77.60813447719721,17.52947198257117,CENOZOIC,,,,,,,
77.49489862426937,17.856262836107643,CENOZOIC,,,,,,,
77.66754475826087,17.783416706521738,CENOZOIC,,,,,,,
77.08791767886848,17.771720722688777,CENOZOIC,,,,,,,
79.45858469606559,16.59791172786885,MESOPROTEROZOIC,CUDDAPAH,,,,,,
79.41522592906735,16.579532813937824,MESOPROTEROZOIC,CUDDAPAH,,,,,,
79.2969045690945,16.63981850096457,ARCHAEAN,DHARWAR,,,,,,
77.8738853707542,15.129323268519553,MESOPROTEROZOIC,CUDDAPAH,,,,,,
77.87743351230519,15.116384232012987,MESOPROTEROZOIC,CUDDAPAH,,,,,,
77.980131141651,15.068176388174496,MESOPROTEROZOIC,CUDDAPAH,,,,,,
77.96444184405303,15.068933027467533,MESOPROTEROZOIC,,,,,,,
77.9790438828247,15.060519630951564,MESOPROTEROZOIC,,,,,,,
79.3356257749154,20.448736323206433,LATE PERMIAN - EARLY TRIASSIC,GONDWANA,,,,,,
79.31179562695367,20.65214343801123,LATE CRETACEOUS,,,,,,,
79.75474062896267,20.562740917468883,NEOPROTEROZOIC,,,,,,,
80.07778749441503,21.245878411455433,ARCHAEAN,,,,,,,
80.65910075870748,21.845595714285714,PALAEOPROTEROZOIC,,,,,,,
77.8762745575,17.40562117,CENOZOIC,,,,,,,
77.98143988000001,17.295074126,CENOZOIC,,,,,,,
77.99511041714285,17.294291887857142,CENOZOIC,,,,,,,
77.90550160159651,17.363847340555306,CENOZOIC,,,,,,,
78.5073360663473,18.479683368866553,LATE CRETACEOUS - PALAEOCENE,DECCAN TRAP,,,,,,
78.62422147525423,18.611460713246416,LATE CRETACEOUS - PALAEOCENE,DECCAN TRAP,,,,,,
79.53419480592233,15.398871992135922,MESOPROTEROZOIC,,,,,,,
79.84477809704225,15.883281862711268,MESOPROTEROZOIC,,,,,,,
79.7579411875,15.7204594575,MESOPROTEROZOIC,,,,,,,
79.78600724285715,15.621409435714286,MESOPROTEROZOIC,,,,,,,
79.73797660378642,15.576787583495145,MESOPROTEROZOIC,,,,,,,
79.69247985,15.645289634,MESOPROTEROZOIC,,,,,,,
79.74376924972478,15.344062674862386,MESOPROTEROZOIC,,,,,,,
81.25994005913513,17.56299317459459,MESOPROTEROZOIC,,,,,,,
82.3671853112784,17.45187320471591,ARCHAEAN - PROTEROZOIC,EASTERN GHAT,,,,,,
81.43194912909091,17.254919416363638,ARCHAEAN - PROTEROZOIC,EASTERN GHAT,,,,,,
81.50687302269841,17.203790156938773,MESOPROTEROZOIC,,,,,,,
81.55324819747588,17.317720748954983,ARCHAEAN - PROTEROZOIC,EASTERN GHAT,,,,,,
81.98107809767082,17.425817534409937,ARCHAEAN - PROTEROZOIC,EASTERN GHAT,,,,,,
81.73264103495727,17.370145834928774,ARCHAEAN - PROTEROZOIC,EASTERN GHAT,,,,,,
81.76872446258963,17.34616163115538,ARCHAEAN - PROTEROZOIC,EASTERN GHAT,,,,,,
81.24416304183752,17.44848021402321,ARCHAEAN - PROTEROZOIC,EASTERN GHAT,,,,,,
81.25079864740113,17.432468330508478,ARCHAEAN - PROTEROZOIC,EASTERN GHAT,,,,,,
80.36637631536013,17.615021397102176,MESOPROTEROZOIC,PAKHAL,,,,,,
80.03956118020623,17.905623425411246,MESOPROTEROZOIC,PAKHAL,,,,,,
78.96439421398148,20.353698133888887,LATE CARBONIFEROUS - PERMIAN,GONDWANA,,,,,,
78.96453324632559,20.311905380232556,NEOPROTEROZOIC,,,,,,,
79.00915123766018,20.436735956824513,LATE CRETACEOUS,,,,,,,
78.99984219756757,19.54259244081081,NEOPROTEROZOIC,,,,,,,
80.30822586194215,19.76014659007438,ARCHAEAN- PALAEOPROTEROZOIC,,,,,,,
80.65567248645455,19.630249332454543,PALAEOPROTEROZOIC,,,,,,,
80.33195481654089,20.020234041106917,ARCHAEAN,,,,,,,
80.1797591836,19.946683372057144,ARCHAEAN,,,,,,,
80.55109690607046,19.40725568807588,ARCHAEAN- PALAEOPROTEROZOIC,,,,,,,
80.4757440821256,19.463378550724638,ARCHAEAN- PALAEOPROTEROZOIC,,,,,,,
80.7339661639643,19.394829642607142,ARCHAEAN- PALAEOPROTEROZOIC,,,,,,,
80.65907098360657,19.467955245901642,ARCHAEAN,,,,,,,
80.65578368266803,19.49321037297352,ARCHAEAN- PALAEOPROTEROZOIC,,,,,,,
80.62100526635496,19.457576121221376,ARCHAEAN,,,,,,,
80.65548791592157,19.415540424392155,ARCHAEAN,,,,,,,
76.27900422707555,20.855721901256544,LATE CRETACEOUS - PALAEOCENE,DECCAN TRAP,,,,,,
77.11217379607142,22.272342684285714,QUATERNARY,,,,,,,
76.67163705166666,22.210219273333333,PALAEOPROTEROZOIC,,,,,,,
76.86691305418803,22.286284505470086,PALAEOPROTEROZOIC,,,,,,,
76.84383356902858,22.268856830857143,LATE CRETACEOUS - PALAEOCENE,DECCAN TRAP,,,,,,
76.79295600932642,22.266180093782385,MESOPROTEROZOIC - NEOPROTEOZOIC,VINDHYAN,,,,,,
76.83296507707317,22.30176119479197,MESOPROTEROZOIC - NEOPROTEOZOIC,VINDHYAN,,,,,,
79.62926601,18.586281745038168,MESOPROTEROZOIC,PAKHAL,,,,,,
79.68751352300151,18.433211451764706,MESOPROTEROZOIC,PAKHAL,,,,,,
79.61408651940398,18.57220252701987,MESOPROTEROZOIC,PAKHAL,,,,,,
79.47520731489475,21.530036331631578,NEOPROTEROZOIC,,,,,,,
80.3571249157317,21.69282183402439,PALAEOPROTEROZOIC,,,,,,,
78.86281796827768,16.453632781836557,MESOPROTEROZOIC,CUDDAPAH,,,,,,
79.04515665851528,16.491081967445414,MESOPROTEROZOIC,CUDDAPAH,,,,,,
79.00524122281624,16.54334249035004,MESOPROTEROZOIC,CUDDAPAH,,,,,,
80.13926169096155,18.693956835192306,QUATERNARY,,,,,,,
79.99882175314504,19.133523030198475,MESOPROTEROZOIC,PAKHAL/ ALBAKA,,,,,,
80.25563658623015,18.860855013402777,MESOPROTEROZOIC,PAKHAL,,,,,,
80.65095610987058,18.535033001532696,NEOPROTEROZOIC,,,,,,,
80.84788954770187,17.912609378509316,MESOPROTEROZOIC,PAKHAL,,,,,,
80.8954386514855,17.781129360579712,LATE CARBONIFEROUS - PERMIAN,GONDWANA,,,,,,
80.95901155854838,17.779019057741937,ARCHAEAN,,,,,,,
81.19700745208092,17.98074477619548,ARCHAEAN,,,,,,,
81.13003219873151,17.8886799577167,ARCHAEAN,,,,,,,
81.22257224265027,17.76854945625683,ARCHAEAN,,,,,,,
81.20329312700272,17.835005864414168,ARCHAEAN,,,,,,,
81.24740977301724,17.81289008060345,ARCHAEAN,,,,,,,
81.2711170976,17.827372684300002,ARCHAEAN,,,,,,,
81.15261309783784,18.1539350072973,ARCHAEAN,,,,,,,
81.3478213639906,18.29695386940141,ARCHAEAN,,,,,,,
81.73117687727273,18.21090322409091,ARCHAEAN,,,,,,,
81.72406879083925,18.275890398356974,ARCHAEAN,,,,,,,
81.71366354325511,18.246802846959557,ARCHAEAN,,,,,,,
81.64749035983914,18.270823415187667,PALAEOPROTEROZOIC,,,,,,,
81.88786920581396,18.49237150976744,PROTEROZOIC,,,,,,,
81.88113550875,18.499214635416667,MESOPROTEROZOIC - NEOPROTEOZOIC,CHHATTISGARH,,,,,,
81.90388964044118,18.518504465588233,MESOPROTEROZOIC - NEOPROTEOZOIC,CHHATTISGARH,,,,,,
81.93220449053098,18.54571387955752,MESOPROTEROZOIC - NEOPROTEOZOIC,CHHATTISGARH,,,,,,
81.87230111591423,18.628266070632055,ARCHAEAN,,,,,,,
81.9025639482773,18.530471828340335,ARCHAEAN,,,,,,,
79.02227887460465,20.282392848930233,LATE CARBONIFEROUS - PERMIAN,GONDWANA,,,,,,
79.24981891821918,20.554851690091322,LATE CRETACEOUS,,,,,,,
79.20525234750274,20.500713732092002,LATE CRETACEOUS,,,,,,,
80.93558464,20.890626025,PALAEOPROTEROZOIC,,,,,,,
80.84863054858695,20.94418513869565,PALAEOPROTEROZOIC,,,,,,,
81.85945993027917,21.03173159001461,MESOPROTEROZOIC - NEOPROTEOZOIC,CHHATTISGARH,,,,,,
80.82637635142858,18.097738969285714,MESOPROTEROZOIC,PAKHAL,,,,,,
80.7863770736111,18.115954685555558,MESOPROTEROZOIC,PAKHAL,,,,,,
79.16386332585365,19.11206603329268,ARCHAEAN- PALAEOPROTEROZOIC,PENINSULAR GNEISSIC COMPLEX,,,,,,
79.24029107751538,19.06737251205412,LATE CRETACEOUS - PALAEOCENE,DECCAN TRAP,,,,,,
79.22678912351681,19.075227624954127,NEOPROTEROZOIC,,,,,,,
79.91261021912088,19.38536272637363,NEOPROTEROZOIC,,,,,,,
80.09640599009902,19.34321415841584,PALAEOPROTEROZOIC,,,,,,,
80.23470417431191,19.33364724770642,PALAEOPROTEROZOIC,,,,,,,
80.66086082208334,18.707090707916667,ARCHAEAN,,,,,,,
80.6959378890909,18.64535466030303,ARCHAEAN,,,,,,,
80.75281947916667,18.979556875,ARCHAEAN,,,,,,,
80.89235763356481,18.637917352962962,ARCHAEAN,,,,,,,
80.88556089928058,18.729529496402876,ARCHAEAN,,,,,,,
81.12918353816328,18.776815611692676,ARCHAEAN,,,,,,,
81.10807827467656,18.835838584805938,PALAEOPROTEROZOIC,,,,,,,
81.20752599233981,18.857953614106798,CENOZOIC,,,,,,,
81.12568189884297,18.9581833007438,ARCHAEAN,,,,,,,
81.14986,18.96268049180328,ARCHAEAN,,,,,,,
81.2430348225,18.766062615,ARCHAEAN,,,,,,,
81.2500656375,18.859009665000002,ARCHAEAN,,,,,,,
81.27618305600001,18.788071146,ARCHAEAN,,,,,,,
81.3359522275,18.818913655,ARCHAEAN,,,,,,,
81.36169198968,18.788922894560002,ARCHAEAN,,,,,,,
81.138125801875,18.876139769583336,ARCHAEAN- PALAEOPROTEROZOIC,,,,,,,
81.27297326693467,18.81589004361809,ARCHAEAN,,,,,,,
81.22691113979381,18.724901922727994,CENOZOIC,,,,,,,
81.23057937187319,18.736691021847825,ARCHAEAN- PALAEOPROTEROZOIC,,,,,,,
81.24044465008264,18.723434738595042,CENOZOIC,,,,,,,
81.17120655899306,18.622907523993053,ARCHAEAN,,,,,,,
81.30931284238947,18.819332973157895,PALAEOPROTEROZOIC,,,,,,,
81.38030232157895,18.715571190000002,ARCHAEAN,,,,,,,
81.3744121805,18.705846556,ARCHAEAN,,,,,,,
81.3308542526,18.6905425629,ARCHAEAN,,,,,,,
81.2920675,18.5198325,ARCHAEAN,,,,,,,
81.38443301206613,18.669425583884298,ARCHAEAN- PALAEOPROTEROZOIC,,,,,,,
81.29892921350597,18.704601738326694,PALAEOPROTEROZOIC,,,,,,,
81.2369360784,18.97544691704,ARCHAEAN- PALAEOPROTEROZOIC,,,,,,,
81.44273068612546,18.761008691771217,ARCHAEAN,,,,,,,
81.40918653175257,18.748034196907216,ARCHAEAN,,,,,,,
78.80053668093112,22.106824951610452,NEOPROTEROZOIC,,,,,,,
78.71398199489796,22.037407380612244,LATE CRETACEOUS - PALAEOCENE,DECCAN TRAP,,,,,,
78.91046181934233,22.185720135379427,PALAEOPROTEROZOIC,,,,,,,
78.721271691247,22.16325747055156,LATE CRETACEOUS - PALAEOCENE,DECCAN TRAP,,,,,,
78.74959779872727,22.042169461636366,LATE CRETACEOUS - PALAEOCENE,DECCAN TRAP,,,,,,
78.7176466555133,22.07305521380228,LATE CRETACEOUS - PALAEOCENE,DECCAN TRAP,,,,,,
78.931728045,21.6441320625,ARCHAEAN,,,,,,,
78.96188472182854,21.668883735382526,PALAEOPROTEROZOIC,,,,,,,
80.38036110697247,22.43332229357798,PALAEOPROTEROZOIC,,,,,,,
80.50454607410627,22.431820800748792,LATE CRETACEOUS - PALAEOCENE,DECCAN TRAP,,,,,,
80.51518146135267,22.37589200483092,LATE CRETACEOUS - PALAEOCENE,DECCAN TRAP,,,,,,
80.70702288488224,22.260611698800858,CENOZOIC,,,,,,,
80.73782262758333,22.2886619895,ARCHAEAN,,,,,,,
80.79997536404522,22.450143445201004,ARCHAEAN,,,,,,,
80.93104244562925,22.55167886161457,ARCHAEAN,,,,,,,
80.622958265,21.1918534625,PALAEOPROTEROZOIC,,,,,,,
80.66078137333334,21.220439730119047,PALAEOPROTEROZOIC,,,,,,,
80.4628687195122,21.095610487804876,PALAEOPROTEROZOIC,,,,,,,
80.26477623266304,20.882739242536232,ARCHAEAN,,,,,,,
80.50061759273684,21.34466870571579,PALAEOPROTEROZOIC,,,,,,,
79.96329022893939,19.32089797742424,NEOPROTEROZOIC,,,,,,,
80.7956003153202,20.487149846059115,PALAEOPROTEROZOIC,,,,,,,
80.8560041118421,20.44860539473684,CENOZOIC,,,,,,,
80.64137361259668,20.172487971878454,ARCHAEAN,,,,,,,
80.7761041554379,20.515432421816993,ARCHAEAN- PALAEOPROTEROZOIC,,,,,,,
80.87128693518518,20.39662930065461,ARCHAEAN- PALAEOPROTEROZOIC,,,,,,,
80.82248840807692,20.477781370153846,ARCHAEAN- PALAEOPROTEROZOIC,,,,,,,
80.92270086869564,20.401507903913046,CENOZOIC,,,,,,,
80.84475708312499,20.31833321441667,CENOZOIC,,,,,,,
80.7465404700326,20.146162302885084,PALAEOPROTEROZOIC,,,,,,,
80.80192790444444,19.984710924444446,PALAEOPROTEROZOIC,,,,,,,
80.91636922777778,20.25508750111111,ARCHAEAN- PALAEOPROTEROZOIC,,,,,,,
80.55542216545895,20.84091587710584,PALAEOPROTEROZOIC,,,,,,,
81.32623744563877,18.802002323083702,ARCHAEAN,,,,,,,
81.248829655,18.986108363333333,ARCHAEAN,,,,,,,
81.24855639546763,18.96954423848921,ARCHAEAN,,,,,,,
81.33800912960527,18.96498999526316,ARCHAEAN,,,,,,,
81.34414575067962,18.814458680194175,ARCHAEAN,,,,,,,
81.13084324027778,18.677821111805557,ARCHAEAN,,,,,,,
81.01896282657894,18.680006578947367,ARCHAEAN,,,,,,,
81.08339051545455,18.711591116363635,ARCHAEAN,,,,,,,
81.21711286714286,18.514229938571425,ARCHAEAN,,,,,,,
81.04708967097223,20.521713401111114,PALAEOPROTEROZOIC,,,,,,,
81.02837448545453,20.542444379350652,ARCHAEAN,,,,,,,
80.79997850394575,20.20106359082614,PALAEOPROTEROZOIC,,,,,,,
80.88514745787235,20.6324113258347,PALAEOPROTEROZOIC,,,,,,,
81.00142813154658,20.50267526586116,ARCHAEAN- PALAEOPROTEROZOIC,,,,,,,
81.01020595948413,20.65523389761905,MESOPROTEROZOIC - NEOPROTEOZOIC,CHHATTISGARH,,,,,,
81.092882,19.852058,CENOZOIC,,,,,,,
81.15555965,19.8370516975,ARCHAEAN- PALAEOPROTEROZOIC,,,,,,,
81.163926062,19.776664293,CENOZOIC,,,,,,,
81.08168432037874,19.80226216574901,CENOZOIC,,,,,,,
81.09846739623762,19.858367068201318,ARCHAEAN- PALAEOPROTEROZOIC,,,,,,,
81.32532857142857,19.548401428571427,ARCHAEAN,,,,,,,
81.27162879629086,19.37983303253268,ARCHAEAN- PALAEOPROTEROZOIC,,,,,,,
81.29518078814345,19.448776015443038,ARCHAEAN- PALAEOPROTEROZOIC,,,,,,,
81.85244551516858,19.183402006760804,MESOPROTEROZOIC - NEOPROTEOZOIC,CHHATTISGARH,,,,,,
82.72326134769006,20.38722051008772,ARCHAEAN - PROTEROZOIC,EASTERN GHAT,,,,,,
82.67048015384616,19.86950446153846,ARCHAEAN,,,,,,,
82.65193250492746,19.910919522438615,ARCHAEAN - PROTEROZOIC,EASTERN GHAT,,,,,,
82.70725637576659,20.195310518993136,ARCHAEAN - PROTEROZOIC,EASTERN GHAT,,,,,,
82.79335109980646,20.522849880451613,ARCHAEAN - PROTEROZOIC,EASTERN GHAT,,,,,,
82.81698889102539,20.689041023699307,ARCHAEAN - PROTEROZOIC,EASTERN GHAT,,,,,,
83.21034664750897,20.50383918947954,ARCHAEAN - PROTEROZOIC,EASTERN GHAT,,,,,,
83.07695512937639,19.963311181336305,ARCHAEAN - PROTEROZOIC,EASTERN GHAT,,,,,,
82.70769551743393,18.682021509019297,ARCHAEAN - PROTEROZOIC,EASTERN GHAT,,,,,,
82.92664691125,19.7136788125,ARCHAEAN,,,,,,,
81.69256359513514,18.631787613986486,QUATERNARY,,,,,,,
81.97401223927703,18.71916191639125,PALAEOPROTEROZOIC - MESOPROTEROZOIC,,,,,,,
82.11308554880954,18.57877151793651,PALAEOPROTEROZOIC,,,,,,,
82.06677826165068,18.634554045541098,ARCHAEAN,,,,,,,
81.9557234225,19.578528035,PALAEOPROTEROZOIC,,,,,,,
81.96760126235294,19.598402715882354,ARCHAEAN,,,,,,,
81.76744302053294,19.474308626986435,PALAEOPROTEROZOIC,,,,,,,
81.85541890259616,19.63294236051282,ARCHAEAN,,,,,,,
81.79531008779662,19.657889386991524,ARCHAEAN,,,,,,,
81.75605496644296,19.61823677852349,ARCHAEAN,,,,,,,
82.14766623104592,19.599319345841838,ARCHAEAN,,,,,,,
73.09061268558558,21.62396137768769,MIOCENE - PLIOCENE,,,,,,,
73.21523562333333,21.65934521301333,EOCENE,,,,,,,
73.0268668625,21.50073496,QUATERNARY,,,,,,,
73.15754062824054,21.625028996815146,MIOCENE,,,,,,,
73.03208499704938,21.539275585617286,MIOCENE,,,,,,,
72.93518175935252,21.33372449505995,MIOCENE,,,,,,,
73.07596925708862,21.397132591265823,EOCENE - OLIGOCENE,,,,,,,
73.08581575476923,21.397942327769233,EOCENE,,,,,,,
73.09992440991228,21.396815236403512,EOCENE,,,,,,,
80.19075880959754,22.19604931879263,NEOPROTEROZOIC,,,,,,,
79.95090898558139,21.868743630930233,PALAEOPROTEROZOIC,,,,,,,
79.26874535522522,21.40849015693694,PALAEOPROTEROZOIC,,,,,,,
77.610698854375,22.129897585544555,ARCHAEAN- PALAEOPROTEROZOIC,,,,,,,
77.71934175241378,21.988273262689653,LATE CARBONIFEROUS - PERMIAN,GONDWANA,,,,,,
77.62345723011595,22.06732229956522,LATE CARBONIFEROUS - PERMIAN,GONDWANA,,,,,,
77.57247676824562,21.94493678894737,LATE CARBONIFEROUS - PERMIAN,GONDWANA,,,,,,
78.05144884946291,21.927434593913045,ARCHAEAN- PALAEOPROTEROZOIC,,,,,,,
77.63189228649618,21.833397287407408,ARCHAEAN- PALAEOPROTEROZOIC,,,,,,,
77.06632768538891,21.160575911439217,TRIASSIC - EARLY CRETACEOUS,GONDWANA,,,,,,
78.43328517821706,21.965108429844964,ARCHAEAN- PALAEOPROTEROZOIC,,,,,,,
78.64639843565789,21.917395205789475,ARCHAEAN- PALAEOPROTEROZOIC,,,,,,,
78.66963577111112,21.840236923703703,ARCHAEAN- PALAEOPROTEROZOIC,,,,,,,
78.33035903239677,21.97630250359096,PALAEOPROTEROZOIC,,,,,,,
77.73448678510417,22.2962345559375,LATE CARBONIFEROUS - PERMIAN,GONDWANA,,,,,,
77.75308833849057,22.363715014009436,CENOZOIC,,,,,,,
78.03715471473684,22.110388812947367,LATE CARBONIFEROUS - PERMIAN,GONDWANA,,,,,,
78.50447915179487,22.156305405897434,PALAEOPROTEROZOIC,,,,,,,
78.5860188741096,22.166304642328768,PALAEOPROTEROZOIC,,,,,,,
77.78601966911681,22.250560714301994,LATE CARBONIFEROUS - PERMIAN,GONDWANA,,,,,,
77.85069496077587,22.241400856034485,LATE CARBONIFEROUS - PERMIAN,GONDWANA,,,,,,
78.17820593615384,22.142858334871796,LATE CARBONIFEROUS - PERMIAN,GONDWANA,,,,,,
77.93519956074324,22.236349881824324,LATE CARBONIFEROUS - PERMIAN,GONDWANA,,,,,,
78.6219023125,22.223755695833333,LATE CARBONIFEROUS - PERMIAN,GONDWANA,,,,,,
78.6390759125,22.1921340225,LATE CARBONIFEROUS - PERMIAN,GONDWANA,,,,,,
78.621510536,22.188490114,LATE CARBONIFEROUS - PERMIAN,GONDWANA,,,,,,
78.79424591112904,22.180717616048387,TRIASSIC - EARLY CRETACEOUS,GONDWANA,,,,,,
78.81147023771864,22.198750837604564,LATE  PERMIAN,GONDWANA,,,,,,
78.79744560957894,22.184238115894736,LATE CARBONIFEROUS - PERMIAN,GONDWANA,,,,,,
78.68866826715278,22.185687258125,LATE CARBONIFEROUS - PERMIAN,GONDWANA,,,,,,
78.46070770954415,22.128762202692307,LATE CARBONIFEROUS - PERMIAN,GONDWANA,,,,,,
79.95746667700409,22.26688639707139,LATE CRETACEOUS - PALAEOCENE,DECCAN TRAP,,,,,,
78.19514628213355,22.256591669543973,LATE PERMIAN - EARLY TRIASSIC,GONDWANA,,,,,,
78.6350804647549,22.2314407764951,LATE CARBONIFEROUS - PERMIAN,GONDWANA,,,,,,
78.263329544,22.429338710666666,LATE CRETACEOUS - PALAEOCENE,DECCAN TRAP,,,,,,
78.78573361000001,22.185630278333335,LATE  PERMIAN,GONDWANA,,,,,,
79.00155758525253,22.173075195353537,ARCHAEAN- PALAEOPROTEROZOIC,,,,,,,
77.61711943942149,22.43808108490358,LATE CRETACEOUS - PALAEOCENE,DECCAN TRAP,,,,,,
79.06171151761518,22.1447315098916,ARCHAEAN- PALAEOPROTEROZOIC,,,,,,,
80.88018611455158,21.75473194706278,CENOZOIC,,,,,,,
80.82719967213114,21.758016967213116,PALAEOPROTEROZOIC,,,,,,,
81.01845005198346,21.695221709173556,QUATERNARY,,,,,,,
80.91988364,21.54898107,PALAEOPROTEROZOIC - MESOPROTEROZOIC,,,,,,,
80.97310103388608,21.619447254227847,MESOPROTEROZOIC - NEOPROTEOZOIC,CHHATTISGARH,,,,,,
81.27462699563759,22.4285309447651,PROTEROZOIC,,,,,,,
80.99926870138843,21.824326902413222,PALAEOPROTEROZOIC,,,,,,,
80.74722747377594,20.554720687095436,PALAEOPROTEROZOIC,,,,,,,
80.14568413228261,21.783677408043477,NEOPROTEROZOIC,,,,,,,
80.22598809917355,21.73366396694215,CENOZOIC,,,,,,,
82.35968836443762,22.40693520750511,ARCHAEAN- PALAEOPROTEROZOIC,,,,,,,
82.52063374558055,22.57952027478848,PROTEROZOIC,,,,,,,
82.4365088355036,22.774772270071942,PROTEROZOIC,,,,,,,
82.59513762108553,22.692510809296053,PROTEROZOIC,,,,,,,
82.63773009621359,22.575109958330096,PROTEROZOIC,,,,,,,
82.73844447109022,22.673217027293234,PROTEROZOIC,,,,,,,
82.86012879541322,22.707509385743805,PROTEROZOIC,,,,,,,
82.794384972,22.635121394,LATE CARBONIFEROUS - PERMIAN,GONDWANA,,,,,,
83.11364306322581,23.043237209596775,PROTEROZOIC,,,,,,,
82.8555260883166,24.169189695995843,QUATERNARY,,,,,,,
82.64049532475177,23.298459100567378,PROTEROZOIC,,,,,,,
81.42455791628954,23.452456163721177,LATE CRETACEOUS - PALAEOCENE,DECCAN TRAP,,,,,,
82.37839456181818,23.26348545909091,LATE CRETACEOUS - PALAEOCENE,DECCAN TRAP,,,,,,
83.2024844188421,22.062363118315787,PROTEROZOIC,,,,,,,
83.26943199902834,21.999582633360326,MESOPROTEROZOIC - NEOPROTEOZOIC,CHHATTISGARH,,,,,,
82.78202989545,24.20155940045,PALAEOPROTEROZOIC,,,,,,,
82.8664579005053,24.18599078386604,PALAEOPROTEROZOIC,,,,,,,
82.93044853049793,24.193617403412865,PALAEOPROTEROZOIC,,,,,,,
83.14224114372094,23.81075148609302,LATE CARBONIFEROUS - PERMIAN,GONDWANA,,,,,,
83.47824039058283,23.78856998981595,LATE CARBONIFEROUS - PERMIAN,GONDWANA,,,,,,
80.73942198173913,23.835375671086954,QUATERNARY,,,,,,,
82.90454513640546,23.545174855553665,LATE CRETACEOUS - PALAEOCENE,DECCAN TRAP,,,,,,
82.67928362285426,23.421680328582998,LATE CRETACEOUS - PALAEOCENE,DECCAN TRAP,,,,,,
83.05837721207865,24.139689272247193,PALAEOPROTEROZOIC,,,,,,,
83.08146098263158,22.94140208368421,ARCHAEAN- PALAEOPROTEROZOIC,,,,,,,
79.52285633229756,22.95649203077935,PALAEOPROTEROZOIC,,,,,,,
77.861572721734,22.546803617390573,PALAEOPROTEROZOIC,,,,,,,
78.59199922339913,22.621989191107424,TRIASSIC - EARLY CRETACEOUS,GONDWANA,,,,,,
80.89469602306998,20.307362133705453,CENOZOIC,,,,,,,
78.85623973791309,22.46849309182444,TRIASSIC - EARLY CRETACEOUS,GONDWANA,,,,,,
79.72480092415255,23.08487209313559,PALAEOPROTEROZOIC,,,,,,,
79.88549322,23.122487075000002,PALAEOPROTEROZOIC,,,,,,,
79.99497413077869,23.152987750532787,LATE CRETACEOUS,,,,,,,
79.44629901480073,24.08943400199879,QUATERNARY,,,,,,,
79.10263097446237,24.01648549962366,NEOPROTEROZOIC,VINDHYAN,,,,,,
79.06187127229602,23.9786394935389,LATE CRETACEOUS,,,,,,,
78.71644675489796,24.30381830357143,QUATERNARY,,,,,,,
78.85532002746073,24.267587358403144,MESOPROTEROZOIC,VINDHYAN,,,,,,
78.29168584642856,24.381358605918365,MESOPROTEROZOIC - NEOPROTEOZOIC,VINDHYAN,,,,,,
77.60863855651516,25.2371503175,QUATERNARY,,,,,,,
79.36283075399112,24.91605714498081,MESOPROTEROZOIC,VINDHYAN,,,,,,
79.86182014308113,24.62605676818596,MESOPROTEROZOIC,VINDHYAN,,,,,,
80.51643637927393,24.9460370760066,MESOPROTEROZOIC,VINDHYAN,,,,,,
78.87583539510638,24.077196184042553,MESOPROTEROZOIC - NEOPROTEOZOIC,VINDHYAN,,,,,,
82.93457607458662,20.354397901437007,ARCHAEAN - PROTEROZOIC,EASTERN GHAT,,,,,,
82.6838151169816,18.60231059601227,ARCHAEAN - PROTEROZOIC,EASTERN GHAT,,,,,,
83.01354045938173,18.45333639532258,ARCHAEAN - PROTEROZOIC,EASTERN GHAT,,,,,,
82.86992397791367,18.340742979064746,ARCHAEAN - PROTEROZOIC,EASTERN GHAT,,,,,,
83.31460482355855,18.957914910585586,ARCHAEAN - PROTEROZOIC,EASTERN GHAT,,,,,,
83.81830482984849,18.68520755833333,ARCHAEAN - PROTEROZOIC,SOUTHERN GRANULITE TERRAIN,,,,,,
82.79642870141936,21.438223803225807,PALAEOPROTEROZOIC,,,,,,,
82.89342826088235,21.20896530035294,ARCHAEAN,,,,,,,
82.89215415180328,21.21528091180328,ARCHAEAN,,,,,,,
82.9175464260584,21.228880863357663,ARCHAEAN,,,,,,,
82.61250942814814,21.31137705787037,PALAEOPROTEROZOIC,,,,,,,
82.76717812953488,21.19328398248062,PALAEOPROTEROZOIC,,,,,,,
82.56368332112947,21.389277891101926,PALAEOPROTEROZOIC,,,,,,,
82.87482341232668,21.28098764958872,PALAEOPROTEROZOIC,,,,,,,
82.64463891079231,21.201953010351616,ARCHAEAN,,,,,,,
83.02646812599737,21.435499784887714,PALAEOPROTEROZOIC,,,,,,,
82.78851700759024,21.45436126188522,PALAEOPROTEROZOIC,,,,,,,
83.00959304765557,21.495773402093583,MESOPROTEROZOIC - NEOPROTEOZOIC,CHHATTISGARH,,,,,,
83.1811125401613,21.45148859919355,MESOPROTEROZOIC - NEOPROTEOZOIC,CHHATTISGARH,,,,,,
83.68643084517858,21.587873761428572,MESOPROTEROZOIC - NEOPROTEOZOIC,CHHATTISGARH,,,,,,
85.01135472150544,21.338002051395726,ARCHAEAN- PALAEOPROTEROZOIC,PENINSULAR GNEISSIC COMPLEX,,,,,,
83.12135297794119,21.885957977941175,MESOPROTEROZOIC - NEOPROTEOZOIC,CHHATTISGARH,,,,,,
83.80860639054082,22.168984415726403,PALAEOPROTEROZOIC,,,,,,,
84.2541594968972,22.16135725635514,NEOPROTEROZOIC,,,,,,,
84.28669129482759,22.266436692068964,NEOPROTEROZOIC,,,,,,,
84.26439603439452,22.14722037530599,QUATERNARY,,,,,,,
85.24389294342224,21.68296751725934,ARCHAEAN- PALAEOPROTEROZOIC,,,,,,,
85.54175590536822,22.09636009641473,PALAEOPROTEROZOIC,,,,,,,
85.65294717272728,22.546770017727273,PALAEOPROTEROZOIC,,,,,,,
85.64266294458334,22.50286653541667,PALAEOPROTEROZOIC,,,,,,,
85.62711772428572,22.521592020000003,PALAEOPROTEROZOIC,,,,,,,
85.62681947,22.56446656,PALAEOPROTEROZOIC,,,,,,,
85.60721653219107,22.557934011528666,PALAEOPROTEROZOIC,,,,,,,
85.48352058637414,22.48146480965358,PALAEOPROTEROZOIC,,,,,,,
86.16076881932203,22.69709087376271,ARCHAEAN,,,,,,,
86.1418576797705,22.73386698029508,MESOPROTEROZOIC,,,,,,,
86.03908645521739,22.77042824068323,MESOPROTEROZOIC,,,,,,,
85.7060393366242,22.297184923821657,ARCHAEAN,,,,,,,
85.71069988913794,22.341772946293105,ARCHAEAN,,,,,,,
85.73482249733334,22.322939506,ARCHAEAN,,,,,,,
85.71042394578947,22.201734451578947,ARCHAEAN,,,,,,,
83.43292308528052,19.617871685379537,ARCHAEAN - PROTEROZOIC,EASTERN GHAT,,,,,,
83.3621226860176,19.49757564238724,ARCHAEAN - PROTEROZOIC,EASTERN GHAT,,,,,,
83.683627615,19.726694895,QUATERNARY,,,,,,,
83.61568336999999,19.76558557857143,QUATERNARY,,,,,,,
83.6838084004209,19.739749812728594,QUATERNARY,,,,,,,
83.76882442812392,19.942476761462995,ARCHAEAN - PROTEROZOIC,EASTERN GHAT,,,,,,
83.419897946674,19.81183152973568,ARCHAEAN - PROTEROZOIC,EASTERN GHAT,,,,,,
83.47202875759966,19.955076090166113,ARCHAEAN - PROTEROZOIC,EASTERN GHAT,,,,,,
83.303029925,19.8243084975,ARCHAEAN - PROTEROZOIC,EASTERN GHAT,,,,,,
83.25933749110565,19.832776476036038,ARCHAEAN - PROTEROZOIC,EASTERN GHAT,,,,,,
84.18162271302631,18.893688557324563,ARCHAEAN - PROTEROZOIC,SOUTHERN GRANULITE TERRAIN,,,,,,
84.24250042167213,19.100353991245903,ARCHAEAN - PROTEROZOIC,EASTERN GHAT,,,,,,
83.52089610411765,17.955209489411764,CENOZOIC,,,,,,,
83.53556452807692,18.18622670105769,CENOZOIC,,,,,,,
83.56426850857143,18.14522413142857,CENOZOIC,,,,,,,
83.568389189375,18.11521364625,CENOZOIC,,,,,,,
83.57801998333333,18.082867750000002,CENOZOIC,,,,,,,
83.1916889692857,18.886996226428572,ARCHAEAN - PROTEROZOIC,EASTERN GHAT,,,,,,
83.22515261716983,18.813545621320753,ARCHAEAN - PROTEROZOIC,EASTERN GHAT,,,,,,
83.3769000125,19.1387406825,ARCHAEAN - PROTEROZOIC,EASTERN GHAT,,,,,,
83.58344897345455,18.992737287939395,ARCHAEAN - PROTEROZOIC,EASTERN GHAT,,,,,,
83.42822626579485,19.527001179377734,ARCHAEAN - PROTEROZOIC,EASTERN GHAT,,,,,,
83.37058329221932,19.121024344308093,ARCHAEAN - PROTEROZOIC,EASTERN GHAT,,,,,,
83.42723505484375,19.39785199353125,ARCHAEAN - PROTEROZOIC,EASTERN GHAT,,,,,,
83.42603890731212,19.264047014136764,QUATERNARY,,,,,,,
83.58164199135872,20.272909042706086,ARCHAEAN - PROTEROZOIC,EASTERN GHAT,,,,,,
83.71175696644896,20.22208736970831,ARCHAEAN - PROTEROZOIC,EASTERN GHAT,,,,,,
84.40148464432545,20.225128256995827,ARCHAEAN - PROTEROZOIC,EASTERN GHAT,,,,,,
83.81415459166666,20.696507433,ARCHAEAN - PROTEROZOIC,EASTERN GHAT,,,,,,
84.31973829188968,20.01186007596244,ARCHAEAN - PROTEROZOIC,EASTERN GHAT,,,,,,
84.32995616883721,20.01560051744186,ARCHAEAN - PROTEROZOIC,EASTERN GHAT,,,,,,
83.10584295637362,18.508740654065935,ARCHAEAN - PROTEROZOIC,EASTERN GHAT,,,,,,
83.17097988387097,19.62749266677419,CENOZOIC,,,,,,,
82.74214716647577,17.6122962546696,ARCHAEAN - PROTEROZOIC,EASTERN GHAT,,,,,,
82.11793910106509,17.705057837928994,ARCHAEAN - PROTEROZOIC,EASTERN GHAT,,,,,,
80.96272547851063,17.960056036595745,ARCHAEAN,,,,,,,
83.22475735133152,18.253015895407607,ARCHAEAN - PROTEROZOIC,EASTERN GHAT,,,,,,
83.66615477307693,18.169949837810652,TRIASSIC - EARLY CRETACEOUS,GONDWANA,,,,,,
83.41289557588235,18.17017041764706,ARCHAEAN - PROTEROZOIC,EASTERN GHAT,,,,,,
83.505711715,18.689407215,QUATERNARY,,,,,,,
83.11628579104605,19.13695412516771,ARCHAEAN - PROTEROZOIC,EASTERN GHAT,,,,,,
83.21172489599999,19.392831956000002,ARCHAEAN - PROTEROZOIC,EASTERN GHAT,,,,,,
83.2295256095858,19.367812850473374,ARCHAEAN - PROTEROZOIC,EASTERN GHAT,,,,,,
83.29016138446154,19.324673190307692,ARCHAEAN - PROTEROZOIC,EASTERN GHAT,,,,,,
83.6696498324,18.550245612141175,ARCHAEAN - PROTEROZOIC,EASTERN GHAT,,,,,,
84.1073495606495,19.794254786528555,ARCHAEAN - PROTEROZOIC,EASTERN GHAT,,,,,,
84.37313407982302,19.499430626460175,ARCHAEAN - PROTEROZOIC,EASTERN GHAT,,,,,,
84.05709540489654,19.230086454551724,ARCHAEAN - PROTEROZOIC,EASTERN GHAT,,,,,,
84.03786727014925,19.176113124477613,ARCHAEAN - PROTEROZOIC,EASTERN GHAT,,,,,,
84.33790460750774,19.488618257910215,ARCHAEAN - PROTEROZOIC,EASTERN GHAT,,,,,,
83.70969226981836,19.27445205829828,ARCHAEAN - PROTEROZOIC,EASTERN GHAT,,,,,,
84.16085547176638,20.14040093997151,ARCHAEAN - PROTEROZOIC,EASTERN GHAT,,,,,,
83.96664534210525,20.141962699736844,ARCHAEAN - PROTEROZOIC,EASTERN GHAT,,,,,,
84.03761733775316,20.094226480806963,ARCHAEAN - PROTEROZOIC,EASTERN GHAT,,,,,,
84.1273626571753,20.331517788174388,ARCHAEAN - PROTEROZOIC,EASTERN GHAT,,,,,,
83.99261733541036,20.329302982821968,ARCHAEAN - PROTEROZOIC,EASTERN GHAT,,,,,,
83.83769288140299,20.15297090032836,ARCHAEAN - PROTEROZOIC,EASTERN GHAT,,,,,,
83.91593506685413,20.185074623936732,ARCHAEAN - PROTEROZOIC,EASTERN GHAT,,,,,,
83.82222268623632,20.032716761050327,ARCHAEAN - PROTEROZOIC,EASTERN GHAT,,,,,,
84.15682413777778,19.373753481875,ARCHAEAN - PROTEROZOIC,EASTERN GHAT,,,,,,
85.29921088374999,20.0954139925,QUATERNARY,,,,,,,
85.34429030614149,20.116092410546624,ARCHAEAN - PROTEROZOIC,EASTERN GHAT,,,,,,
83.79450435508109,20.5478285702973,PROTEROZOIC,,,,,,,
83.70021407609319,20.455945934444443,ARCHAEAN - PROTEROZOIC,EASTERN GHAT,,,,,,
83.69154597587132,20.461353556621983,ARCHAEAN - PROTEROZOIC,EASTERN GHAT,,,,,,
85.79744519006569,20.40579249315271,CENOZOIC,,,,,,,
85.772810983125,20.35450540875,JURASSIC- CRETACEOUS,GONDWANA,,,,,,
85.5839348625,20.2847891625,QUATERNARY,,,,,,,
85.03266854792453,19.867089964716982,ARCHAEAN - PROTEROZOIC,EASTERN GHAT,,,,,,
84.99724396108738,19.913140175805825,ARCHAEAN - PROTEROZOIC,EASTERN GHAT,,,,,,
85.017270758,19.760230064,ARCHAEAN - PROTEROZOIC,EASTERN GHAT,,,,,,
84.98654327920916,19.756494834401668,ARCHAEAN - PROTEROZOIC,EASTERN GHAT,,,,,,
85.04090838844594,19.852413117702703,ARCHAEAN - PROTEROZOIC,EASTERN GHAT,,,,,,
85.2345957406909,19.81178656469091,PROTEROZOIC,,,,,,,
85.14731918385965,19.862584783508773,PROTEROZOIC,,,,,,,
85.07124770186635,20.317261480207375,ARCHAEAN - PROTEROZOIC,EASTERN GHAT,,,,,,
85.11367257666666,20.358863788823527,ARCHAEAN - PROTEROZOIC,EASTERN GHAT,,,,,,
85.09076146040172,20.258552134375897,ARCHAEAN - PROTEROZOIC,EASTERN GHAT,,,,,,
85.21363936022267,20.101003828502026,ARCHAEAN - PROTEROZOIC,EASTERN GHAT,,,,,,
84.66153765694737,20.290967478421052,ARCHAEAN - PROTEROZOIC,EASTERN GHAT,,,,,,
82.69911285714285,21.14171357142857,ARCHAEAN,,,,,,,
82.67230212000001,21.182422080000002,ARCHAEAN,,,,,,,
85.25484005547825,20.768286963228263,ARCHAEAN - PROTEROZOIC,EASTERN GHAT,,,,,,
85.14490114279221,20.685377005,ARCHAEAN - PROTEROZOIC,EASTERN GHAT,,,,,,
85.183750914899,20.670809108080807,ARCHAEAN - PROTEROZOIC,EASTERN GHAT,,,,,,
85.11886798468355,20.508945364177215,ARCHAEAN - PROTEROZOIC,EASTERN GHAT,,,,,,
84.83111455086956,20.85541177804348,ARCHAEAN - PROTEROZOIC,EASTERN GHAT,,,,,,
84.69888495895833,20.80478224166667,ARCHAEAN - PROTEROZOIC,EASTERN GHAT,,,,,,
77.57028202,14.389494004244604,ARCHAEAN- PALAEOPROTEROZOIC,PENINSULAR GNEISSIC COMPLEX,,,,,,
76.84222993694836,15.37335870995305,ARCHAEAN,DHARWAR,,,,,,
83.97459247933884,22.09981297520661,PROTEROZOIC,,,,,,,
84.18356440171384,24.4773560531761,MESOPROTEROZOIC,,,,,,,
80.96345494066482,22.158856227119113,PALAEOPROTEROZOIC,,,,,,,
80.83955694880623,22.150110437584676,CENOZOIC,,,,,,,
80.93934814773134,22.090847061014923,PALAEOPROTEROZOIC,,,,,,,
80.93725532923497,22.302324452295082,LATE CRETACEOUS,,,,,,,
80.99027969873077,22.38123629053846,LATE CRETACEOUS,,,,,,,
81.16542447999998,22.342013375,ARCHAEAN- PALAEOPROTEROZOIC,,,,,,,
81.18901261368421,22.432309871929828,CENOZOIC,,,,,,,
81.72505189617316,22.708763476805196,CENOZOIC,,,,,,,
81.66818066571759,22.645826574328705,CENOZOIC,,,,,,,
81.5764261306739,22.60543827681642,CENOZOIC,,,,,,,
81.01744788779116,23.327872366827307,PALAEOPROTEROZOIC,,,,,,,
81.60667249180328,23.04576351680328,PROTEROZOIC,,,,,,,
82.7220014625701,22.419376564672895,PROTEROZOIC,,,,,,,
82.740576702423,22.97480861634497,PROTEROZOIC,,,,,,,
82.46472829602094,23.117263954659688,PROTEROZOIC,,,,,,,
82.44656564906121,19.83255900755102,ARCHAEAN,,,,,,,
82.10911125925927,20.220142185185185,ARCHAEAN,,,,,,,
85.58141808,21.5471751925,PALAEOPROTEROZOIC - MESOPROTEROZOIC,,,,,,,
85.59123135216316,21.559846107453648,PALAEOPROTEROZOIC - MESOPROTEROZOIC,,,,,,,
85.56255729574413,21.629351567258485,PALAEOPROTEROZOIC - MESOPROTEROZOIC,,,,,,,
85.39863088988402,21.529556799461474,CENOZOIC,,,,,,,
85.20877047137839,21.675724329295164,CENOZOIC,,,,,,,
80.32568061625,23.319548809464287,PALAEOPROTEROZOIC,,,,,,,
82.02161606585788,24.080476811091856,LATE CRETACEOUS - PALAEOCENE,DECCAN TRAP,,,,,,
83.53323111493333,24.365122855066666,QUATERNARY,,,,,,,
83.67118301596574,24.37024360110592,PROTEROZOIC,,,,,,,
79.94353305885284,23.580880255283894,MESOPROTEROZOIC - NEOPROTEOZOIC,VINDHYAN,,,,,,
80.5962218979955,24.46553155680418,MESOPROTEROZOIC - NEOPROTEOZOIC,VINDHYAN,,,,,,
80.99978601151516,22.183057600454546,LATE CRETACEOUS,,,,,,,
80.9978883862069,22.171082202873563,LATE CRETACEOUS,,,,,,,
83.98686656505262,23.783269081894737,LATE CARBONIFEROUS - PERMIAN,GONDWANA,,,,,,
84.15857477553571,24.108031957678573,LATE CARBONIFEROUS - PERMIAN,GONDWANA,,,,,,
84.30284280588626,23.708809462938387,ARCHAEAN- PALAEOPROTEROZOIC,,,,,,,
84.86267264321428,23.532815193214283,ARCHAEAN- PALAEOPROTEROZOIC,,,,,,,
83.78094208712821,23.702050387333333,ARCHAEAN- PALAEOPROTEROZOIC,,,,,,,
84.58549857111112,23.783000655555558,TRIASSIC -  EARLY JURASSIC,GONDWANA,,,,,,
84.54349116708934,23.754471506340057,LATE CARBONIFEROUS - PERMIAN,GONDWANA,,,,,,
85.11504465476635,23.831426388598132,TRIASSIC -  EARLY JURASSIC,GONDWANA,,,,,,
85.361941245,23.860770051162792,ARCHAEAN- PALAEOPROTEROZOIC,,,,,,,
85.3088749796,23.5947967772,ARCHAEAN- PALAEOPROTEROZOIC,,,,,,,
85.54651974205129,23.790027695384616,LATE CARBONIFEROUS - PERMIAN,GONDWANA,,,,,,
85.73663040666666,23.77546086166667,TRIASSIC -  EARLY JURASSIC,GONDWANA,,,,,,
85.87877213238096,23.775643462380952,LATE CARBONIFEROUS - PERMIAN,GONDWANA,,,,,,
85.18870273791615,23.809025774688692,LATE CARBONIFEROUS - PERMIAN,GONDWANA,,,,,,
85.64484466186363,23.642342639272727,LATE CARBONIFEROUS - PERMIAN,GONDWANA,,,,,,
86.30903476896552,23.745872572413795,LATE CARBONIFEROUS - PERMIAN,GONDWANA,,,,,,
85.93662201061225,23.908198328979594,ARCHAEAN- PALAEOPROTEROZOIC,,,,,,,
86.18857479030304,24.303211407878788,ARCHAEAN- PALAEOPROTEROZOIC,,,,,,,
86.44537958736842,24.319579118421053,ARCHAEAN- PALAEOPROTEROZOIC,,,,,,,
86.33621537916667,24.257491696666666,ARCHAEAN- PALAEOPROTEROZOIC,,,,,,,
85.74797337342858,23.40660950057143,ARCHAEAN- PALAEOPROTEROZOIC,,,,,,,
83.94072147686047,23.443821015,CENOZOIC,,,,,,,
84.106068274,23.469179767714287,QUATERNARY,,,,,,,
86.15013490105264,23.346751716842103,ARCHAEAN- PALAEOPROTEROZOIC,,,,,,,
86.13691451454545,23.540992520909093,ARCHAEAN- PALAEOPROTEROZOIC,,,,,,,
86.59791697527777,23.515673310277776,MESOPROTEROZOIC,,,,,,,
84.92313168305556,23.077811034444444,ARCHAEAN- PALAEOPROTEROZOIC,,,,,,,
84.86286474763637,23.27745656730909,ARCHAEAN- PALAEOPROTEROZOIC,,,,,,,
84.65148494979167,23.367772976875003,QUATERNARY,,,,,,,
84.51717571844537,23.135329594033614,QUATERNARY,,,,,,,
84.4721185045283,23.38266588037736,CENOZOIC,,,,,,,
84.25402368571429,23.501974097142856,CENOZOIC,,,,,,,
84.04820173913043,23.238951739130435,CENOZOIC,,,,,,,
83.63399841616823,23.182232552772586,LATE CRETACEOUS - PALAEOCENE,DECCAN TRAP,,,,,,
83.70823741300848,23.112797986822034,LATE CRETACEOUS - PALAEOCENE,DECCAN TRAP,,,,,,
83.66319853462282,23.132602016266926,CENOZOIC,,,,,,,
81.74833603869946,22.47699056068541,ARCHAEAN- PALAEOPROTEROZOIC,,,,,,,
82.030728705,22.621461530674605,ARCHAEAN- PALAEOPROTEROZOIC,,,,,,,
82.34262393893665,22.549694019547513,ARCHAEAN- PALAEOPROTEROZOIC,,,,,,,
82.88230867490682,22.96748285261905,PROTEROZOIC,,,,,,,
82.37752042280519,23.108927952805196,PROTEROZOIC,,,,,,,
82.55505694447058,22.944627279823532,PROTEROZOIC,,,,,,,
84.0451280952381,23.039069285714284,CENOZOIC,,,,,,,
84.07877877136364,23.08387841,CENOZOIC,,,,,,,
84.13310363959184,23.04164129612245,CENOZOIC,,,,,,,
84.0176198045,23.066490418999997,CENOZOIC,,,,,,,
84.31084316055555,23.14742738388889,QUATERNARY,,,,,,,
83.63529281041666,23.448996681249998,CENOZOIC,,,,,,,
84.74399283432433,24.19261685864865,LATE CARBONIFEROUS - PERMIAN,GONDWANA,,,,,,
85.16834459108799,24.382356133368024,ARCHAEAN- PALAEOPROTEROZOIC,,,,,,,
85.79661270166667,24.373775534444444,ARCHAEAN- PALAEOPROTEROZOIC,,,,,,,
85.21487639347825,24.29866426252174,QUATERNARY,,,,,,,
85.6061627822,24.1525559448,ARCHAEAN- PALAEOPROTEROZOIC,,,,,,,
82.33649563026368,23.134209183713313,LATE CARBONIFEROUS - PERMIAN,GONDWANA,,,,,,
81.04134834478357,23.315550013115846,LATE CRETACEOUS,,,,,,,
80.93576935144375,23.625291340131916,TRIASSIC - EARLY CRETACEOUS,GONDWANA,,,,,,
84.075590801875,22.882803401875,CENOZOIC,,,,,,,
85.42243805217392,23.37595199391304,ARCHAEAN- PALAEOPROTEROZOIC,,,,,,,
85.12826298239999,23.2694688032,ARCHAEAN- PALAEOPROTEROZOIC,,,,,,,
85.7400833527163,22.71581497798793,ARCHAEAN,,,,,,,
86.55943808384616,22.53220494076923,CENOZOIC,,,,,,,
86.00774535792684,22.835179030335368,PALAEOPROTEROZOIC,,,,,,,
86.3488841078261,23.01550966057971,MESOPROTEROZOIC,,,,,,,
87.32049530426588,23.619767421150794,TRIASSIC -  EARLY JURASSIC,GONDWANA,,,,,,
86.95361173238531,23.621770319189604,TRIASSIC -  EARLY JURASSIC,GONDWANA,,,,,,
86.83711691967743,23.59024264072581,TRIASSIC -  EARLY JURASSIC,GONDWANA,,,,,,
86.78274717108108,23.62124111135135,TRIASSIC -  EARLY JURASSIC,GONDWANA,,,,,,
86.78744542728111,23.588865188801844,ARCHAEAN- PALAEOPROTEROZOIC,,,,,,,
86.62014787620689,23.60957953551724,MESOPROTEROZOIC,,,,,,,
86.65118409899999,24.1686512035,LATE CARBONIFEROUS - PERMIAN,GONDWANA,,,,,,
86.88619521222222,24.116062710555557,LATE CARBONIFEROUS - PERMIAN,GONDWANA,,,,,,
87.48392571137931,24.41989050310345,LATE CARBONIFEROUS - PERMIAN,GONDWANA,,,,,,
87.53912665363974,24.181036612720497,LATE CARBONIFEROUS - PERMIAN,GONDWANA,,,,,,
87.49302092535295,24.51864754347059,LATE CARBONIFEROUS - PERMIAN,GONDWANA,,,,,,
87.40486376401869,24.97729639135514,LATE CARBONIFEROUS - PERMIAN,GONDWANA,,,,,,
87.35680876223255,24.82448951632558,LATE CARBONIFEROUS - PERMIAN,GONDWANA,,,,,,
87.43020388435524,24.783108568710464,LATE CARBONIFEROUS - PERMIAN,GONDWANA,,,,,,
87.00388326674268,24.693581113941367,PROTEROZOIC,,,,,,,
86.87083948028392,24.59960169217666,PROTEROZOIC,,,,,,,
86.84714407423077,24.48196303533654,PROTEROZOIC,,,,,,,
83.94854523671232,23.77458120739726,TRIASSIC -  EARLY JURASSIC,GONDWANA,,,,,,
83.07831593569999,23.5840444717,CENOZOIC,,,,,,,
86.730754205,24.942284765,QUATERNARY,,,,,,,
86.86105987382857,24.9533700268,PALAEOPROTEROZOIC - MESOPROTEROZOIC,,,,,,,
86.5002093403846,24.875072593076922,PROTEROZOIC,,,,,,,
86.68484294109375,24.91008907234375,PALAEOPROTEROZOIC - MESOPROTEROZOIC,,,,,,,
86.53818247225806,24.788921436774196,PALAEOPROTEROZOIC - MESOPROTEROZOIC,,,,,,,
86.57440409155339,24.755284700582525,PALAEOPROTEROZOIC - MESOPROTEROZOIC,,,,,,,
86.84485140000001,24.85987173642857,PALAEOPROTEROZOIC - MESOPROTEROZOIC,,,,,,,
86.81382571333333,24.880451562666668,PALAEOPROTEROZOIC - MESOPROTEROZOIC,,,,,,,
86.36177800948718,24.726822604358976,NEOPROTEROZOIC,,,,,,,
85.68754003878787,24.466240733636365,NEOPROTEROZOIC,,,,,,,
86.2175491189418,24.735652287248676,NEOPROTEROZOIC,,,,,,,
86.14348224191336,24.80231275231047,NEOPROTEROZOIC,,,,,,,
85.9206799656784,24.672848585410385,NEOPROTEROZOIC,,,,,,,
86.37173229704226,24.656290622112675,NEOPROTEROZOIC,,,,,,,
86.23988444088889,24.58901887688889,NEOPROTEROZOIC,,,,,,,
85.90060274611112,24.53967955166667,NEOPROTEROZOIC,,,,,,,
85.72922937631579,24.5918918,NEOPROTEROZOIC,,,,,,,
85.59330846285714,24.503708885,NEOPROTEROZOIC,,,,,,,
85.46437649444445,24.508952396111113,NEOPROTEROZOIC,,,,,,,
85.85102118297381,24.627104748784284,PALAEOPROTEROZOIC - MESOPROTEROZOIC,,,,,,,
83.41266462556766,20.969473325202177,LATE CARBONIFEROUS - PERMIAN,GONDWANA,,,,,,
83.51437553642558,20.933568811883934,ARCHAEAN - PROTEROZOIC,EASTERN GHAT,,,,,,
84.40694346400001,21.319640502000002,ARCHAEAN- PALAEOPROTEROZOIC,PENINSULAR GNEISSIC COMPLEX,,,,,,
84.25914795750978,21.40774696507171,LATE CARBONIFEROUS - PERMIAN,GONDWANA,,,,,,
84.52948759931304,21.37659604915691,ARCHAEAN - PROTEROZOIC,EASTERN GHAT,,,,,,
84.9587350778174,21.818000046566812,ARCHAEAN- PALAEOPROTEROZOIC,,,,,,,
84.62521543323591,21.681342132463467,ARCHAEAN- PALAEOPROTEROZOIC,,,,,,,
84.85228534625,21.3594770934375,ARCHAEAN - PROTEROZOIC,EASTERN GHAT,,,,,,
85.06997227698113,21.149020655660376,ARCHAEAN,,,,,,,
85.21987325625001,21.35769190465909,ARCHAEAN,,,,,,,
85.43217829663244,20.888892496591374,ARCHAEAN - PROTEROZOIC,EASTERN GHAT,,,,,,
85.394417507889,20.848946859653122,ARCHAEAN - PROTEROZOIC,EASTERN GHAT,,,,,,
85.57869442344384,20.825732722697975,CENOZOIC,,,,,,,
86.11718839333334,21.153257791666665,QUATERNARY,,,,,,,
85.7419618492546,21.087034131095983,ARCHAEAN,,,,,,,
85.76804537049512,21.017120572598603,CENOZOIC,,,,,,,
85.62329696885773,21.05733365235294,PROTEROZOIC,,,,,,,
85.5399432998584,21.10443313479303,PROTEROZOIC,,,,,,,
85.33067209142061,21.300029893119778,ARCHAEAN,,,,,,,
86.32268423264705,22.50106006252941,MESOPROTEROZOIC,,,,,,,
86.32797916852941,22.529756349411766,ARCHAEAN- PALAEOPROTEROZOIC,,,,,,,
86.29144414965518,22.476499979310343,ARCHAEAN- PALAEOPROTEROZOIC,,,,,,,
86.277460283,22.3970051155,ARCHAEAN,,,,,,,
86.24473193059524,22.439058796976187,ARCHAEAN,,,,,,,
86.40898062612904,22.35037561483871,ARCHAEAN,,,,,,,
86.35708006916128,22.366148031354836,MESOPROTEROZOIC,,,,,,,
86.37573975408806,22.254599917924526,ARCHAEAN- PALAEOPROTEROZOIC,,,,,,,
85.83859917638297,20.878311205106385,QUATERNARY,,,,,,,
86.26856859594521,22.01925098669863,MESOPROTEROZOIC,,,,,,,
86.3490034929792,21.806442196670314,PALAEOPROTEROZOIC,,,,,,,
86.3347490713218,21.856073553500845,PALAEOPROTEROZOIC,,,,,,,
86.32249555995018,21.775510676104926,PALAEOPROTEROZOIC,,,,,,,
86.3302090852012,21.86343400442656,PALAEOPROTEROZOIC,,,,,,,
86.32455890095764,21.86818431572838,PALAEOPROTEROZOIC,,,,,,,
86.32390045209303,21.87333632735294,PALAEOPROTEROZOIC,,,,,,,
86.32153347821662,21.875990246134453,PALAEOPROTEROZOIC,,,,,,,
86.3167049737143,21.875333540761904,PALAEOPROTEROZOIC,,,,,,,
85.56666252228125,21.5641098406875,CENOZOIC,,,,,,,
85.52782635460851,21.407865675570466,CENOZOIC,,,,,,,
85.58164196586908,21.428974808487585,PALAEOPROTEROZOIC - MESOPROTEROZOIC,,,,,,,
82.63008236448276,24.900055923103448,CENOZOIC,,,,,,,
80.41941801387755,23.404773719787755,LATE CRETACEOUS,,,,,,,
78.15211265625,25.303873828125,MESOPROTEROZOIC,VINDHYAN,,,,,,
76.16145817336283,26.090716820840708,ARCHAEAN,BHILWARA,,,,,,
76.48601031032257,26.030185983064516,PALAEOPROTEROZOIC,BHILWARA,,,,,,
79.32590821030726,24.439784251166202,PALAEOPROTEROZOIC - MESOPROTEROZOIC,,,,,,,
79.13145292944445,24.130718739166667,MESOPROTEROZOIC,VINDHYAN,,,,,,
78.66934813097534,23.91044296112329,MESOPROTEROZOIC - NEOPROTEOZOIC,VINDHYAN,,,,,,
77.41815089489361,25.17311371468085,LATE CRETACEOUS,,,,,,,
77.48245193873875,25.118021762882883,MESOPROTEROZOIC - NEOPROTEOZOIC,VINDHYAN,,,,,,
77.45641192625807,25.03880563683871,LATE CRETACEOUS,,,,,,,
77.456509593125,25.208033836875,LATE CRETACEOUS - PALAEOCENE,DECCAN TRAP,,,,,,
75.54125518333333,24.446546995555554,LATE CARBONIFEROUS - EARLY PERMIAN,,,,,,,
74.39793381659774,22.33293322169173,ARCHAEAN,,,,,,,
74.842201286875,22.400510371838237,ARCHAEAN,,,,,,,
74.5853265954262,22.902471678627858,ARCHAEAN,,,,,,,
74.21619603919254,22.210558892919256,PALAEOPROTEROZOIC,ARAVALLI,,,,,,
74.28741112190379,22.194208216341462,LATE CRETACEOUS,,,,,,,
73.38519063369564,22.76698850021739,LATE CRETACEOUS - PALAEOCENE,DECCAN TRAP,,,,,,
73.44224053771428,22.770738214857143,LATE CRETACEOUS,,,,,,,
73.38056352136142,22.71148973222042,LATE CRETACEOUS,,,,,,,
73.51812904357143,22.556240923214286,LATE CRETACEOUS,,,,,,,
73.7771120725,22.26037474340909,ARCHAEAN,,,,,,,
74.13297717941177,22.95727526993464,LATE CRETACEOUS - PALAEOCENE,DECCAN TRAP,,,,,,
74.50852760758622,22.56820256,ARCHAEAN,,,,,,,
74.59432597965518,22.39639771685824,ARCHAEAN,,,,,,,
78.14446589481966,23.100997573890712,MESOPROTEROZOIC - NEOPROTEOZOIC,VINDHYAN,,,,,,
77.77657764852678,22.884855965580357,MESOPROTEROZOIC - NEOPROTEOZOIC,VINDHYAN,,,,,,
77.82657272746667,23.454309265933333,MESOPROTEROZOIC - NEOPROTEOZOIC,VINDHYAN,,,,,,
78.96846775444445,23.708448765185185,MESOPROTEROZOIC - NEOPROTEOZOIC,VINDHYAN,,,,,,
80.53766265325359,24.976834096507176,ARCHAEAN- PALAEOPROTEROZOIC,,,,,,,
80.90257692899999,24.189996329333333,MESOPROTEROZOIC,VINDHYAN,,,,,,
80.6113372925,23.8162907225,QUATERNARY,,,,,,,
80.31632572768116,23.84006319753623,MESOPROTEROZOIC - NEOPROTEOZOIC,VINDHYAN,,,,,,
80.42212381866449,23.85305998032573,QUATERNARY,,,,,,,
80.31298104279176,23.671055106636153,CENOZOIC,,,,,,,
79.90020110875,23.48874154625,PALAEOPROTEROZOIC,,,,,,,
80.36078322580644,23.433899677419355,PALAEOPROTEROZOIC,,,,,,,
81.75946667476191,24.179913346806725,PROTEROZOIC,,,,,,,
81.71985448884298,19.843333628677687,PALAEOPROTEROZOIC,,,,,,,
81.67071007751937,19.797658449612403,PALAEOPROTEROZOIC,,,,,,,
81.70376803982457,19.734140626666665,PALAEOPROTEROZOIC,,,,,,,
81.83702108094157,19.546612947012985,ARCHAEAN,,,,,,,
81.89336961964052,19.76203755222222,ARCHAEAN,,,,,,,
81.33184163628664,19.27083836257329,ARCHAEAN- PALAEOPROTEROZOIC,,,,,,,
81.46273115071429,20.147537495714285,MESOPROTEROZOIC - NEOPROTEOZOIC,CHHATTISGARH,,,,,,
81.45215617071429,20.070629851904762,MESOPROTEROZOIC - NEOPROTEOZOIC,CHHATTISGARH,,,,,,
81.37083796666667,20.17706767,MESOPROTEROZOIC - NEOPROTEOZOIC,CHHATTISGARH,,,,,,
81.76212838928572,20.149471647857144,MESOPROTEROZOIC - NEOPROTEOZOIC,CHHATTISGARH,,,,,,
83.11212713500001,19.736983695,ARCHAEAN - PROTEROZOIC,EASTERN GHAT,,,,,,
83.03410786687577,19.88462350692497,ARCHAEAN - PROTEROZOIC,EASTERN GHAT,,,,,,
83.10923087419278,20.078417371301203,ARCHAEAN - PROTEROZOIC,EASTERN GHAT,,,,,,
81.84898824915825,19.92725861952862,ARCHAEAN,,,,,,,
77.86887152949367,23.304253958987342,MESOPROTEROZOIC,VINDHYAN,,,,,,
77.60329353966101,23.16352672779661,QUATERNARY,,,,,,,
77.96712484832429,23.55908460453867,QUATERNARY,,,,,,,
78.04004227214689,23.26324760836158,MESOPROTEROZOIC - NEOPROTEOZOIC,VINDHYAN,,,,,,
78.05213927596414,23.076946088183856,QUATERNARY,,,,,,,
76.44996546707317,24.34363506487805,MESOPROTEROZOIC,VINDHYAN,,,,,,
76.36979072868421,24.453670766315792,MESOPROTEROZOIC,VINDHYAN,,,,,,
76.30429006234286,24.57049729165714,MESOPROTEROZOIC - NEOPROTEOZOIC,VINDHYAN,,,,,,
74.60020561249999,25.534307355,QUATERNARY,,,,,,,
76.11623760159999,23.13919757,QUATERNARY,,,,,,,
76.24402963059323,22.503623056101695,LATE CRETACEOUS,,,,,,,
76.05832026785714,22.282727624142858,PALAEOPROTEROZOIC - MESOPROTEROZOIC,,,,,,,
76.25283309723405,22.210457904255318,MESOPROTEROZOIC - NEOPROTEOZOIC,VINDHYAN,,,,,,
76.49107357498255,18.716790170887467,LATE CRETACEOUS - PALAEOCENE,DECCAN TRAP,,,,,,
76.95425029592485,22.373841469479768,PALAEOPROTEROZOIC,,,,,,,
83.61001912355309,23.182074532577055,LATE CRETACEOUS,,,,,,,
86.04017623730769,24.55761671346154,LATE CARBONIFEROUS - PERMIAN,GONDWANA,,,,,,
85.99449146108108,24.578964450810812,NEOPROTEROZOIC,,,,,,,
85.57206660604838,24.604487922580645,NEOPROTEROZOIC,,,,,,,
85.54078822401274,24.567909405859872,NEOPROTEROZOIC,,,,,,,
85.42829810819445,24.59615397287037,NEOPROTEROZOIC,,,,,,,
83.07850818265625,24.1082532471875,PALAEOPROTEROZOIC,,,,,,,
74.2445315913924,22.923236778481012,LATE CRETACEOUS,,,,,,,
74.641830877,22.48167677130769,PALAEOPROTEROZOIC,ARAVALLI,,,,,,
74.5793576687931,22.43160720310345,PALAEOPROTEROZOIC,ARAVALLI,,,,,,
74.397259817,22.640516820000002,LATE CRETACEOUS - PALAEOCENE,DECCAN TRAP,,,,,,
74.4188383336,22.5959541494,LATE CRETACEOUS,,,,,,,
79.10102041143898,23.617737783734064,LATE CRETACEOUS,,,,,,,
78.38684322195652,23.235611115869563,QUATERNARY,,,,,,,
77.33563140717241,26.05751264062069,MESOPROTEROZOIC - NEOPROTEOZOIC,VINDHYAN,,,,,,
73.86941215223776,25.220496755174825,PALAEOPROTEROZOIC,ARAVALLI,,,,,,
73.66123276582525,24.652302235922328,PALAEOPROTEROZOIC,,,,,,,
73.712212128143,25.02539706974002,PALAEOPROTEROZOIC,ARAVALLI,,,,,,
73.69924636960036,24.852387170595026,PALAEOPROTEROZOIC,,,,,,,
74.0618807124138,24.446481410344827,ARCHAEAN,,,,,,,
73.83500470728971,24.330328137476634,ARCHAEAN,,,,,,,
73.79528347105222,24.589596173987342,PALAEOPROTEROZOIC,ARAVALLI,,,,,,
73.81436776578947,24.555859402105263,PALAEOPROTEROZOIC,,,,,,,
77.45222205884616,25.31744000730769,LATE CRETACEOUS - PALAEOCENE,DECCAN TRAP,,,,,,
73.7078848825926,22.078928963333333,LATE CRETACEOUS,,,,,,,
74.03942885476191,22.05520190904762,LATE CRETACEOUS,,,,,,,
73.92705876103449,21.962609823793102,LATE CRETACEOUS,,,,,,,
74.01861135827586,21.996039029655172,LATE CRETACEOUS,,,,,,,
73.14436814,23.35623858,QUATERNARY,,,,,,,
73.83060403869565,23.547857866086957,PALAEOPROTEROZOIC,,,,,,,
73.68697380241936,24.08037890887097,PALAEOPROTEROZOIC,,,,,,,
73.7605963812,23.860407517200002,PALAEOPROTEROZOIC,,,,,,,
73.63613024513275,24.00058044699115,PALAEOPROTEROZOIC,,,,,,,
73.61027642689655,23.945127540689658,PALAEOPROTEROZOIC,,,,,,,
73.91707579476669,23.86945828285453,ARCHAEAN,BHILWARA,,,,,,
73.81910784803279,24.201241026885246,PALAEOPROTEROZOIC,ARAVALLI,,,,,,
73.88902172261905,23.805158741726192,PALAEOPROTEROZOIC,ARAVALLI,,,,,,
73.91027429204394,23.929939731757404,PALAEOPROTEROZOIC,ARAVALLI,,,,,,
73.86912861538461,24.099888872087913,ARCHAEAN,BHILWARA,,,,,,
73.86553834263158,24.02699589868421,PALAEOPROTEROZOIC,ARAVALLI,,,,,,
74.115062715,24.074008451,PALAEOPROTEROZOIC,ARAVALLI,,,,,,
74.17130050882352,24.066887698235295,PALAEOPROTEROZOIC,ARAVALLI,,,,,,
77.54364689135134,26.66965186972973,NEOPROTEROZOIC,VINDHYAN,,,,,,
76.73090225412697,26.409390203968254,MESOPROTEROZOIC - NEOPROTEOZOIC,VINDHYAN,,,,,,
76.77158883999999,26.427705300769233,QUATERNARY,,,,,,,
76.81598238582822,26.368660921165645,MESOPROTEROZOIC - NEOPROTEOZOIC,VINDHYAN,,,,,,
76.85454149949368,26.38268278886076,MESOPROTEROZOIC - NEOPROTEOZOIC,VINDHYAN,,,,,,
76.77033387223048,26.3001988569145,MESOPROTEROZOIC - NEOPROTEOZOIC,VINDHYAN,,,,,,
76.85852427304879,26.329138256707317,MESOPROTEROZOIC,VINDHYAN,,,,,,
76.70591537049181,26.254109727540985,MESOPROTEROZOIC,VINDHYAN,,,,,,
76.77326773875001,26.336626850625,MESOPROTEROZOIC,VINDHYAN,,,,,,
76.77566190417392,26.421172530782606,MESOPROTEROZOIC,VINDHYAN,,,,,,
74.06610458657327,24.658353690215517,ARCHAEAN,BHILWARA,,,,,,
74.48679066271428,24.172701969857144,ARCHAEAN,,,,,,,
74.31348257586957,25.03774622086957,PALAEOPROTEROZOIC,BHILWARA,,,,,,
74.48388059846438,24.824690094548814,ARCHAEAN,,,,,,,
74.688806475,25.2688370775,ARCHAEAN,,,,,,,
74.73667667588394,25.282620227321186,ARCHAEAN,,,,,,,
73.870106972,25.398530259586206,ARCHAEAN,BHILWARA,,,,,,
73.94637233720722,25.17398177171171,NEOPROTEROZOIC,,,,,,,
74.36077312006115,25.872932320825687,ARCHAEAN,,,,,,,
73.97371024,25.36243242,NEOPROTEROZOIC,,,,,,,
74.18506859088183,25.652306532687465,ARCHAEAN,,,,,,,
74.34371127975903,25.673409306024094,PALAEOPROTEROZOIC,BHILWARA,,,,,,
74.69053495733436,25.255874463302515,QUATERNARY,,,,,,,
74.57869371133333,25.396999313,PALAEOPROTEROZOIC,BHILWARA,,,,,,
74.77156783622449,26.073685040714285,ARCHAEAN,,,,,,,
74.76380206666667,26.191917175925923,ARCHAEAN,,,,,,,
74.96446981434211,26.51989992723684,ARCHAEAN,,,,,,,
75.02175954249304,26.663395884623956,ARCHAEAN,,,,,,,
74.91097444851852,26.66035071148148,PALAEOPROTEROZOIC - MESOPROTEROZOIC,DELHI,,,,,,
74.83129795779844,26.526368354496128,PALAEOPROTEROZOIC - MESOPROTEROZOIC,DELHI,,,,,,
74.323962576,26.381812144673916,PALAEOPROTEROZOIC - MESOPROTEROZOIC,DELHI,,,,,,
74.15192311064935,25.702933204805195,NEOPROTEROZOIC,,,,,,,
73.9909443275,25.569272129999998,ARCHAEAN,BHILWARA,,,,,,
73.97703614133532,25.501473044807124,NEOPROTEROZOIC,,,,,,,
72.16180148833332,24.837369125133332,NEOPROTEROZOIC,MALANI IGNEOUS SUITE,,,,,,
72.87451601666668,24.359388783333333,PALAEOPROTEROZOIC - MESOPROTEROZOIC,DELHI,,,,,,
76.24111606111111,24.24951737888889,MESOPROTEROZOIC,VINDHYAN,,,,,,
76.44433892516129,24.21864673903226,MESOPROTEROZOIC,VINDHYAN,,,,,,
76.40754765628571,24.25971676742857,MESOPROTEROZOIC,VINDHYAN,,,,,,
74.6719229025,25.13483532,ARCHAEAN,,,,,,,
74.5640917755,25.1873121495,ARCHAEAN,BHILWARA,,,,,,
74.71371927805264,25.16897928494737,ARCHAEAN,BHILWARA,,,,,,
74.77771985821428,24.996712599642855,MESOPROTEROZOIC,VINDHYAN,,,,,,
74.73045755933335,24.904302288333334,MESOPROTEROZOIC - NEOPROTEOZOIC,VINDHYAN,,,,,,
74.76212660636364,24.915624493409094,MESOPROTEROZOIC - NEOPROTEOZOIC,VINDHYAN,,,,,,
74.81259153925926,24.855620741851855,MESOPROTEROZOIC - NEOPROTEOZOIC,VINDHYAN,,,,,,
74.29672595330435,26.45275964982609,PALAEOPROTEROZOIC - MESOPROTEROZOIC,DELHI,,,,,,
72.92185092122642,25.153066886981133,PALAEOPROTEROZOIC - MESOPROTEROZOIC,DELHI,,,,,,
72.86639212013453,25.145687250627805,NEOPROTEROZOIC,MALANI IGNEOUS SUITE,,,,,,
73.42073443058824,25.372623406470588,PALAEOPROTEROZOIC - MESOPROTEROZOIC,DELHI,,,,,,
73.23227297105264,25.343916963157895,PALAEOPROTEROZOIC - MESOPROTEROZOIC,DELHI,,,,,,
73.11878182043479,25.243877328260872,PALAEOPROTEROZOIC - MESOPROTEROZOIC,DELHI,,,,,,
74.1820282375,26.2500032825,QUATERNARY,,,,,,,
74.25863807107974,25.722658359900333,PALAEOPROTEROZOIC,BHILWARA,,,,,,
74.07445671573142,25.527926616187052,ARCHAEAN,BHILWARA,,,,,,
74.07256044974027,25.63323113025974,PALAEOPROTEROZOIC - MESOPROTEROZOIC,DELHI,,,,,,
74.25111623290323,25.81001890354839,PALAEOPROTEROZOIC - MESOPROTEROZOIC,DELHI,,,,,,
74.14896367357143,25.77405328357143,PALAEOPROTEROZOIC - MESOPROTEROZOIC,DELHI,,,,,,
73.57396747636363,24.789919831515153,PALAEOPROTEROZOIC,,,,,,,
74.26292699551821,26.385850490840337,MESOPROTEROZOIC,,,,,,,
74.32710964510345,26.36866130245977,PALAEOPROTEROZOIC - MESOPROTEROZOIC,,,,,,,
74.1844120118578,26.093886570298164,PALAEOPROTEROZOIC - MESOPROTEROZOIC,,,,,,,
74.24586911714286,26.103391769285714,MESOPROTEROZOIC,,,,,,,
73.97552142733333,25.83808251688889,PALAEOPROTEROZOIC - MESOPROTEROZOIC,DELHI,,,,,,
73.96994448480768,25.770685486474356,PALAEOPROTEROZOIC - MESOPROTEROZOIC,,,,,,,
73.27430100728628,24.843138792928855,PALAEOPROTEROZOIC - MESOPROTEROZOIC,DELHI,,,,,,
73.31561162,24.981367530869562,MESOPROTEROZOIC,,,,,,,
73.20134454761826,24.82217338928222,MESOPROTEROZOIC,,,,,,,
72.961311346,24.636193688,QUATERNARY,,,,,,,
73.1411889275,24.555143165,QUATERNARY,,,,,,,
73.00889721114584,24.650718403333332,MESOPROTEROZOIC,,,,,,,
72.98193041296611,24.716449639152543,MESOPROTEROZOIC,,,,,,,
73.12776496823528,24.506808852647058,MESOPROTEROZOIC,,,,,,,
73.5479147366813,24.72134655240276,PALAEOPROTEROZOIC - MESOPROTEROZOIC,DELHI,,,,,,
72.70233068151767,24.288163136777545,PALAEOPROTEROZOIC - MESOPROTEROZOIC,,,,,,,
72.63930494392594,24.29116337648148,PALAEOPROTEROZOIC - MESOPROTEROZOIC,,,,,,,
72.7193353675,24.30411190554878,PALAEOPROTEROZOIC - MESOPROTEROZOIC,DELHI,,,,,,
72.76712232892898,24.298104736377304,MESOPROTEROZOIC,,,,,,,
72.55804351,24.311914522000002,MESOPROTEROZOIC,,,,,,,
72.59021849931734,24.30987140798893,PALAEOPROTEROZOIC - MESOPROTEROZOIC,,,,,,,
72.74136942661355,24.577904724551793,NEOPROTEROZOIC,MALANI IGNEOUS SUITE,,,,,,
72.62050209741935,24.35395542193548,PALAEOPROTEROZOIC - MESOPROTEROZOIC,,,,,,,
72.68572097790576,24.38305374863874,PALAEOPROTEROZOIC - MESOPROTEROZOIC,,,,,,,
72.88750593,24.3876538575,PALAEOPROTEROZOIC - MESOPROTEROZOIC,DELHI,,,,,,
72.65630483206107,24.381191991297708,PALAEOPROTEROZOIC - MESOPROTEROZOIC,DELHI,,,,,,
72.59621267490476,24.41828170285185,PALAEOPROTEROZOIC - MESOPROTEROZOIC,DELHI,,,,,,
72.91998216157576,24.828711911878788,PALAEOPROTEROZOIC - MESOPROTEROZOIC,DELHI,,,,,,
72.74031286795456,24.743564493636367,PALAEOPROTEROZOIC - MESOPROTEROZOIC,DELHI,,,,,,
72.80682470669811,24.748413058584905,NEOPROTEROZOIC,MALANI IGNEOUS SUITE,,,,,,
72.78409038096774,24.846229039953915,PALAEOPROTEROZOIC - MESOPROTEROZOIC,DELHI,,,,,,
72.68962908683544,24.787277223544304,PALAEOPROTEROZOIC - MESOPROTEROZOIC,DELHI,,,,,,
76.38392847280763,25.110175074689984,NEOPROTEROZOIC,VINDHYAN,,,,,,
77.129818718125,26.92558227,PALAEOPROTEROZOIC - MESOPROTEROZOIC,DELHI,,,,,,
77.1496185473077,26.933723784615385,PALAEOPROTEROZOIC - MESOPROTEROZOIC,DELHI,,,,,,
77.07516297372054,26.976826187222223,PALAEOPROTEROZOIC - MESOPROTEROZOIC,DELHI,,,,,,
77.2091295327789,26.934804575354967,PALAEOPROTEROZOIC - MESOPROTEROZOIC,DELHI,,,,,,
77.27007216836363,26.87980111709091,ARCHAEAN,BHILWARA,,,,,,
77.093005848518,26.97233201872576,PALAEOPROTEROZOIC - MESOPROTEROZOIC,DELHI,,,,,,
76.76197374434317,26.809236046970508,PALAEOPROTEROZOIC - MESOPROTEROZOIC,DELHI,,,,,,
76.4593318197561,26.6990314197561,PALAEOPROTEROZOIC - MESOPROTEROZOIC,DELHI,,,,,,
76.42318456941177,26.621320585294118,PALAEOPROTEROZOIC - MESOPROTEROZOIC,DELHI,,,,,,
76.5442647548148,26.730826023657407,PALAEOPROTEROZOIC - MESOPROTEROZOIC,DELHI,,,,,,
76.459506990625,26.56729259125,PALAEOPROTEROZOIC - MESOPROTEROZOIC,DELHI,,,,,,
76.551568915,27.635098659999997,QUATERNARY,,,,,,,
76.64686111888889,27.725607883888888,PALAEOPROTEROZOIC - MESOPROTEROZOIC,DELHI,,,,,,
76.6710685291228,27.730838008596493,PALAEOPROTEROZOIC - MESOPROTEROZOIC,DELHI,,,,,,
76.6671991045,27.722627549,PALAEOPROTEROZOIC - MESOPROTEROZOIC,DELHI,,,,,,
76.69332487516667,27.718309353833334,PALAEOPROTEROZOIC - MESOPROTEROZOIC,DELHI,,,,,,
76.57615936202531,27.560903434050633,PALAEOPROTEROZOIC - MESOPROTEROZOIC,DELHI,,,,,,
76.5439381801923,27.630317221,PALAEOPROTEROZOIC - MESOPROTEROZOIC,DELHI,,,,,,
76.43545484745371,27.55104195087963,PALAEOPROTEROZOIC - MESOPROTEROZOIC,DELHI,,,,,,
76.47003511919355,27.64357101435484,PALAEOPROTEROZOIC - MESOPROTEROZOIC,DELHI,,,,,,
76.36546337,27.502558529999998,QUATERNARY,,,,,,,
76.37234947698113,27.442747476037738,PALAEOPROTEROZOIC - MESOPROTEROZOIC,DELHI,,,,,,
76.35219507607476,27.248193591214953,PALAEOPROTEROZOIC - MESOPROTEROZOIC,DELHI,,,,,,
76.46277360111111,27.300461615666663,PALAEOPROTEROZOIC - MESOPROTEROZOIC,DELHI,,,,,,
76.51982310396227,27.494154679245284,PALAEOPROTEROZOIC - MESOPROTEROZOIC,DELHI,,,,,,
76.449061312,27.149700435599996,QUATERNARY,,,,,,,
76.47310579004947,27.19183380486478,PALAEOPROTEROZOIC - MESOPROTEROZOIC,DELHI,,,,,,
76.46313084637615,27.238300798532112,QUATERNARY,,,,,,,
76.42210835472066,27.187378148351957,PALAEOPROTEROZOIC - MESOPROTEROZOIC,DELHI,,,,,,
76.52438823711539,27.2105326025,PALAEOPROTEROZOIC - MESOPROTEROZOIC,DELHI,,,,,,
76.13464085608696,27.29547863173913,PALAEOPROTEROZOIC - MESOPROTEROZOIC,DELHI,,,,,,
76.14140014899522,27.406045050861245,PALAEOPROTEROZOIC - MESOPROTEROZOIC,DELHI,,,,,,
76.2422335154,27.4851910224,PALAEOPROTEROZOIC - MESOPROTEROZOIC,DELHI,,,,,,
76.23504073675676,27.29989519554054,PALAEOPROTEROZOIC - MESOPROTEROZOIC,DELHI,,,,,,
76.57303801231498,27.205557748842505,PALAEOPROTEROZOIC - MESOPROTEROZOIC,DELHI,,,,,,
76.61305706366379,27.110620042844825,ARCHAEAN- PALAEOPROTEROZOIC,,,,,,,
76.61548125,27.2630036025,QUATERNARY,,,,,,,
76.64277610526194,27.216651211718027,PALAEOPROTEROZOIC - MESOPROTEROZOIC,DELHI,,,,,,
76.62782720442857,27.169002398285716,PALAEOPROTEROZOIC - MESOPROTEROZOIC,DELHI,,,,,,
76.22021490117207,27.133818965542208,PALAEOPROTEROZOIC - MESOPROTEROZOIC,DELHI,,,,,,
76.26903116,27.14073728770492,PALAEOPROTEROZOIC - MESOPROTEROZOIC,DELHI,,,,,,
76.17957172161617,27.165453466969698,PALAEOPROTEROZOIC - MESOPROTEROZOIC,DELHI,,,,,,
76.11981755,27.2053171975,QUATERNARY,,,,,,,
76.14132296395833,27.18899160729167,PALAEOPROTEROZOIC - MESOPROTEROZOIC,DELHI,,,,,,
76.07169583786886,27.020567953442622,PALAEOPROTEROZOIC - MESOPROTEROZOIC,DELHI,,,,,,
75.88318413219048,27.04736179638095,PALAEOPROTEROZOIC - MESOPROTEROZOIC,DELHI,,,,,,
76.01310677819944,27.053820785304712,PALAEOPROTEROZOIC - MESOPROTEROZOIC,DELHI,,,,,,
76.02126971980393,27.101550532901964,PALAEOPROTEROZOIC - MESOPROTEROZOIC,DELHI,,,,,,
75.99936187752898,27.134861068447815,PALAEOPROTEROZOIC - MESOPROTEROZOIC,DELHI,,,,,,
76.69178272027239,27.154442635525292,PALAEOPROTEROZOIC - MESOPROTEROZOIC,DELHI,,,,,,
76.8708918175,27.29770912875,QUATERNARY,,,,,,,
76.86639371125,27.247949465833333,PALAEOPROTEROZOIC - MESOPROTEROZOIC,DELHI,,,,,,
76.71177095432836,26.89380985373134,PALAEOPROTEROZOIC - MESOPROTEROZOIC,DELHI,,,,,,
72.57252326361011,24.30493946898917,MESOPROTEROZOIC,,,,,,,
72.93312213033899,24.248656565932205,PALAEOPROTEROZOIC - MESOPROTEROZOIC,DELHI,,,,,,
72.93723821685714,24.074366304,PALAEOPROTEROZOIC - MESOPROTEROZOIC,DELHI,,,,,,
73.02881942526315,23.459080196842105,LATE CRETACEOUS - PALAEOCENE,DECCAN TRAP,,,,,,
73.28521034816666,23.464233172166665,NEOPROTEROZOIC,,,,,,,
73.05790436837935,23.490847253613445,LATE CRETACEOUS,,,,,,,
73.05890053243243,23.508443295926643,EARLY CRETACEOUS,,,,,,,
73.18179942350649,23.447779347402598,LATE CRETACEOUS - PALAEOCENE,DECCAN TRAP,,,,,,
73.18993283364706,23.450316013764706,NEOPROTEROZOIC,,,,,,,
73.27116122714285,23.40185596785714,QUATERNARY,,,,,,,
72.69737220500001,24.00681639833333,MESOPROTEROZOIC,,,,,,,
72.75853581307692,24.04910161,MESOPROTEROZOIC,,,,,,,
72.82930902214285,24.029311876428572,MESOPROTEROZOIC,,,,,,,
72.872162112,23.99070692933333,MESOPROTEROZOIC,,,,,,,
72.89025911540372,23.66565736013975,EARLY CRETACEOUS,,,,,,,
72.99832409999999,23.727658445,QUATERNARY,,,,,,,
73.01379830972222,23.705724879444446,PALAEOPROTEROZOIC - MESOPROTEROZOIC,DELHI,,,,,,
73.0075256625,23.859655825,QUATERNARY,,,,,,,
72.83628432637992,23.727446728924733,NEOPROTEROZOIC,MALANI IGNEOUS SUITE,,,,,,
73.0477567625,23.72411098,QUATERNARY,,,,,,,
73.05231046653846,23.711994493846152,NEOPROTEROZOIC,MALANI IGNEOUS SUITE,,,,,,
72.64947021829546,24.48830961031336,NEOPROTEROZOIC,,,,,,,
72.63749421461222,24.823587013631226,NEOPROTEROZOIC,,,,,,,
72.47157223873016,24.696698392936508,NEOPROTEROZOIC,MALANI IGNEOUS SUITE,,,,,,
72.09997648736842,24.809902587894737,NEOPROTEROZOIC,MALANI IGNEOUS SUITE,,,,,,
72.39772741981132,24.803512952452827,NEOPROTEROZOIC,MALANI IGNEOUS SUITE,,,,,,
72.4848589524581,24.75399170564246,NEOPROTEROZOIC,,,,,,,
72.49632877704347,24.70067001121739,NEOPROTEROZOIC,,,,,,,
72.47327554221154,24.67822680894231,NEOPROTEROZOIC,,,,,,,
72.44656448969492,24.697311321525422,NEOPROTEROZOIC,,,,,,,
72.41418622039548,24.878595479703392,NEOPROTEROZOIC,MALANI IGNEOUS SUITE,,,,,,
72.99249430351851,24.90597581771605,NEOPROTEROZOIC,,,,,,,
72.96551285427631,23.390163056842102,EARLY CRETACEOUS,,,,,,,
72.46686134118056,24.455406887430556,PALAEOPROTEROZOIC - MESOPROTEROZOIC,DELHI,,,,,,
72.5759118688,24.6278716016,PALAEOPROTEROZOIC - MESOPROTEROZOIC,DELHI,,,,,,
72.46261608028571,24.973234319714283,NEOPROTEROZOIC,,,,,,,
72.72626340183673,25.27420621653061,NEOPROTEROZOIC,,,,,,,
72.60328896344444,24.83930541463889,PALAEOPROTEROZOIC - MESOPROTEROZOIC,DELHI,,,,,,
72.56928768621533,24.78679893381729,PALAEOPROTEROZOIC - MESOPROTEROZOIC,DELHI,,,,,,
71.24450353052632,23.858558775614036,EARLY CRETACEOUS,,,,,,,
73.34379226190477,23.041201299047618,LATE CRETACEOUS,,,,,,,
71.20566822615385,23.854106142307693,EARLY CRETACEOUS,,,,,,,
71.19096206707317,23.861574225731708,LATE JURASSIC - EARLY CRETACEOUS,,,,,,,
71.23039618653334,23.824469727466667,LATE JURASSIC - EARLY CRETACEOUS,,,,,,,
71.17176576899297,23.867414965058547,PALAEOCENE,,,,,,,
75.88574563722221,26.41922436833333,ARCHAEAN,BHILWARA,,,,,,
75.95933885785713,26.28582462,ARCHAEAN,BHILWARA,,,,,,
76.14251402615385,26.248777843076923,ARCHAEAN,BHILWARA,,,,,,
76.19907418942529,26.13476660413793,ARCHAEAN,BHILWARA,,,,,,
76.29862704076923,26.158447046153846,ARCHAEAN,BHILWARA,,,,,,
73.46284252156863,25.86189682215686,PALAEOPROTEROZOIC - MESOPROTEROZOIC,DELHI,,,,,,
73.41465482999999,25.656354175,QUATERNARY,,,,,,,
73.4177798509375,25.65319425625,NEOPROTEROZOIC,,,,,,,
73.20369798164634,25.62108537890244,NEOPROTEROZOIC,,,,,,,
73.46902514507177,25.601255665358853,NEOPROTEROZOIC,,,,,,,
73.20938003806451,25.853842260322583,NEOPROTEROZOIC,,,,,,,
73.16992400571428,25.82234661952381,PALAEOPROTEROZOIC - MESOPROTEROZOIC,DELHI,,,,,,
73.24441884033334,25.831181195,PALAEOPROTEROZOIC - MESOPROTEROZOIC,DELHI,,,,,,
76.315877512,26.582662005000003,PALAEOPROTEROZOIC - MESOPROTEROZOIC,DELHI,,,,,,
74.64253184223683,26.321365525526318,PALAEOPROTEROZOIC - MESOPROTEROZOIC,DELHI,,,,,,
74.60993595322581,26.305485964193547,PALAEOPROTEROZOIC - MESOPROTEROZOIC,DELHI,,,,,,
74.85251537516339,25.094798476732024,MESOPROTEROZOIC,VINDHYAN,,,,,,
77.45727434208165,25.783577061387753,MESOPROTEROZOIC - NEOPROTEOZOIC,VINDHYAN,,,,,,
74.7145305296338,26.141748003422535,ARCHAEAN,BHILWARA,,,,,,
75.01175156839054,25.785662950224854,ARCHAEAN,BHILWARA,,,,,,
82.2540483425,25.077775397499998,QUATERNARY,,,,,,,
81.91848898569086,25.12225118282306,MESOPROTEROZOIC,VINDHYAN,,,,,,
82.95136662356137,24.873327187674285,MESOPROTEROZOIC,VINDHYAN,,,,,,
83.51989966464285,24.9594375375,MESOPROTEROZOIC,VINDHYAN,,,,,,
83.5633132025641,24.953874223333333,MESOPROTEROZOIC,VINDHYAN,,,,,,
83.67742472622449,24.935710878163263,MESOPROTEROZOIC,VINDHYAN,,,,,,
83.72165840543478,24.935065337173913,MESOPROTEROZOIC,VINDHYAN,,,,,,
75.10491225842519,26.229596539379923,ARCHAEAN,,,,,,,
75.01191201825911,26.274383776234817,ARCHAEAN,,,,,,,
76.06191143831859,26.3915126620354,ARCHAEAN,,,,,,,
75.8878009895,26.267926495,ARCHAEAN,,,,,,,
75.81128907833333,26.191917638333333,ARCHAEAN,BHILWARA,,,,,,
75.87413215565218,26.225424664347823,ARCHAEAN,BHILWARA,,,,,,
75.8878288225,26.2912521975,ARCHAEAN,,,,,,,
75.91422002088235,26.30334447397059,ARCHAEAN,,,,,,,
68.6325616970238,23.608785275238095,QUATERNARY,,,,,,,
68.69568699307054,23.596731309585063,OLIGOCENE,,,,,,,
68.704189605,23.2392667675,QUATERNARY,,,,,,,
68.69052977105264,23.473672650526318,OLIGOCENE - MIOCENE,,,,,,,
68.93615235738096,23.205898562619048,PLIOCENE,,,,,,,
69.06724134826086,23.044414221304347,PLIOCENE,,,,,,,
68.83538419228813,23.35296451194915,MIOCENE,,,,,,,
69.1652564808,23.0381312946,MIOCENE,,,,,,,
69.3555565439726,22.97344324020548,QUATERNARY,,,,,,,
69.43261529037038,22.972148847407407,MIOCENE - PLIOCENE,,,,,,,
69.25997462933333,22.97058822933333,MIOCENE - PLIOCENE,,,,,,,
68.779868045,23.7334670725,QUATERNARY,,,,,,,
68.7637328464,23.783206834399998,EOCENE,,,,,,,
68.71644419834043,23.576023145276594,EOCENE,,,,,,,
68.77598573761388,23.603270533232106,EOCENE,,,,,,,
68.87951912166666,23.627182469999997,QUATERNARY,,,,,,,
68.79869743144172,23.59460587279141,LATE CRETACEOUS - PALAEOCENE,DECCAN TRAP,,,,,,
68.99661842836734,23.496157561530612,LATE CRETACEOUS - PALAEOCENE,DECCAN TRAP,,,,,,
69.17608972000001,23.134470311666664,QUATERNARY,,,,,,,
69.13249879481012,23.273244628227847,EOCENE,,,,,,,
69.64741358156863,23.162804369411766,LATE JURASSIC - EARLY CRETACEOUS,,,,,,,
69.57079379096774,23.40228717451613,MIDDLE - LATE JURASSIC,,,,,,,
69.81135764329788,23.37536498180851,MIDDLE - LATE JURASSIC,,,,,,,
69.81135144392157,23.369884412352942,MIDDLE JURASSIC,,,,,,,
69.06613670714286,23.50123158457143,LATE JURASSIC - EARLY CRETACEOUS,,,,,,,
69.07535857111111,23.467582674814814,LATE JURASSIC - EARLY CRETACEOUS,,,,,,,
69.30503068552447,23.534982876853146,LATE JURASSIC - EARLY CRETACEOUS,,,,,,,
69.23077048722222,23.575456751666664,MIDDLE - LATE JURASSIC,,,,,,,
69.14652207111111,23.62246162,MIDDLE - LATE JURASSIC,,,,,,,
69.071771494,23.691862003,MIDDLE - LATE JURASSIC,,,,,,,
68.98686797642857,23.736289465,MIDDLE - LATE JURASSIC,,,,,,,
69.44824858355624,23.126110043586625,LATE CRETACEOUS - PALAEOCENE,DECCAN TRAP,,,,,,
69.33378332357142,23.01344820257143,PALAEOCENE,,,,,,,
69.39724458945946,23.496077493783783,EARLY CRETACEOUS,,,,,,,
69.75099793474286,23.4111830968,EARLY CRETACEOUS,,,,,,,
70.03230592358209,23.011347526567164,PLIOCENE,,,,,,,
70.0891387,23.1402075425,QUATERNARY,,,,,,,
70.25045925212645,23.385669447586206,PLIOCENE,,,,,,,
70.38796145507247,23.44327742666667,OLIGOCENE - MIOCENE,,,,,,,
70.50000551366412,23.586167698091604,EARLY CRETACEOUS,,,,,,,
70.47021689235294,23.42235267666667,EARLY CRETACEOUS,,,,,,,
70.53978480280702,23.477570644736844,MIDDLE - LATE JURASSIC,,,,,,,
70.70191308645902,23.50827092419672,LATE JURASSIC - EARLY CRETACEOUS,,,,,,,
70.94044523000001,23.515585429999998,OLIGOCENE - MIOCENE,,,,,,,
70.92440709546584,23.571469028757765,EARLY CRETACEOUS,,,,,,,
70.83901526451977,23.61590007525424,OLIGOCENE - MIOCENE,,,,,,,
70.9015643250641,23.445090767692307,PLIOCENE,,,,,,,
70.68751266430769,23.365680502461537,PLIOCENE,,,,,,,
70.68637139571429,23.40748367785714,MIDDLE - LATE JURASSIC,,,,,,,
71.0158224621875,23.5515928884375,MIOCENE,,,,,,,
70.574757897957,23.626109215483872,PALAEOCENE,,,,,,,
70.8230407568,23.656425835700002,PLIOCENE,,,,,,,
70.77074812011976,23.706360738892215,OLIGOCENE - MIOCENE,,,,,,,
70.86248733982758,23.690194251551727,EARLY CRETACEOUS,,,,,,,
70.59248571440476,23.690978838333333,PALAEOCENE,,,,,,,
70.87419628892857,23.417104588571426,LATE JURASSIC - EARLY CRETACEOUS,,,,,,,
69.85360295081966,23.90788352191257,MIDDLE - LATE JURASSIC,,,,,,,
69.86942051680272,23.91834091122449,MIDDLE JURASSIC,,,,,,,
69.91393870487805,23.882999569756098,MIDDLE JURASSIC,,,,,,,
69.93506822825397,23.904522146031745,LATE CRETACEOUS - PALAEOCENE,DECCAN TRAP,,,,,,
69.9389385148,23.878056816399997,LATE CRETACEOUS - PALAEOCENE,DECCAN TRAP,,,,,,
69.7756501775,23.847989445,QUATERNARY,,,,,,,
69.85084744813953,23.77963296395349,MIDDLE - LATE JURASSIC,,,,,,,
69.79696443342105,23.818606348157896,MIDDLE JURASSIC,,,,,,,
69.75927691961539,23.838844852307695,MIDDLE - LATE JURASSIC,,,,,,,
73.2239800927907,25.679394403837208,PALAEOPROTEROZOIC - MESOPROTEROZOIC,DELHI,,,,,,
73.03390339529412,25.594289747352942,NEOPROTEROZOIC,,,,,,,
72.9754911180909,25.558152829727273,NEOPROTEROZOIC,MALANI IGNEOUS SUITE,,,,,,
72.85840769,25.64362797105263,NEOPROTEROZOIC,MALANI IGNEOUS SUITE,,,,,,
72.77630258125001,25.519957126875,NEOPROTEROZOIC,MALANI IGNEOUS SUITE,,,,,,
72.70126952027026,25.19362484081081,NEOPROTEROZOIC,MALANI IGNEOUS SUITE,,,,,,
72.59383729374778,25.33770557017762,NEOPROTEROZOIC,MALANI IGNEOUS SUITE,,,,,,
72.55953391915493,25.33881604943662,NEOPROTEROZOIC,MALANI IGNEOUS SUITE,,,,,,
72.04259733333333,25.777444615632184,NEOPROTEROZOIC,MALANI IGNEOUS SUITE,,,,,,
72.37887100589286,25.500819935000003,NEOPROTEROZOIC,MALANI IGNEOUS SUITE,,,,,,
72.35727846290656,25.588245495121107,NEOPROTEROZOIC,MALANI IGNEOUS SUITE,,,,,,
72.14965220133834,25.79130394124812,NEOPROTEROZOIC,MALANI IGNEOUS SUITE,,,,,,
71.81021705833334,25.650972310833335,LATE CRETACEOUS - EOCENE,,,,,,,
71.91998153864866,25.647556075945946,NEOPROTEROZOIC,MALANI IGNEOUS SUITE,,,,,,
73.40073723604348,26.314219356,PALAEOPROTEROZOIC - MESOPROTEROZOIC,DELHI,,,,,,
72.94351638666666,26.557495099999997,NEOPROTEROZOIC - EARLY CAMBRIAN,MARWAR,,,,,,
72.840700861,26.48977033123077,NEOPROTEROZOIC,MALANI IGNEOUS SUITE,,,,,,
72.72260267733333,26.352636557999997,NEOPROTEROZOIC,MALANI IGNEOUS SUITE,,,,,,
72.9187110325,26.3980067425,QUATERNARY,,,,,,,
72.96355420166667,26.342041413333334,QUATERNARY,,,,,,,
72.99888456753247,26.353470012467533,NEOPROTEROZOIC - EARLY CAMBRIAN,MARWAR,,,,,,
72.9096934859386,26.32613063335301,NEOPROTEROZOIC - EARLY CAMBRIAN,MARWAR,,,,,,
72.96141920973719,26.294448244756897,NEOPROTEROZOIC,MALANI IGNEOUS SUITE,,,,,,
73.02312136180328,26.31062842180328,NEOPROTEROZOIC,MALANI IGNEOUS SUITE,,,,,,
73.06137060392857,26.401465176785713,NEOPROTEROZOIC,MALANI IGNEOUS SUITE,,,,,,
73.0573892712,26.517924346,NEOPROTEROZOIC - EARLY CAMBRIAN,MARWAR,,,,,,
73.4598643240678,26.791764654745762,NEOPROTEROZOIC - EARLY CAMBRIAN,MARWAR,,,,,,
71.25994784176471,26.84834308529412,EARLY JURASSIC,,,,,,,
70.99908028615384,26.75712458711538,EARLY JURASSIC,,,,,,,
70.9717154335849,26.55564423981132,EARLY JURASSIC,,,,,,,
70.88947443392561,26.791560834173552,EARLY - MIDDLE JURASSIC,,,,,,,
70.895286404,27.049244534333337,MIDDLE JURASSIC,,,,,,,
70.81383317115942,27.108588036956522,MIDDLE - LATE JURASSIC,,,,,,,
70.66955334792453,27.115519681509436,LATE JURASSIC - EARLY CRETACEOUS,,,,,,,
70.96720455058824,27.324437147058823,LATE JURASSIC - EARLY CRETACEOUS,,,,,,,
70.5124115688889,27.0837044525,EARLY CRETACEOUS,,,,,,,
70.59136444261905,27.126974486785716,PALAEOCENE,,,,,,,
70.73684232416666,26.539210505833335,EARLY - MIDDLE JURASSIC,,,,,,,
71.029724071,26.159632521000002,NEOPROTEROZOIC,MALANI IGNEOUS SUITE,,,,,,
71.07816525620689,26.166731916551726,EARLY JURASSIC,,,,,,,
71.08247149185185,26.145602087407408,EARLY JURASSIC,,,,,,,
71.15924303807692,26.16458461403846,EARLY CRETACEOUS,,,,,,,
72.51091214961538,24.800037501730767,NEOPROTEROZOIC,,,,,,,
70.40171194963636,27.191047189090906,EOCENE,,,,,,,
70.57437624891892,27.355713429189187,EOCENE,,,,,,,
71.92399367888889,27.16633770111111,NEOPROTEROZOIC - EARLY CAMBRIAN,MARWAR,,,,,,
72.15341672205882,27.374312883529413,EARLY JURASSIC,,,,,,,
72.26372143895833,27.237916057083336,NEOPROTEROZOIC - EARLY CAMBRIAN,MARWAR,,,,,,
72.21725536666668,27.28859783769231,CARBONIFEROUS - PERMIAN,,,,,,,
72.3866039359091,27.38873638159091,CARBONIFEROUS - PERMIAN,,,,,,,
71.98388739102565,26.94704226923077,NEOPROTEROZOIC - EARLY CAMBRIAN,MARWAR,,,,,,
72.15957157809524,26.813469529047616,NEOPROTEROZOIC - EARLY CAMBRIAN,MARWAR,,,,,,
72.532652446,26.954455323999998,QUATERNARY,,,,,,,
72.61389961615384,26.955018681794872,NEOPROTEROZOIC - EARLY CAMBRIAN,MARWAR,,,,,,
73.67162780071429,26.80745320642857,NEOPROTEROZOIC - EARLY CAMBRIAN,MARWAR,,,,,,
73.2188699888889,26.74843484583333,NEOPROTEROZOIC - EARLY CAMBRIAN,MARWAR,,,,,,
72.84754477454545,26.818589427272727,NEOPROTEROZOIC - EARLY CAMBRIAN,MARWAR,,,,,,
71.25019480793104,26.445764303793105,EARLY CRETACEOUS,,,,,,,
71.33536237,26.426459465,QUATERNARY,,,,,,,
72.94426991857142,27.868787624761904,PALAEOCENE,,,,,,,
74.705188515,26.373628617500003,ARCHAEAN,BHILWARA,,,,,,
74.64927428,26.500020146666667,QUATERNARY,,,,,,,
74.59233074206828,26.483991495180486,PALAEOPROTEROZOIC - MESOPROTEROZOIC,DELHI,,,,,,
74.60666581596112,26.4745053862635,MESOPROTEROZOIC,,,,,,,
74.58246329434783,26.609587784565218,PALAEOPROTEROZOIC - MESOPROTEROZOIC,DELHI,,,,,,
74.70621415186046,26.665095149767442,PALAEOPROTEROZOIC - MESOPROTEROZOIC,DELHI,,,,,,
74.6422385875,26.4122820975,QUATERNARY,,,,,,,
74.68035279866668,26.435340342666667,PALAEOPROTEROZOIC - MESOPROTEROZOIC,DELHI,,,,,,
74.17672727761905,24.621004483333337,PALAEOPROTEROZOIC,BHILWARA,,,,,,
74.60651851076923,24.239731115999998,ARCHAEAN,BHILWARA,,,,,,
74.60081765867858,24.21295927017857,PALAEOPROTEROZOIC,BHILWARA,,,,,,
74.4751979992405,24.53468780936709,ARCHAEAN,,,,,,,
74.60772007943548,24.27540264545699,ARCHAEAN,,,,,,,
74.71257461911765,24.39539804617647,LATE CRETACEOUS - PALAEOCENE,DECCAN TRAP,,,,,,
74.72885151435896,24.245390456153846,LATE CRETACEOUS - PALAEOCENE,DECCAN TRAP,,,,,,
74.4672810271586,24.61064906640373,ARCHAEAN,BHILWARA,,,,,,
75.3742566965493,24.349517476478873,QUATERNARY,,,,,,,
70.67179069678922,23.745656349767156,LATE JURASSIC - EARLY CRETACEOUS,,,,,,,
70.67115911466814,23.72660779272124,LATE JURASSIC - EARLY CRETACEOUS,,,,,,,
79.84392719582712,25.44224507663998,QUATERNARY,,,,,,,
73.572705885,26.7665767125,QUATERNARY,,,,,,,
73.59710169333333,26.752197412857143,NEOPROTEROZOIC - EARLY CAMBRIAN,MARWAR,,,,,,
73.80807246325581,26.673465284418604,NEOPROTEROZOIC - EARLY CAMBRIAN,MARWAR,,,,,,
74.31856392600001,26.781859989999997,PALAEOPROTEROZOIC - MESOPROTEROZOIC,DELHI,,,,,,
75.14324223731958,27.19426662257732,PALAEOPROTEROZOIC - MESOPROTEROZOIC,DELHI,,,,,,
75.19860596597402,27.49081133948052,PALAEOPROTEROZOIC - MESOPROTEROZOIC,DELHI,,,,,,
73.08712931125,26.100241420625,NEOPROTEROZOIC,MALANI IGNEOUS SUITE,,,,,,
73.27537650829268,26.01064103317073,NEOPROTEROZOIC,,,,,,,
73.339408253,25.982022709,NEOPROTEROZOIC,,,,,,,
73.28302122,25.97000451157895,PALAEOPROTEROZOIC - MESOPROTEROZOIC,DELHI,,,,,,
73.34058996217391,25.874363049130437,NEOPROTEROZOIC,,,,,,,
75.88238928318182,27.411362049090908,PALAEOPROTEROZOIC - MESOPROTEROZOIC,DELHI,,,,,,
75.9846107570297,27.555225695643564,PALAEOPROTEROZOIC - MESOPROTEROZOIC,DELHI,,,,,,
76.0016082475,27.488538755,QUATERNARY,,,,,,,
76.02011650081633,27.47480962591837,PALAEOPROTEROZOIC - MESOPROTEROZOIC,DELHI,,,,,,
76.3201930864,27.7657447852,PALAEOPROTEROZOIC - MESOPROTEROZOIC,DELHI,,,,,,
75.5857686475,27.794725902499998,QUATERNARY,,,,,,,
75.59598012733456,27.788544431709557,PALAEOPROTEROZOIC - MESOPROTEROZOIC,DELHI,,,,,,
75.51220533082366,27.712649497645195,MESOPROTEROZOIC,,,,,,,
75.58427074337293,27.745493469002376,PALAEOPROTEROZOIC - MESOPROTEROZOIC,,,,,,,
75.58336178919541,27.779814820651342,PALAEOPROTEROZOIC - MESOPROTEROZOIC,DELHI,,,,,,
75.42293173561498,27.659688580427808,PALAEOPROTEROZOIC - MESOPROTEROZOIC,DELHI,,,,,,
75.48849243504348,27.673324145565218,PALAEOPROTEROZOIC - MESOPROTEROZOIC,DELHI,,,,,,
75.53111925937499,27.719802025499998,PALAEOPROTEROZOIC - MESOPROTEROZOIC,DELHI,,,,,,
75.53787399947369,27.614543361052633,PALAEOPROTEROZOIC - MESOPROTEROZOIC,DELHI,,,,,,
75.4396428686704,27.666338514906368,PALAEOPROTEROZOIC - MESOPROTEROZOIC,DELHI,,,,,,
75.9822256275,27.69564743,QUATERNARY,,,,,,,
75.97376321580644,27.6845691016129,MESOPROTEROZOIC,,,,,,,
75.94385183882353,27.66234806117647,MESOPROTEROZOIC,,,,,,,
75.94536730036586,27.692038039290466,PALAEOPROTEROZOIC - MESOPROTEROZOIC,DELHI,,,,,,
75.93202055885058,27.814538364827587,PALAEOPROTEROZOIC - MESOPROTEROZOIC,DELHI,,,,,,
76.0181670514423,27.85732743875,PALAEOPROTEROZOIC - MESOPROTEROZOIC,DELHI,,,,,,
76.07421308775,27.924133459500002,PALAEOPROTEROZOIC - MESOPROTEROZOIC,DELHI,,,,,,
76.0588782107317,27.97096642804878,PALAEOPROTEROZOIC - MESOPROTEROZOIC,DELHI,,,,,,
75.7983303931579,28.043238554736842,PALAEOPROTEROZOIC - MESOPROTEROZOIC,DELHI,,,,,,
75.79435176269232,27.946561046923076,PALAEOPROTEROZOIC - MESOPROTEROZOIC,DELHI,,,,,,
75.80767478356688,27.98686524547771,PALAEOPROTEROZOIC - MESOPROTEROZOIC,DELHI,,,,,,
75.87140108894737,28.08032596894737,PALAEOPROTEROZOIC - MESOPROTEROZOIC,DELHI,,,,,,
75.88478634857142,28.042359058571428,PALAEOPROTEROZOIC - MESOPROTEROZOIC,DELHI,,,,,,
76.416457889375,28.0042298259375,PALAEOPROTEROZOIC - MESOPROTEROZOIC,DELHI,,,,,,
77.16238555541666,28.494757844107145,PALAEOPROTEROZOIC - MESOPROTEROZOIC,DELHI,,,,,,
76.34338376391304,28.099528178695653,PALAEOPROTEROZOIC - MESOPROTEROZOIC,DELHI,,,,,,
76.020690354,27.813043024000002,QUATERNARY,,,,,,,
76.0461729826923,27.83109126923077,PALAEOPROTEROZOIC - MESOPROTEROZOIC,DELHI,,,,,,
76.091927139375,27.788280180625,PALAEOPROTEROZOIC - MESOPROTEROZOIC,DELHI,,,,,,
77.24266002692308,27.598745165641024,PALAEOPROTEROZOIC - MESOPROTEROZOIC,DELHI,,,,,,
77.02953205834864,27.734953503761467,PALAEOPROTEROZOIC - MESOPROTEROZOIC,DELHI,,,,,,
77.618814964,27.07513013,QUATERNARY,,,,,,,
77.673434558125,27.099351301875,NEOPROTEROZOIC,VINDHYAN,,,,,,
72.5931146465909,27.576108550227275,CARBONIFEROUS - PERMIAN,,,,,,,
75.81459301622222,28.00702763155556,PALAEOPROTEROZOIC - MESOPROTEROZOIC,DELHI,,,,,,
76.04908676193548,28.330871092580644,PALAEOPROTEROZOIC - MESOPROTEROZOIC,DELHI,,,,,,
76.10291854933332,28.3928665,PALAEOPROTEROZOIC - MESOPROTEROZOIC,DELHI,,,,,,
76.12720761375,28.38832589,PALAEOPROTEROZOIC - MESOPROTEROZOIC,DELHI,,,,,,
77.29772424611112,27.00649605888889,PALAEOPROTEROZOIC - MESOPROTEROZOIC,DELHI,,,,,,
76.84104585918918,27.555477684324327,PALAEOPROTEROZOIC - MESOPROTEROZOIC,DELHI,,,,,,
69.05095262638889,22.284254212083333,MIOCENE - PLIOCENE,,,,,,,
69.19335224631578,22.180656181578946,MIOCENE - PLIOCENE,,,,,,,
69.3067141275,22.2405246175,MIOCENE,,,,,,,
69.32122126695651,22.25541313,PALAEOCENE - EOCENE,,,,,,,
69.31963206358975,22.22844260102564,PALAEOCENE - EOCENE,,,,,,,
69.35041444272727,22.127273860909092,PALAEOCENE - EOCENE,,,,,,,
69.3006472902381,22.17279238220238,MIOCENE,,,,,,,
69.31427773333333,21.86878415857143,QUATERNARY,,,,,,,
70.54206519249999,20.96962633,QUATERNARY,,,,,,,
70.43766402026316,20.988148705789474,MIOCENE,,,,,,,
70.4956144673913,20.96006718,MIOCENE,,,,,,,
70.54543937565218,20.969130834347826,MIOCENE,,,,,,,
70.63323783550001,20.9002052985,MIOCENE,,,,,,,
70.78280743714285,20.789223645714287,MIOCENE,,,,,,,
70.90503465052632,20.77831553473684,MIOCENE,,,,,,,
71.33147789571429,20.93254250190476,MIOCENE,,,,,,,
71.04744044688937,22.603795156659366,EARLY CRETACEOUS,,,,,,,
71.28145505628399,22.993712538932527,EARLY CRETACEOUS,,,,,,,
73.51270864764706,22.413799655294117,LATE CRETACEOUS,,,,,,,
73.19089518565218,23.31276907884058,LATE CRETACEOUS - PALAEOCENE,DECCAN TRAP,,,,,,
72.06161108574469,21.27042930212766,MIOCENE,,,,,,,
72.18392238,21.64198638280702,MIOCENE,,,,,,,
69.41881242529412,23.50637469176471,EOCENE,,,,,,,
71.46052713642857,23.522016162857142,MIOCENE,,,,,,,
72.25913314600001,24.903963445666665,NEOPROTEROZOIC,MALANI IGNEOUS SUITE,,,,,,
73.25703690658537,24.70557461609756,MESOPROTEROZOIC,,,,,,,
73.46535671222222,24.99246283777778,MESOPROTEROZOIC,,,,,,,
73.38924180482758,24.877594072413793,MESOPROTEROZOIC,,,,,,,
74.36462248000001,26.417225507,PALAEOPROTEROZOIC - MESOPROTEROZOIC,DELHI,,,,,,
73.53996041282609,25.169063505217395,NEOPROTEROZOIC,,,,,,,
72.77883851918367,23.97333223265306,MESOPROTEROZOIC,,,,,,,
72.69712838304348,24.753939370978262,NEOPROTEROZOIC,,,,,,,
72.89724323291667,25.082103619999998,NEOPROTEROZOIC,,,,,,,
73.14054923,25.197182766,NEOPROTEROZOIC,,,,,,,
73.80476849304999,26.4826816938,NEOPROTEROZOIC - EARLY CAMBRIAN,MARWAR,,,,,,
75.26809145,26.66665850361111,ARCHAEAN,,,,,,,
75.23587121866667,26.660539492,ARCHAEAN,BHILWARA,,,,,,
74.98855818375,26.35841297916667,ARCHAEAN,,,,,,,
74.916227043,26.171221781999996,ARCHAEAN,,,,,,,
74.89543803851852,26.03374740574074,ARCHAEAN,,,,,,,
75.4422558446,26.2706695468,ARCHAEAN,BHILWARA,,,,,,
76.60413334445596,26.353039994611397,PALAEOPROTEROZOIC,BHILWARA,,,,,,
77.08982422214285,26.549271969285712,NEOPROTEROZOIC,VINDHYAN,,,,,,
70.32204091289063,23.8844032009375,MIDDLE - LATE JURASSIC,,,,,,,
70.33688957366667,23.918346939166668,MIDDLE JURASSIC,,,,,,,
70.69161700209877,23.92344776283951,MIDDLE JURASSIC,,,,,,,
70.67672984428572,23.912997155357143,MIDDLE - LATE JURASSIC,,,,,,,
70.6873997028866,23.900721973195875,LATE JURASSIC - EARLY CRETACEOUS,,,,,,,
70.74096899888889,23.88082240847222,EARLY CRETACEOUS,,,,,,,
70.7568339762857,23.861317162785713,MIOCENE,,,,,,,
70.87527687243697,23.852964878403363,EARLY CRETACEOUS,,,,,,,
70.87483946740741,23.862840281666667,LATE JURASSIC - EARLY CRETACEOUS,,,,,,,
70.87601702225,23.867044856,MIDDLE - LATE JURASSIC,,,,,,,
70.88494857692308,23.87434813769231,MIDDLE JURASSIC,,,,,,,
72.952251692,27.07823253,NEOPROTEROZOIC - EARLY CAMBRIAN,MARWAR,,,,,,
73.22711896375,27.1748787334375,NEOPROTEROZOIC - EARLY CAMBRIAN,MARWAR,,,,,,
72.381298720625,26.974574955,NEOPROTEROZOIC - EARLY CAMBRIAN,MARWAR,,,,,,
74.70377634833334,27.020834034523812,PALAEOPROTEROZOIC - MESOPROTEROZOIC,DELHI,,,,,,
74.80588880933333,27.068857409166664,PALAEOPROTEROZOIC - MESOPROTEROZOIC,DELHI,,,,,,
74.8542305986,27.0202393134,PALAEOPROTEROZOIC - MESOPROTEROZOIC,DELHI,,,,,,
74.84042938953847,26.925286784615384,PALAEOPROTEROZOIC - MESOPROTEROZOIC,DELHI,,,,,,
74.9859364007143,27.077716400714284,PALAEOPROTEROZOIC - MESOPROTEROZOIC,DELHI,,,,,,
75.85327341866142,27.65163522645669,PALAEOPROTEROZOIC - MESOPROTEROZOIC,DELHI,,,,,,
75.98854964932258,27.879115511548385,PALAEOPROTEROZOIC - MESOPROTEROZOIC,DELHI,,,,,,
75.98087990055555,27.89960789222222,PALAEOPROTEROZOIC - MESOPROTEROZOIC,DELHI,,,,,,
77.21548255156682,26.908854525299542,PALAEOPROTEROZOIC - MESOPROTEROZOIC,DELHI,,,,,,
76.58271177107784,27.114471028682633,PALAEOPROTEROZOIC - MESOPROTEROZOIC,DELHI,,,,,,
76.57158395588785,27.194845375233644,ARCHAEAN,BHILWARA,,,,,,
76.62423906428572,27.226555086666664,ARCHAEAN,BHILWARA,,,,,,
76.637474676875,27.22099904375,ARCHAEAN,BHILWARA,,,,,,
76.48089973068966,27.145110812068964,PALAEOPROTEROZOIC - MESOPROTEROZOIC,DELHI,,,,,,
74.52795474125,27.355805746875,PALAEOPROTEROZOIC - MESOPROTEROZOIC,DELHI,,,,,,
74.2255832325,27.17584603,QUATERNARY,,,,,,,
74.26936009185185,27.192015834444444,NEOPROTEROZOIC - EARLY CAMBRIAN,MARWAR,,,,,,
74.330018933125,27.14004657625,NEOPROTEROZOIC - EARLY CAMBRIAN,MARWAR,,,,,,
75.79955522666667,27.20084666095238,PALAEOPROTEROZOIC - MESOPROTEROZOIC,DELHI,,,,,,
75.87586904057143,27.222572949714287,PALAEOPROTEROZOIC - MESOPROTEROZOIC,DELHI,,,,,,
75.90144490736843,27.29725297842105,PALAEOPROTEROZOIC - MESOPROTEROZOIC,DELHI,,,,,,
76.02867730170732,27.341568119512196,PALAEOPROTEROZOIC - MESOPROTEROZOIC,DELHI,,,,,,
76.05473502222223,27.318253886666668,PALAEOPROTEROZOIC - MESOPROTEROZOIC,DELHI,,,,,,
75.96800835061538,27.208913584153848,PALAEOPROTEROZOIC - MESOPROTEROZOIC,DELHI,,,,,,
75.931245074,27.238439158,PALAEOPROTEROZOIC - MESOPROTEROZOIC,DELHI,,,,,,
76.09744611566666,27.315438225666664,PALAEOPROTEROZOIC - MESOPROTEROZOIC,DELHI,,,,,,
76.13619755333335,26.826855444666666,PALAEOPROTEROZOIC - MESOPROTEROZOIC,DELHI,,,,,,
72.64574462580644,26.249792372903226,NEOPROTEROZOIC,MALANI IGNEOUS SUITE,,,,,,
72.51471259121212,26.13988699090909,NEOPROTEROZOIC,MALANI IGNEOUS SUITE,,,,,,
72.36554732766668,26.067533880333333,NEOPROTEROZOIC,MALANI IGNEOUS SUITE,,,,,,
71.33779943263157,25.76088305894737,NEOPROTEROZOIC,MALANI IGNEOUS SUITE,,,,,,
71.35143469269231,25.69918046730769,NEOPROTEROZOIC,MALANI IGNEOUS SUITE,,,,,,
71.26093690227273,25.73002598090909,NEOPROTEROZOIC,MALANI IGNEOUS SUITE,,,,,,
71.22735183777779,25.656076327222223,NEOPROTEROZOIC,MALANI IGNEOUS SUITE,,,,,,
71.30852670777777,25.61257631666667,NEOPROTEROZOIC,MALANI IGNEOUS SUITE,,,,,,
71.22083539432433,25.564907146486487,NEOPROTEROZOIC,MALANI IGNEOUS SUITE,,,,,,
71.17746153904761,25.82857980261905,NEOPROTEROZOIC,MALANI IGNEOUS SUITE,,,,,,
71.05059448142858,25.806359615714285,NEOPROTEROZOIC,MALANI IGNEOUS SUITE,,,,,,
73.43851460462686,26.63801263029851,NEOPROTEROZOIC - EARLY CAMBRIAN,MARWAR,,,,,,
73.29409544913042,26.66163278782609,NEOPROTEROZOIC - EARLY CAMBRIAN,MARWAR,,,,,,
73.37898212692308,26.661905028846153,NEOPROTEROZOIC - EARLY CAMBRIAN,MARWAR,,,,,,
73.28485093419354,26.584534776451612,NEOPROTEROZOIC - EARLY CAMBRIAN,MARWAR,,,,,,
73.34081402634146,26.578551243658538,NEOPROTEROZOIC - EARLY CAMBRIAN,MARWAR,,,,,,
73.3379428125,26.6928860925,QUATERNARY,,,,,,,
73.352993096875,26.694983785,NEOPROTEROZOIC - EARLY CAMBRIAN,MARWAR,,,,,,
86.49767802106146,23.146515630335195,ARCHAEAN- PALAEOPROTEROZOIC,,,,,,,
86.33696034683169,23.260075373861383,ARCHAEAN- PALAEOPROTEROZOIC,,,,,,,
85.5625863508,23.960317490666668,ARCHAEAN- PALAEOPROTEROZOIC,,,,,,,
85.06019161092702,23.995317654930965,ARCHAEAN- PALAEOPROTEROZOIC,,,,,,,
85.82605138019608,24.14219677705882,ARCHAEAN- PALAEOPROTEROZOIC,,,,,,,
86.16890074945945,24.102146230270268,PROTEROZOIC,,,,,,,
86.1296745444347,24.086357223463377,ARCHAEAN- PALAEOPROTEROZOIC,,,,,,,
88.51254046026081,26.879701920370625,PLIOCENE - PLEISTOCENE,,,,,,,
88.28351561529412,26.833474265294118,PERMIAN,GONDWANA,,,,,,
88.47611352762452,26.91095015180077,PERMIAN,GONDWANA,,,,,,
88.27565734615385,26.823357977948717,PLIOCENE - PLEISTOCENE,,,,,,,
88.23169115806452,26.80031424451613,PLIOCENE - PLEISTOCENE,,,,,,,
88.22341658349207,26.813899117142856,PROTEROZOIC,,,,,,,
88.659377505,26.96851718,QUATERNARY,,,,,,,
88.21764575074627,26.820623777462686,PROTEROZOIC,,,,,,,
88.50041753810527,26.929906595824562,PROTEROZOIC,,,,,,,
88.64460437,27.1426554325,QUATERNARY,,,,,,,
88.49634282011056,27.162422215664776,PROTEROZOIC,,,,,,,
88.44068030306123,27.245924781020406,PROTEROZOIC,,,,,,,
88.33842555214532,27.213285635536334,PROTEROZOIC,,,,,,,
88.3447320820202,27.20298660818182,PROTEROZOIC,,,,,,,
88.34548070367347,27.238066941224492,PROTEROZOIC,,,,,,,
88.2856282237288,27.220651048474576,PROTEROZOIC,,,,,,,
88.25761607672727,27.138224054545457,PROTEROZOIC,,,,,,,
88.32482747263158,27.132365639473687,CARBONIFEROUS - EARLY PERMIAN,GONDWANA,,,,,,
88.33028334511707,27.210203903277595,PERMIAN,GONDWANA,,,,,,
88.33714844383908,27.21776280675862,CARBONIFEROUS - EARLY PERMIAN,GONDWANA,,,,,,
88.38423836774194,27.163704042580648,PROTEROZOIC,,,,,,,
88.24293433536843,27.168340109789476,PROTEROZOIC,,,,,,,
88.55310139507944,27.22560764637156,PROTEROZOIC,,,,,,,
88.64485337018975,27.187180702893738,MESOPROTEROZOIC,,,,,,,
88.54741958655173,27.33290389551724,MESOPROTEROZOIC,,,,,,,
88.39931474732228,27.44209446372038,PROTEROZOIC,,,,,,,
88.094368925,27.4375013575,QUATERNARY,,,,,,,
88.093634175,27.491848406785714,CENOZOIC,,,,,,,
88.08379523276595,27.453786577872343,CENOZOIC,,,,,,,
88.35821614039371,26.94733016425197,MESOPROTEROZOIC,,,,,,,
88.41888364086724,27.77539535031466,,,,,,,,
88.73671249,27.838124676666666,,,,,,,,
88.62905545449999,27.608986152,PROTEROZOIC,,,,,,,
88.82805541229509,27.330276853770492,,,,,,,,
88.71427566272727,27.208137699999998,PROTEROZOIC,,,,,,,
88.65620854762678,27.054265278483772,PROTEROZOIC,,,,,,,
71.38745106590362,21.461205180963855,QUATERNARY,,,,,,,
71.06143515792522,22.606978290447216,EARLY CRETACEOUS,,,,,,,
72.86468723314867,23.61169837762696,PALAEOCENE,,,,,,,
72.87504684712526,23.61666431344969,LATE CRETACEOUS - PALAEOCENE,DECCAN TRAP,,,,,,
88.79750572192307,28.040028246428573,,,,,,,,
88.67175992917241,28.08358051413793,TRIASSIC - JURASSIC,GONDWANA,,,,,,
88.75236698907976,28.03784142527607,TRIASSIC - JURASSIC,GONDWANA,,,,,,
88.32315845998063,26.990465638895348,PROTEROZOIC,,,,,,,
88.52214635003907,27.051899285351563,MESOPROTEROZOIC,,,,,,,
88.34246442276738,27.914505697276738,PROTEROZOIC,,,,,,,
88.36696925990081,27.915172479801623,PROTEROZOIC,,,,,,,
88.24522534486755,27.90092402076159,PROTEROZOIC,,,,,,,
88.21514928271029,27.27166907009346,MESOPROTEROZOIC,,,,,,,
85.66044916280993,24.54827303867769,PALAEOPROTEROZOIC - MESOPROTEROZOIC,,,,,,,
85.58545946676924,24.648081299692308,PROTEROZOIC,,,,,,,
85.67415377569768,24.568030394999997,NEOPROTEROZOIC,,,,,,,
85.48439764277457,24.533115636184974,NEOPROTEROZOIC,,,,,,,
86.0234232419883,24.697194605847955,NEOPROTEROZOIC,,,,,,,
85.81588546788461,24.588014874807694,NEOPROTEROZOIC,,,,,,,
85.82025569,24.54758102126437,NEOPROTEROZOIC,,,,,,,
85.74717087307693,24.689795434733725,NEOPROTEROZOIC,,,,,,,
85.8579334481119,24.61355622853147,NEOPROTEROZOIC,,,,,,,
85.94249222832488,24.622556684416246,PROTEROZOIC,,,,,,,
86.07549851753247,24.556333285454546,NEOPROTEROZOIC,,,,,,,
86.60859405994358,24.71299883942172,PALAEOPROTEROZOIC - MESOPROTEROZOIC,,,,,,,
87.62506527603458,25.088748363096087,QUATERNARY,,,,,,,
87.55857386881672,24.90630092175114,JURASSIC- CRETACEOUS,,,,,,,
87.642897039,25.200342789666667,CENOZOIC,,,,,,,
87.59578327,25.20532227347826,CENOZOIC,,,,,,,
83.08192821,25.066677579999997,QUATERNARY,,,,,,,
83.1149584490625,25.06137168,MESOPROTEROZOIC,VINDHYAN,,,,,,
83.13364851064517,25.039218511935484,MESOPROTEROZOIC,VINDHYAN,,,,,,
83.41064767886364,25.029679864772728,MESOPROTEROZOIC,VINDHYAN,,,,,,
83.75163787080808,24.738028214747473,MESOPROTEROZOIC,VINDHYAN,,,,,,
83.92425456368254,24.80608892047619,MESOPROTEROZOIC,VINDHYAN,,,,,,
82.95826717762712,24.5182201720339,MESOPROTEROZOIC,VINDHYAN,,,,,,
83.32233627732194,24.43526285934473,MESOPROTEROZOIC,VINDHYAN,,,,,,
90.99368556,26.030051168125,PROTEROZOIC,ASSAM - MEGHALAYA GNEISSIC COMPLEX,,,,,,
90.5705505055665,26.1782387344335,PROTEROZOIC,ASSAM - MEGHALAYA GNEISSIC COMPLEX,,,,,,
90.52915322317646,26.18141626388235,PROTEROZOIC,ASSAM - MEGHALAYA GNEISSIC COMPLEX,,,,,,
90.47021276946768,26.091560430038022,PROTEROZOIC,ASSAM - MEGHALAYA GNEISSIC COMPLEX,,,,,,
90.50765345609196,26.07829233260536,PROTEROZOIC,ASSAM - MEGHALAYA GNEISSIC COMPLEX,,,,,,
90.54147346050453,26.36167127393273,PROTEROZOIC,ASSAM - MEGHALAYA GNEISSIC COMPLEX,,,,,,
90.33354512041812,26.32385853512195,PROTEROZOIC,ASSAM - MEGHALAYA GNEISSIC COMPLEX,,,,,,
91.673760446,26.218715303885713,PROTEROZOIC,ASSAM - MEGHALAYA GNEISSIC COMPLEX,,,,,,
91.74032193103449,26.28442786862069,PROTEROZOIC,ASSAM - MEGHALAYA GNEISSIC COMPLEX,,,,,,
91.71134148003759,26.148289471654135,PROTEROZOIC,ASSAM - MEGHALAYA GNEISSIC COMPLEX,,,,,,
91.76574091428571,26.146023338291926,PROTEROZOIC,ASSAM - MEGHALAYA GNEISSIC COMPLEX,,,,,,
91.80958027222836,26.164070798913446,PROTEROZOIC,ASSAM - MEGHALAYA GNEISSIC COMPLEX,,,,,,
91.81802983208571,26.196696786085713,PROTEROZOIC,ASSAM - MEGHALAYA GNEISSIC COMPLEX,,,,,,
91.99936584616935,26.261118157379034,PROTEROZOIC,ASSAM - MEGHALAYA GNEISSIC COMPLEX,,,,,,
92.03882128471751,26.1699293990113,PROTEROZOIC,ASSAM - MEGHALAYA GNEISSIC COMPLEX,,,,,,
91.26002234883894,25.967329495093633,NEOPROTEROZOIC - EARLY PALAEOZOIC,,,,,,,
93.44562886157848,26.221707939435625,PROTEROZOIC,ASSAM - MEGHALAYA GNEISSIC COMPLEX,,,,,,
90.85360700032088,25.639927358497403,PROTEROZOIC,ASSAM - MEGHALAYA GNEISSIC COMPLEX,,,,,,
93.23781586481978,27.556927272973738,PALAEOPROTEROZOIC,,,,,,,
90.14926511464286,25.259833099285714,MIOCENE - PLIOCENE,,,,,,,
94.37691335920996,24.56723844522727,LATE CRETACEOUS - PALAEOCENE,,,,,,,
92.76203176042289,25.552514598141162,PALAEOCENE - EOCENE,,,,,,,
91.61757717867391,25.202051176891302,PALAEOCENE - EOCENE,,,,,,,
90.43306031752896,25.259566832857143,MIOCENE - PLIOCENE,,,,,,,
90.07103790690054,25.52149029165767,MIOCENE - PLIOCENE,,,,,,,
91.53364330265624,23.18943724125,MIOCENE - PLIOCENE,,,,,,,
89.9041455776923,25.419891983846153,,,,,,,,
96.69333467138365,27.425068082368973,PLIOCENE - PLEISTOCENE,,,,,,,
93.6636457299363,25.636897915477707,PLIOCENE - PLEISTOCENE,,,,,,,
91.49129081060774,25.452112558139962,NEOPROTEROZOIC - EARLY PALAEOZOIC,,,,,,,
93.48933002335946,27.255450579102188,MIOCENE,,,,,,,
89.99582489104498,25.687945181402114,PALAEOCENE - EOCENE,,,,,,,
90.02761285703704,25.69745417260943,MIOCENE - PLIOCENE,,,,,,,
90.16016626733243,25.65959053345417,PALAEOCENE - EOCENE,,,,,,,
90.21954653762295,25.526544120409834,PALAEOCENE - EOCENE,,,,,,,
90.14110208809028,25.561312305625002,NEOPROTEROZOIC - EARLY PALAEOZOIC,,,,,,,
90.46515703707692,25.28037680350769,EOCENE - OLIGOCENE,,,,,,,
90.38181946550604,25.46361953898793,PALAEOCENE - EOCENE,,,,,,,
91.24128249097903,25.299732726853147,CRETACEOUS,,,,,,,
91.1949940319115,25.31677326435398,CRETACEOUS,,,,,,,
91.14853697547147,25.330512559274194,CRETACEOUS,,,,,,,
91.18076104248141,25.30108427288104,CRETACEOUS,,,,,,,
91.26273534929078,25.444778171276596,NEOPROTEROZOIC - EARLY PALAEOZOIC,,,,,,,
91.44266375571429,25.249937154285714,PROTEROZOIC,ASSAM - MEGHALAYA GNEISSIC COMPLEX,,,,,,
91.43213938413139,25.224231747503648,JURASSIC- CRETACEOUS,,,,,,,
91.56554003779264,25.247361873377926,PALAEOCENE - EOCENE,,,,,,,
91.64429367291139,25.255786507341774,PROTEROZOIC,ASSAM - MEGHALAYA GNEISSIC COMPLEX,,,,,,
91.69615517553191,25.223594543853427,JURASSIC- CRETACEOUS,,,,,,,
91.57764252969095,25.23283885670346,CRETACEOUS,,,,,,,
91.71374207681673,25.24815061540193,PALAEOCENE - EOCENE,,,,,,,
91.37627212414634,25.195007386951218,PROTEROZOIC,ASSAM - MEGHALAYA GNEISSIC COMPLEX,,,,,,
91.38523822878204,25.200564273910256,MIOCENE - PLIOCENE,,,,,,,
91.85374346310458,25.480884843039213,NEOPROTEROZOIC - EARLY PALAEOZOIC,,,,,,,
91.509646177,25.629437545043476,NEOPROTEROZOIC - EARLY PALAEOZOIC,,,,,,,
91.40448302703489,25.698294879302324,NEOPROTEROZOIC - EARLY PALAEOZOIC,,,,,,,
91.20439731784404,25.766941377461773,NEOPROTEROZOIC - EARLY PALAEOZOIC,,,,,,,
91.92801590742557,25.794604445971977,PROTEROZOIC,,,,,,,
90.9468810482,25.597390360099997,PROTEROZOIC,,,,,,,
90.95054144025974,25.675964512467534,PROTEROZOIC,,,,,,,
90.64466747,25.819936285689657,NEOPROTEROZOIC - EARLY PALAEOZOIC,,,,,,,
90.61692386,25.8463020225,QUATERNARY,,,,,,,
90.61725676,25.84662787,QUATERNARY,,,,,,,
90.72315624880001,25.811422750000002,PROTEROZOIC,ASSAM - MEGHALAYA GNEISSIC COMPLEX,,,,,,
90.68146499278329,25.870989603836975,PROTEROZOIC,,,,,,,
90.53575674333334,25.577508525757576,PALAEOCENE - EOCENE,,,,,,,
90.7263717996875,25.74167059446429,NEOPROTEROZOIC - EARLY PALAEOZOIC,,,,,,,
90.8219135745,25.636877220000002,NEOPROTEROZOIC - EARLY PALAEOZOIC,,,,,,,
92.17078871643591,25.9845973279363,NEOPROTEROZOIC - EARLY PALAEOZOIC,,,,,,,
92.062410150502,25.685219192640563,NEOPROTEROZOIC - EARLY PALAEOZOIC,,,,,,,
91.89832571659575,25.303384490491,PALAEOCENE - EOCENE,,,,,,,
91.95127517441767,25.2845536435743,NEOPROTEROZOIC - EARLY PALAEOZOIC,,,,,,,
92.46290843460784,25.967093824313725,NEOPROTEROZOIC - EARLY PALAEOZOIC,,,,,,,
92.51184420485153,25.582905311317052,PROTEROZOIC,ASSAM - MEGHALAYA GNEISSIC COMPLEX,,,,,,
92.56045791645161,25.9966807,PALAEOPROTEROZOIC - MESOPROTEROZOIC,,,,,,,
92.17877185869543,25.657473865327955,PALAEOPROTEROZOIC - MESOPROTEROZOIC,,,,,,,
92.26051531957015,25.610787944388058,NEOPROTEROZOIC - EARLY PALAEOZOIC,,,,,,,
92.11932198034326,25.57684067324943,LATE CRETACEOUS - PALAEOCENE,,,,,,,
92.02850782249999,25.358413575,PALAEOPROTEROZOIC - MESOPROTEROZOIC,,,,,,,
92.0546148652839,25.378247347624566,PALAEOCENE - EOCENE,,,,,,,
93.24917265,26.463346194000003,PROTEROZOIC,ASSAM - MEGHALAYA GNEISSIC COMPLEX,,,,,,
93.1328034047826,26.489151381490686,PROTEROZOIC,ASSAM - MEGHALAYA GNEISSIC COMPLEX,,,,,,
93.466143565,26.57460116,QUATERNARY,,,,,,,
93.00859021269511,26.390804267273673,PALAEOPROTEROZOIC - MESOPROTEROZOIC,,,,,,,
93.400069434,26.572156144,QUATERNARY,,,,,,,
93.5893219935313,26.532378408608885,NEOPROTEROZOIC - EARLY PALAEOZOIC,,,,,,,
92.1847500575,25.669494115,PALAEOPROTEROZOIC - MESOPROTEROZOIC,,,,,,,
92.23593336271986,25.707479728094462,PROTEROZOIC,ASSAM - MEGHALAYA GNEISSIC COMPLEX,,,,,,
91.30371724747293,25.956213966588447,NEOPROTEROZOIC - EARLY PALAEOZOIC,,,,,,,
90.73559581,25.8863996325,QUATERNARY,,,,,,,
90.66401974333333,25.893438818333333,QUATERNARY,,,,,,,
90.7046114507362,25.903343354171778,PROTEROZOIC,ASSAM - MEGHALAYA GNEISSIC COMPLEX,,,,,,
93.41953962934174,25.77872394275266,MIOCENE,,,,,,,
93.4428121338,25.768392419257143,MIOCENE - PLIOCENE,,,,,,,
94.14211263753968,26.123196611666664,MIOCENE,,,,,,,
94.36459180605635,26.443543169239437,MIOCENE - PLIOCENE,,,,,,,
93.58835335715366,25.624952118866496,MIOCENE - PLIOCENE,,,,,,,
94.51958900726777,26.571447695519126,EOCENE - OLIGOCENE,,,,,,,
94.62650904408537,26.649730473902437,MIOCENE - PLIOCENE,,,,,,,
92.70649476165165,25.54210829674174,NEOPROTEROZOIC - EARLY PALAEOZOIC,,,,,,,
92.59926119899409,25.69145757207101,PROTEROZOIC,ASSAM - MEGHALAYA GNEISSIC COMPLEX,,,,,,
92.61105606001811,25.58095106442029,NEOPROTEROZOIC - EARLY PALAEOZOIC,,,,,,,
92.50238096569892,25.636705217921147,NEOPROTEROZOIC - EARLY PALAEOZOIC,,,,,,,
92.44969940370191,25.691830414855772,NEOPROTEROZOIC - EARLY PALAEOZOIC,,,,,,,
92.6922170725,24.829954370000003,QUATERNARY,,,,,,,
92.668064246,24.798629354000003,QUATERNARY,,,,,,,
92.66166408981817,24.474382493818183,MIOCENE - PLIOCENE,,,,,,,
92.44047043567505,24.602209278718536,QUATERNARY,,,,,,,
92.50353991596774,24.231215921182798,MIOCENE - PLIOCENE,,,,,,,
92.4500638542623,24.464738248688523,MIOCENE - PLIOCENE,,,,,,,
93.33619522888276,25.02208465566897,MIOCENE - PLIOCENE,,,,,,,
92.75396153625,24.653184342083335,PLIOCENE - PLEISTOCENE,,,,,,,
93.10465514,24.0441099,QUATERNARY,,,,,,,
93.172478118,23.5662618,QUATERNARY,,,,,,,
93.19382840026877,23.820520885810936,EOCENE - OLIGOCENE,,,,,,,
93.08555894,25.998527865,PROTEROZOIC,ASSAM - MEGHALAYA GNEISSIC COMPLEX,,,,,,
93.4599251125,24.7216590225,QUATERNARY,,,,,,,
93.45110784833332,24.692275756666664,QUATERNARY,,,,,,,
93.661402584,25.165145566,EOCENE - OLIGOCENE,,,,,,,
93.7722578075,25.14475863,EOCENE - OLIGOCENE,,,,,,,
93.91508486250001,25.3706139275,EOCENE - OLIGOCENE,,,,,,,
93.80549205833334,25.46012822333333,EOCENE - OLIGOCENE,,,,,,,
93.79370462286215,25.270822983028975,EOCENE - OLIGOCENE,,,,,,,
94.26020628352941,26.12661518058823,EOCENE - OLIGOCENE,,,,,,,
92.59600449417583,24.672486838021975,QUATERNARY,,,,,,,
92.76501932040536,24.331098081667175,MIOCENE,,,,,,,
93.18841056829721,24.901662618643574,EOCENE - OLIGOCENE,,,,,,,
92.18242546285714,24.426671275714288,PLIOCENE - PLEISTOCENE,,,,,,,
94.88052981967742,26.848544137419356,MIOCENE,,,,,,,
93.92880188223684,24.66756922881579,QUATERNARY,,,,,,,
94.89703679046096,26.65815055993885,EOCENE - OLIGOCENE,,,,,,,
95.48858551169015,26.8716290428169,EOCENE - OLIGOCENE,,,,,,,
95.1667452575,26.621471715000002,EOCENE - OLIGOCENE,,,,,,,
95.15913855,26.61103581,EOCENE - OLIGOCENE,,,,,,,
95.15333178909091,26.608056400909092,EOCENE - OLIGOCENE,,,,,,,
95.02556925799283,26.55945332215054,EOCENE - OLIGOCENE,,,,,,,
94.20098386333332,25.412408685,EOCENE - OLIGOCENE,,,,,,,
95.438157288,27.12261553,QUATERNARY,,,,,,,
95.6376911025,27.270385735833333,QUATERNARY,,,,,,,
95.83534968717315,27.282993667491166,MIOCENE - PLIOCENE,,,,,,,
96.29711287871537,27.362506186423172,EOCENE - OLIGOCENE,,,,,,,
90.50763421,26.315329485,QUATERNARY,,,,,,,
90.551304985,26.455669002500002,QUATERNARY,,,,,,,
90.581549685,26.4122434775,QUATERNARY,,,,,,,
93.82305317161442,25.04159446283699,EOCENE - OLIGOCENE,,,,,,,
93.3867336999865,24.835798738081078,MIOCENE,,,,,,,
92.11393434301557,24.2840012463035,MIOCENE - PLIOCENE,,,,,,,
91.99853755756756,24.114979979729732,MIOCENE - PLIOCENE,,,,,,,
91.84376374462687,23.839434050149254,MIOCENE - PLIOCENE,,,,,,,
91.6995558519685,23.500079607244093,MIOCENE - PLIOCENE,,,,,,,
91.33568231130081,23.625210540813008,MIOCENE - PLIOCENE,,,,,,,
91.3548547459596,23.359478511363637,MIOCENE - PLIOCENE,,,,,,,
91.43704566698631,23.337305567739726,PLIOCENE - PLEISTOCENE,,,,,,,
93.1065178825,26.31192244,QUATERNARY,,,,,,,
93.11803992783506,26.290241211993127,NEOPROTEROZOIC - EARLY PALAEOZOIC,,,,,,,
91.854359026,25.766587548,PROTEROZOIC,ASSAM - MEGHALAYA GNEISSIC COMPLEX,,,,,,
91.8416004378788,25.77560350166667,NEOPROTEROZOIC - EARLY PALAEOZOIC,,,,,,,
92.23509231,25.4334115325,PALAEOPROTEROZOIC - MESOPROTEROZOIC,,,,,,,
92.21124296969512,25.454590038780484,NEOPROTEROZOIC - EARLY PALAEOZOIC,,,,,,,
90.90734204323887,25.859357519919026,NEOPROTEROZOIC - EARLY PALAEOZOIC,,,,,,,
92.87112968554217,24.754547486987953,QUATERNARY,,,,,,,
91.6301764025,24.123981117499998,PLIOCENE - PLEISTOCENE,,,,,,,
91.38561579074074,23.990245485925925,PLIOCENE - PLEISTOCENE,,,,,,,
92.0250197396124,24.377337165968992,PLIOCENE - PLEISTOCENE,,,,,,,
92.42502402689632,27.387548984154492,PALAEOPROTEROZOIC - MESOPROTEROZOIC,,,,,,,
92.88613790406315,27.156441995712832,PERMIAN,GONDWANA,,,,,,
92.91720145866665,27.288878151666665,PALAEOZOIC,,,,,,,
92.81043587126436,27.287363997126437,PALAEOZOIC,,,,,,,
93.77630830152098,27.833403047237763,CARBONIFEROUS - EARLY PERMIAN,GONDWANA,,,,,,
94.0921285617661,27.52685920453461,PERMIAN,GONDWANA,,,,,,
94.5755898128,27.802284582145457,PERMIAN,GONDWANA,,,,,,
94.37872456293825,27.924398671723107,PALAEOZOIC,,,,,,,
94.41516834227785,28.116855254019743,PALAEOPROTEROZOIC - MESOPROTEROZOIC,,,,,,,
90.26611702447154,25.776555291765387,PROTEROZOIC,ASSAM - MEGHALAYA GNEISSIC COMPLEX,,,,,,
90.27688326298507,25.748217525223883,PALAEOCENE - EOCENE,,,,,,,
90.22539395705883,25.74110433983193,PALAEOCENE - EOCENE,,,,,,,
90.23590653683381,25.78458720593123,PROTEROZOIC,,,,,,,
90.21742665901141,25.866897550494297,PROTEROZOIC,,,,,,,
90.27698139132744,25.853544145044246,JURASSIC- CRETACEOUS,,,,,,,
90.1918847673611,25.798094270231484,CENOZOIC,,,,,,,
90.17625647,25.835299385384612,PROTEROZOIC,,,,,,,
90.18399114,25.90101856,PROTEROZOIC,,,,,,,
91.69689471787878,27.559534694343434,PALAEOPROTEROZOIC - MESOPROTEROZOIC,,,,,,,
92.1783869625,27.795523259583334,NEOPROTEROZOIC,,,,,,,
95.52555000145394,28.48980412348502,CRETACEOUS,,,,,,,
96.47156353434524,27.62025446636905,PALAEOPROTEROZOIC,,,,,,,
95.94852218693028,28.56789000174818,LATE CRETACEOUS - PALAEOCENE,,,,,,,
96.88343369754031,27.374572280403225,PALAEOPROTEROZOIC,,,,,,,
93.90524623163077,28.399143220523076,PALAEOPROTEROZOIC - MESOPROTEROZOIC,,,,,,,
94.35471019045752,28.856166864183006,PALAEOPROTEROZOIC - MESOPROTEROZOIC,,,,,,,
93.93439850819067,28.373844241011675,PALAEOPROTEROZOIC,,,,,,,
95.24751675987524,28.348057772232433,PALAEOZOIC,,,,,,,
93.44370355905883,28.539876185647056,EOCENE - OLIGOCENE,,,,,,,
93.44799395144797,28.338367463303168,PALAEOPROTEROZOIC,,,,,,,
95.30184943770098,28.21370450926657,PALAEOZOIC,,,,,,,
95.25725962852489,28.474252410766283,EOCENE,,,,,,,
95.14082443575582,28.30332479251938,PALAEOCENE - EOCENE,,,,,,,
94.4815034646454,27.9469570329078,PALAEOPROTEROZOIC,,,,,,,
91.9485520274032,27.419990043485193,PALAEOPROTEROZOIC,,,,,,,
91.71992973413793,27.565897595724138,PALAEOPROTEROZOIC,,,,,,,
95.75903436755102,28.255864611224492,MIOCENE,,,,,,,
96.06022240612023,28.62850671622951,PALAEOPROTEROZOIC,,,,,,,
95.95580222466667,28.607205779666668,CRETACEOUS,,,,,,,
96.32360252008772,28.513395618421054,CRETACEOUS,,,,,,,
95.99524979997783,28.64609066181818,PALAEOPROTEROZOIC,,,,,,,
94.52024300722222,24.736871086825396,CRETACEOUS - PALAEOCENE,,,,,,,
94.19093015419888,24.154800646574586,CRETACEOUS - PALAEOCENE,,,,,,,
94.44592860732075,25.016634536773584,CRETACEOUS - PALAEOCENE,,,,,,,
94.78141613005764,25.62664275966859,CRETACEOUS - PALAEOCENE,,,,,,,
94.92918404812501,25.680010291874996,PROTEROZOIC,,,,,,,
95.01341978940653,25.952761122744807,PROTEROZOIC,,,,,,,
92.44197735362069,24.511315920568965,PLIOCENE - PLEISTOCENE,,,,,,,
91.40545235,25.99928445333333,PROTEROZOIC,ASSAM - MEGHALAYA GNEISSIC COMPLEX,,,,,,
93.05066433676923,26.504991738,PALAEOPROTEROZOIC - MESOPROTEROZOIC,,,,,,,
93.60333322059171,26.43631935260355,PALAEOPROTEROZOIC - MESOPROTEROZOIC,,,,,,,
93.52216781285713,26.19859398428571,PROTEROZOIC,ASSAM - MEGHALAYA GNEISSIC COMPLEX,,,,,,
93.5315337853876,26.13088657379845,NEOPROTEROZOIC - EARLY PALAEOZOIC,,,,,,,
93.39879271493827,26.189643149197533,LATE CRETACEOUS - PALAEOCENE,,,,,,,
93.48125816480001,26.19002541212,NEOPROTEROZOIC - EARLY PALAEOZOIC,,,,,,,
93.40298931188812,26.326344985664335,NEOPROTEROZOIC - EARLY PALAEOZOIC,,,,,,,
94.55578130896,26.03505425768,EOCENE - OLIGOCENE,,,,,,,
94.5211780218276,26.119945777310345,EOCENE - OLIGOCENE,,,,,,,
94.5853949877748,25.82310613077748,EOCENE - OLIGOCENE,,,,,,,
94.60498427315069,25.570010590205477,PALAEOCENE - EOCENE,,,,,,,
94.53162482545817,25.365133386573707,EOCENE - OLIGOCENE,,,,,,,
94.36915137649147,25.664500712088067,EOCENE - OLIGOCENE,,,,,,,
94.79452601779923,28.217070342277992,PALAEOCENE - EOCENE,,,,,,,
95.92706020823617,28.12367810727675,PALAEOPROTEROZOIC,,,,,,,
94.65756756917808,28.682721405844752,PALAEOPROTEROZOIC,,,,,,,
91.52634414066667,25.164167754666668,PROTEROZOIC,ASSAM - MEGHALAYA GNEISSIC COMPLEX,,,,,,
91.45682821295652,25.20394444573913,CRETACEOUS,,,,,,,
91.98324300216782,25.34658521076923,NEOPROTEROZOIC - EARLY PALAEOZOIC,,,,,,,
92.15088586130841,25.398190963177573,LATE CRETACEOUS - PALAEOCENE,,,,,,,
73.08621222777778,18.153512222222222,LATE CRETACEOUS - PALAEOCENE,DECCAN TRAP,,,,,,
73.0810588741873,18.161206615859133,CENOZOIC,,,,,,,
73.1246297767816,18.104354720804597,CENOZOIC,,,,,,,
73.21230178294117,18.15744019,LATE CRETACEOUS - PALAEOCENE,DECCAN TRAP,,,,,,
73.22878515039974,18.13813625800131,CENOZOIC,,,,,,,
73.07679395851852,17.983199208518517,CENOZOIC,,,,,,,
73.07865187971429,17.955777003999998,CENOZOIC,,,,,,,
73.15704374468085,17.97067470425532,CENOZOIC,,,,,,,
73.18479910079544,17.884326665227274,CENOZOIC,,,,,,,
73.21086526111111,17.716077218111113,CENOZOIC,,,,,,,
73.278886644,17.556905002,LATE CRETACEOUS - PALAEOCENE,DECCAN TRAP,,,,,,
73.1953886225,17.547133801785716,CENOZOIC,,,,,,,
73.30130186872881,17.416873560847456,CENOZOIC,,,,,,,
73.50305046,16.4416722,CENOZOIC,,,,,,,
73.46115286714284,16.41028571142857,CENOZOIC,,,,,,,
73.50197508692307,16.446369088461537,CENOZOIC,,,,,,,
73.50194847368421,16.442910385789475,CENOZOIC,,,,,,,
73.47866457070114,16.41805399406661,LATE CRETACEOUS - PALAEOCENE,DECCAN TRAP,,,,,,
73.52998065908108,16.38413847118919,NEOPROTEROZOIC,KALADGI,,,,,,
74.2956796136498,16.1455500852473,NEOPROTEROZOIC,KALADGI,,,,,,
74.6169125923913,13.969946114130435,CENOZOIC,,,,,,,
74.619697846,14.003908913999998,CENOZOIC,,,,,,,
74.55240317384616,14.038299824358974,CENOZOIC,,,,,,,
74.58932017774845,13.995499391692546,CENOZOIC,,,,,,,
74.63756906285714,13.828280932857142,QUATERNARY,,,,,,,
74.71221928135266,13.644547276135265,QUATERNARY,,,,,,,
74.71303855557419,13.730715384212903,CENOZOIC,,,,,,,
75.33947553592593,13.570502634814815,ARCHAEAN,,,,,,,
89.701529964,26.709808701999997,PROTEROZOIC,,,,,,,
89.5510025107659,26.751849958829478,PLIOCENE - PLEISTOCENE,,,,,,,
89.26440831785715,26.80972206285714,PROTEROZOIC,,,,,,,
88.74515057240664,28.048816740207467,CARBONIFEROUS - PERMIAN,,,,,,,
87.32167349123607,24.929732305136778,PROTEROZOIC,,,,,,,
89.9543746402417,25.687209408640484,PROTEROZOIC,ASSAM - MEGHALAYA GNEISSIC COMPLEX,,,,,,
78.64639962962963,25.219098433515484,ARCHAEAN,,,,,,,
78.81314741367174,25.17561138072758,ARCHAEAN,,,,,,,
75.43580131555557,11.956304618888888,QUATERNARY,,,,,,,
75.37137635448173,11.914123370708428,MIOCENE - PLIOCENE,,,,,,,
75.19578038057593,16.462327163664924,LATE CRETACEOUS - PALAEOCENE,DECCAN TRAP,,,,,,
75.36355054907693,16.40822045323077,MESOPROTEROZOIC,KALADGI,,,,,,
75.28313458489797,16.429509372244897,MESOPROTEROZOIC,KALADGI,,,,,,
75.19416011610137,16.474008198224087,MESOPROTEROZOIC,KALADGI,,,,,,
75.8322786425,16.56254582,LATE CRETACEOUS - PALAEOCENE,DECCAN TRAP,,,,,,
75.84190808535713,16.575149853928572,CENOZOIC,,,,,,,
75.83512589444445,16.63361360888889,CENOZOIC,,,,,,,
76.0800948275,15.597075965,ARCHAEAN,PENINSULAR GNEISSIC COMPLEX,,,,,,
77.25406193759183,15.981997060489794,ARCHAEAN,DHARWAR,,,,,,
77.6407895257754,17.127420213743317,LATE CRETACEOUS - PALAEOCENE,DECCAN TRAP,,,,,,
77.94375630539682,17.13598076734694,CENOZOIC,,,,,,,
78.11293258336578,17.14791468623682,LATE CRETACEOUS - PALAEOCENE,DECCAN TRAP,,,,,,
78.17101191508772,15.070196882690059,MESOPROTEROZOIC,CUDDAPAH,,,,,,
78.08908023527027,15.116261017567568,MESOPROTEROZOIC,CUDDAPAH,,,,,,
77.32533930060606,14.928462806666667,ARCHAEAN,DHARWAR,,,,,,
76.3147902382377,10.591443370389344,ARCHAEAN - PROTEROZOIC,SOUTHERN GRANULITE TERRAIN,,,,,,
76.2458935636842,10.59141909631579,ARCHAEAN - PROTEROZOIC,SOUTHERN GRANULITE TERRAIN,,,,,,
76.24134214421053,10.671992278421053,ARCHAEAN - PROTEROZOIC,SOUTHERN GRANULITE TERRAIN,,,,,,
76.15256124454545,10.867808193454545,ARCHAEAN - PROTEROZOIC,SOUTHERN GRANULITE TERRAIN,,,,,,
76.387098975,11.370466705,ARCHAEAN,PENINSULAR GNEISSIC COMPLEX,,,,,,
76.29939360184223,11.223857686488625,ARCHAEAN - PROTEROZOIC,SOUTHERN GRANULITE TERRAIN,,,,,,
76.30778254157394,11.68652520662144,ARCHAEAN - PROTEROZOIC,SOUTHERN GRANULITE TERRAIN,,,,,,
79.78063506153846,12.404125026153846,LATE CARBONIFEROUS - PERMIAN,GONDWANA,,,,,,
79.75129998999999,12.4123032825,ARCHAEAN - PROTEROZOIC,SOUTHERN GRANULITE TERRAIN,,,,,,
79.95865104467411,12.393539962178771,ARCHAEAN - PROTEROZOIC,SOUTHERN GRANULITE TERRAIN,,,,,,
78.23716817,10.953201400000001,QUATERNARY,,,,,,,
78.236680025,10.952529272500001,QUATERNARY,,,,,,,
78.79658918664207,10.775718729151292,ARCHAEAN - PROTEROZOIC,SOUTHERN GRANULITE TERRAIN,,,,,,
82.57605781169674,20.770650527472924,MESOPROTEROZOIC - NEOPROTEOZOIC,CHHATTISGARH,,,,,,
87.15040147724923,23.788899017158055,LATE CARBONIFEROUS - PERMIAN,GONDWANA,,,,,,
87.48371396083333,25.222286599166665,QUATERNARY,,,,,,,
87.4788414775,25.2391314925,QUATERNARY,,,,,,,
83.21671557987806,24.44644794347561,PALAEOPROTEROZOIC,,,,,,,
79.3637984740136,21.58954517068027,ARCHAEAN,,,,,,,
79.1799722205213,21.629053516556535,PALAEOPROTEROZOIC,,,,,,,
78.95515908575757,21.538625163333332,PALAEOPROTEROZOIC,,,,,,,
79.253654689,21.484835340666667,PALAEOPROTEROZOIC,,,,,,,
79.60640851295454,21.69959603409091,PALAEOPROTEROZOIC,,,,,,,
79.44979503615384,21.658495198461537,PALAEOPROTEROZOIC,,,,,,,
78.96808773176471,21.422872688823528,PALAEOPROTEROZOIC,,,,,,,
79.96636137382717,22.86791352876543,QUATERNARY,,,,,,,
73.993289309,25.1335351344,ARCHAEAN,BHILWARA,,,,,,
73.94261559026803,25.088099637793817,ARCHAEAN,BHILWARA,,,,,,
76.79137597389831,27.69314558779661,PALAEOPROTEROZOIC - MESOPROTEROZOIC,DELHI,,,,,,
76.05347541846155,27.162429353846157,PALAEOPROTEROZOIC - MESOPROTEROZOIC,DELHI,,,,,,
76.6120297025,9.271001285,ARCHAEAN - PROTEROZOIC,SOUTHERN GRANULITE TERRAIN,,,,,,
76.6000024425,9.340312704999999,ARCHAEAN - PROTEROZOIC,SOUTHERN GRANULITE TERRAIN,,,,,,
76.68492739757937,9.226324221507937,ARCHAEAN - PROTEROZOIC,SOUTHERN GRANULITE TERRAIN,,,,,,
78.35036130332536,10.006650412344497,ARCHAEAN - PROTEROZOIC,SOUTHERN GRANULITE TERRAIN,,,,,,
78.43852141266491,9.959058377651715,ARCHAEAN - PROTEROZOIC,SOUTHERN GRANULITE TERRAIN,,,,,,
78.02588143333334,12.508547299999998,ARCHAEAN - PROTEROZOIC,SOUTHERN GRANULITE TERRAIN,,,,,,
78.03196296222222,12.558830867777779,ARCHAEAN - PROTEROZOIC,SOUTHERN GRANULITE TERRAIN,,,,,,
78.75161035508245,12.743335719495636,PROTEROZOIC,,,,,,,
78.93849541714285,12.885657042857144,PROTEROZOIC,,,,,,,
78.9549388991579,12.881532415508772,ARCHAEAN - PROTEROZOIC,SOUTHERN GRANULITE TERRAIN,,,,,,
78.72985012299122,12.63245379954979,PROTEROZOIC,,,,,,,
79.01060022132411,11.773792425889328,ARCHAEAN - PROTEROZOIC,SOUTHERN GRANULITE TERRAIN,,,,,,
79.02132599448795,11.695060569728916,ARCHAEAN - PROTEROZOIC,SOUTHERN GRANULITE TERRAIN,,,,,,
70.30817246234042,23.845466411914895,PALAEOCENE,,,,,,,
83.1564073475,22.708795334999998,LATE CARBONIFEROUS - PERMIAN,GONDWANA,,,,,,
83.20073939,22.86144622,LATE CARBONIFEROUS - PERMIAN,GONDWANA,,,,,,
83.200959141,22.861581466,LATE CARBONIFEROUS - PERMIAN,GONDWANA,,,,,,
83.19747993,22.8455682175,CENOZOIC,,,,,,,
83.2838973375464,22.815635151146083,CENOZOIC,,,,,,,
83.20350640387788,22.82666120580858,LATE CRETACEOUS - PALAEOCENE,DECCAN TRAP,,,,,,
83.36002225014705,23.145308256911765,ARCHAEAN- PALAEOPROTEROZOIC,,,,,,,
84.264130231875,22.564951706874997,PALAEOPROTEROZOIC,,,,,,,
83.99443061966386,22.66191868739496,PALAEOPROTEROZOIC,,,,,,,
85.84935974950821,25.14042075918033,MESOPROTEROZOIC,,,,,,,
85.05813296044569,24.293667749052926,LATE CARBONIFEROUS - PERMIAN,GONDWANA,,,,,,
85.0428781769899,24.248034249313132,ARCHAEAN- PALAEOPROTEROZOIC,,,,,,,
85.02968282473685,24.264186627280704,PROTEROZOIC,,,,,,,
85.12710111172044,24.33244897591398,ARCHAEAN- PALAEOPROTEROZOIC,,,,,,,
86.28931032194444,24.170200118333334,LATE CARBONIFEROUS - PERMIAN,GONDWANA,,,,,,
90.22916775647059,26.008623957058823,PROTEROZOIC,ASSAM - MEGHALAYA GNEISSIC COMPLEX,,,,,,
83.25797241392682,20.50263867721951,ARCHAEAN,,,,,,,
83.25312224455185,20.38221401008787,ARCHAEAN,,,,,,,
83.09663764864865,20.95037492362162,ARCHAEAN - PROTEROZOIC,EASTERN GHAT,,,,,,
83.11455063738096,21.233750582619045,MESOPROTEROZOIC - NEOPROTEOZOIC,CHHATTISGARH,,,,,,
78.74208256166666,29.66153529537313,MIOCENE,,,,,,,
79.83828726835726,29.1828396380622,MIOCENE,,,,,,,
90.62835634501894,26.442114064223485,PROTEROZOIC,ASSAM - MEGHALAYA GNEISSIC COMPLEX,,,,,,
90.67646640384615,26.375048824615384,PROTEROZOIC,ASSAM - MEGHALAYA GNEISSIC COMPLEX,,,,,,
90.48189502733543,26.42258660153605,PROTEROZOIC,ASSAM - MEGHALAYA GNEISSIC COMPLEX,,,,,,
95.45910850634833,26.954697493033706,EOCENE - OLIGOCENE,,,,,,,
95.00497669145162,26.715135900483872,EOCENE - OLIGOCENE,,,,,,,
95.0952921456637,26.696088098495576,EOCENE - OLIGOCENE,,,,,,,
94.72786655078431,26.413108630392156,EOCENE - OLIGOCENE,,,,,,,
94.74061016831325,26.46190909506024,EOCENE - OLIGOCENE,,,,,,,
94.68381059577587,26.37207033810345,EOCENE - OLIGOCENE,,,,,,,
94.82545268592105,26.438772078684213,EOCENE - OLIGOCENE,,,,,,,
94.80819666384615,26.205301842417583,EOCENE - OLIGOCENE,,,,,,,
94.62451852293292,26.258430593120124,EOCENE - OLIGOCENE,,,,,,,
94.67852360174419,26.129922148410852,EOCENE - OLIGOCENE,,,,,,,
94.5907265222252,26.104972345603215,EOCENE - OLIGOCENE,,,,,,,
94.5537366321659,26.10607602423963,EOCENE - OLIGOCENE,,,,,,,
94.53511275250001,26.068883478100002,EOCENE - OLIGOCENE,,,,,,,
94.51146338855072,26.04083713507246,EOCENE - OLIGOCENE,,,,,,,
94.62034621227693,26.165075440184616,EOCENE - OLIGOCENE,,,,,,,
94.72314743822335,26.19588048218274,EOCENE - OLIGOCENE,,,,,,,
94.69529851881482,26.218491272518516,EOCENE - OLIGOCENE,,,,,,,
94.66566678317307,26.226503373750003,EOCENE - OLIGOCENE,,,,,,,
94.856035985,26.0584172125,PALAEOCENE - EOCENE,,,,,,,
94.41896826311988,25.708903868624745,PALAEOCENE - EOCENE,,,,,,,
94.92164198761756,26.28687332523511,EOCENE - OLIGOCENE,,,,,,,
95.02129583752213,26.083072403716816,EOCENE - OLIGOCENE,,,,,,,
94.86538928072319,26.126578763075646,EOCENE - OLIGOCENE,,,,,,,
94.73574913794117,25.88574848071078,EOCENE - OLIGOCENE,,,,,,,
95.11578569851063,26.035749031702128,PROTEROZOIC,,,,,,,
95.05060475697184,25.990717635422534,CRETACEOUS - PALAEOCENE,,,,,,,
95.00657343366667,25.880299252,CRETACEOUS - PALAEOCENE,,,,,,,
94.71547101750001,25.47138825,MIDDLE EOCENE,,,,,,,
94.73972764705883,25.55124576901961,MIDDLE EOCENE,,,,,,,
94.89851137222222,25.67201049880342,CRETACEOUS - PALAEOCENE,,,,,,,
94.86867941904762,25.566903313809522,CRETACEOUS - PALAEOCENE,,,,,,,
94.94327666294872,25.849965306666665,CRETACEOUS - PALAEOCENE,,,,,,,
94.53199346345454,25.277623348545454,CRETACEOUS - PALAEOCENE,,,,,,,
94.52698140918804,25.26640636551282,LATE CRETACEOUS - PALAEOCENE,,,,,,,
94.44684813670212,24.989412073138297,PALAEOCENE - EOCENE,,,,,,,
94.56406978894366,25.263138750000003,PALAEOCENE - EOCENE,,,,,,,
94.5463837167033,25.15714967032967,PALAEOCENE - EOCENE,,,,,,,
95.131521565,26.1953847325,PALAEOCENE - EOCENE,,,,,,,
95.06759345951923,26.163015371538464,EOCENE - OLIGOCENE,,,,,,,
95.07676605114285,26.189802095809522,EOCENE - OLIGOCENE,,,,,,,
94.8540111775,26.059866695,PALAEOCENE - EOCENE,,,,,,,
94.90057382193473,25.721112209627037,MIDDLE EOCENE,,,,,,,
95.00767745653062,25.803804491632654,PALAEOCENE - EOCENE,,,,,,,
95.012643749375,25.8119535959375,CRETACEOUS - PALAEOCENE,,,,,,,
94.89542905595668,25.663303590649818,PALAEOCENE - EOCENE,,,,,,,
94.45038466160919,25.090979223448272,CRETACEOUS - PALAEOCENE,,,,,,,
94.27072445990565,25.02086310216981,EOCENE - OLIGOCENE,,,,,,,
94.2717855343421,25.15179202719298,EOCENE - OLIGOCENE,,,,,,,
94.02730362336538,25.18840065725,EOCENE - OLIGOCENE,,,,,,,
93.96446647888112,25.29384501484266,EOCENE - OLIGOCENE,,,,,,,
84.04601893,27.431222159999997,QUATERNARY,,,,,,,
84.15472199105648,27.399011492131148,PLIOCENE - PLEISTOCENE,,,,,,,
79.98613582843866,29.202933894200743,NEOPROTEROZOIC,,,,,,,
79.28563171205298,29.45424210721854,NEOPROTEROZOIC,,,,,,,
79.39417426892857,29.433052396688314,NEOPROTEROZOIC,,,,,,,
79.38318143596491,29.40642422754386,NEOPROTEROZOIC,,,,,,,
78.25960206095239,29.951188118095235,PLIOCENE - PLEISTOCENE,,,,,,,
78.2383253292857,29.912871314285717,MIOCENE - PLIOCENE,,,,,,,
78.27384755874999,29.95338488375,QUATERNARY,,,,,,,
78.282212105,29.949442035,QUATERNARY,,,,,,,
78.79935662,29.57899382,QUATERNARY,,,,,,,
78.27849828714285,29.965074945714285,QUATERNARY,,,,,,,
79.07804954745099,29.468505049607842,PLIOCENE - PLEISTOCENE,,,,,,,
78.72300443645749,29.626899641012145,MIOCENE - PLIOCENE,,,,,,,
78.67897072703703,29.62368154111111,MIOCENE,,,,,,,
78.71959545249999,29.6672840765,MIOCENE - PLIOCENE,,,,,,,
77.93747049,30.143587664545453,MIOCENE - PLIOCENE,,,,,,,
77.90005161750001,30.219602653409087,PLIOCENE - PLEISTOCENE,,,,,,,
78.16318885733334,30.049030413333334,PLIOCENE - PLEISTOCENE,,,,,,,
77.40745287467392,30.44402943554348,MIOCENE - PLIOCENE,,,,,,,
75.79151352714287,32.341743309591834,PLIOCENE - PLEISTOCENE,,,,,,,
76.17228521285713,31.94547179,MIOCENE - PLIOCENE,,,,,,,
77.74501375692309,30.532090375,MIOCENE,,,,,,,
76.58321758000001,31.305544198333333,PLIOCENE - PLEISTOCENE,,,,,,,
80.173195632,29.143715996000005,MIOCENE,,,,,,,
80.1934729475,29.1329804475,MIOCENE,,,,,,,
79.704721670177,29.205234306460177,MIOCENE - PLIOCENE,,,,,,,
80.00866109222494,29.141564221320294,MIOCENE - PLIOCENE,,,,,,,
79.96335088069445,29.13759192777778,PLIOCENE - PLEISTOCENE,,,,,,,
78.37391000563636,29.909710954363636,MIOCENE - PLIOCENE,,,,,,,
76.45410941600001,31.475327836,PLIOCENE - PLEISTOCENE,,,,,,,
76.6016110275,31.2416783775,PLIOCENE - PLEISTOCENE,,,,,,,
76.549233914,31.284916234,PLIOCENE - PLEISTOCENE,,,,,,,
76.58020742,31.2464227525,PLIOCENE - PLEISTOCENE,,,,,,,
76.57077391499999,31.249604415,PLIOCENE - PLEISTOCENE,,,,,,,
76.431697839,31.421131245166666,MIOCENE - PLIOCENE,,,,,,,
76.556482175,31.353035626666667,PLIOCENE - PLEISTOCENE,,,,,,,
76.25348596711567,31.66925126669107,PLIOCENE - PLEISTOCENE,,,,,,,
76.48531431299999,31.37452192935714,MIOCENE,,,,,,,
76.47421281387756,31.38577323857143,MIOCENE - PLIOCENE,,,,,,,
76.49699173391753,31.407328714845363,QUATERNARY,,,,,,,
74.95978275499999,32.8575393375,PLIOCENE - PLEISTOCENE,,,,,,,
76.06631632666667,32.140301926666666,PLIOCENE - PLEISTOCENE,,,,,,,
73.87917124347825,33.241859042826086,PLIOCENE - PLEISTOCENE,,,,,,,
76.06790742153846,32.075400349999995,PLIOCENE - PLEISTOCENE,,,,,,,
76.5934038325,31.5269231525,PLIOCENE - PLEISTOCENE,,,,,,,
76.566266345,31.560576075,PLIOCENE - PLEISTOCENE,,,,,,,
76.5574550225,31.5721888725,PLIOCENE - PLEISTOCENE,,,,,,,
76.56943903142857,31.555010407142856,PLIOCENE - PLEISTOCENE,,,,,,,
76.58876577,31.531773956000002,PLIOCENE - PLEISTOCENE,,,,,,,
76.5396536725,31.611655210000002,PLIOCENE - PLEISTOCENE,,,,,,,
76.58239255999999,31.538438254,PLIOCENE - PLEISTOCENE,,,,,,,
76.619835082,31.487823556000002,PLIOCENE - PLEISTOCENE,,,,,,,
76.62814042625,31.47669843125,PLIOCENE - PLEISTOCENE,,,,,,,
76.66445513000001,31.407475916666666,PLIOCENE - PLEISTOCENE,,,,,,,
76.1987450675,32.0939001,PLIOCENE - PLEISTOCENE,,,,,,,
76.54269484,31.591693368,PLIOCENE - PLEISTOCENE,,,,,,,
76.18738250166668,32.11277370833333,PLIOCENE - PLEISTOCENE,,,,,,,
76.58179703941934,31.484337544129033,PLIOCENE - PLEISTOCENE,,,,,,,
77.02549122978495,30.97426541943847,MIOCENE,,,,,,,
76.69159198504673,31.439180787663553,MIOCENE - PLIOCENE,,,,,,,
76.13313776294117,32.185431924117644,MIOCENE - PLIOCENE,,,,,,,
76.12850819328125,32.16278252421875,MIOCENE,,,,,,,
76.03948077643837,32.231444193150686,PLIOCENE - PLEISTOCENE,,,,,,,
75.91835087029793,32.1265264456671,MIOCENE,,,,,,,
75.8232608975,32.4783644225,PLIOCENE - PLEISTOCENE,,,,,,,
76.32745866387755,32.100922813061224,PLIOCENE - PLEISTOCENE,,,,,,,
75.91764734418182,32.413600889818184,MIOCENE - PLIOCENE,,,,,,,
75.59389381128206,32.58505555384615,PLIOCENE - PLEISTOCENE,,,,,,,
75.77804803185185,32.54423517074074,MIOCENE,,,,,,,
75.92002662892308,32.50980143061538,EOCENE - MIOCENE,,,,,,,
75.8235958025,32.608619259444446,PLIOCENE - PLEISTOCENE,,,,,,,
75.1772719337931,32.85300190862069,MIOCENE,,,,,,,
75.1723805578,32.8826346202,MIOCENE - PLIOCENE,,,,,,,
75.15132509291666,32.90944114416667,PLIOCENE - PLEISTOCENE,,,,,,,
75.65698575889712,32.28557842003292,MIOCENE - PLIOCENE,,,,,,,
74.41276785055555,33.05279652777778,MIOCENE,,,,,,,
76.39902133238095,31.623226081428573,MIOCENE - PLIOCENE,,,,,,,
76.61017152092784,31.398626123298968,MIOCENE - PLIOCENE,,,,,,,
76.79112529,31.713818255,PLIOCENE - PLEISTOCENE,,,,,,,
76.72739432981132,31.75345921320755,MIOCENE - PLIOCENE,,,,,,,
76.76769254276316,31.713707194473685,MIOCENE,,,,,,,
78.02349265711268,30.411626342746477,MIOCENE - PLIOCENE,,,,,,,
77.9607577902439,30.44217709292683,MIOCENE - PLIOCENE,,,,,,,
78.00732844166666,30.398154345,PLIOCENE - PLEISTOCENE,,,,,,,
77.87279974146342,30.486884406341467,MIOCENE - PLIOCENE,,,,,,,
76.30800492170319,32.65361953287849,NEOPROTEROZOIC,,,,,,,
78.42893812224138,30.09991566586207,CAMBRIAN,,,,,,,
78.34197285761904,30.060066370476193,PALAEOCENE - EOCENE,,,,,,,
78.489203849375,29.866552040625,PALAEOCENE - EOCENE,,,,,,,
78.74885204059701,29.745232939850748,PERMIAN,,,,,,,
78.895954224491,29.71004389982036,NEOPROTEROZOIC,,,,,,,
78.6382507308009,29.89942435803204,NEOPROTEROZOIC,,,,,,,
78.53890136828907,30.021487936666663,NEOPROTEROZOIC,,,,,,,
78.86451758444444,29.77291779888889,CAMBRIAN,,,,,,,
78.91794834689655,29.715239707931037,CAMBRIAN,,,,,,,
78.89336659619048,29.691517092380952,CAMBRIAN,,,,,,,
78.92133945917969,29.748318862871095,NEOPROTEROZOIC,,,,,,,
77.90290271525001,30.495103047999997,MIOCENE - PLIOCENE,,,,,,,
78.2197353759944,30.353357422913167,NEOPROTEROZOIC,,,,,,,
78.28500047168224,30.317216284953272,NEOPROTEROZOIC,,,,,,,
78.2104243101139,30.36284443901291,CAMBRIAN,,,,,,,
78.16823984557305,30.38970982206037,NEOPROTEROZOIC,,,,,,,
77.4161424323491,31.100867961300395,NEOPROTEROZOIC,,,,,,,
78.25911127922298,30.418191547255116,NEOPROTEROZOIC,,,,,,,
77.69517945791667,30.745769454583336,NEOPROTEROZOIC,,,,,,,
77.64438779660526,30.86273635992105,MESOPROTEROZOIC,,,,,,,
77.99305275525104,30.749202946506276,MESOPROTEROZOIC,,,,,,,
78.09100210443778,31.221438879700152,PROTEROZOIC,,,,,,,
78.13718205186643,30.98706858317475,PROTEROZOIC,,,,,,,
78.12891439409502,31.190655076809957,PROTEROZOIC,,,,,,,
78.04344185308301,31.14441283458498,PALAEOPROTEROZOIC,,,,,,,
78.19424047177215,31.18072173968354,PROTEROZOIC,,,,,,,
78.05359200315553,30.927586003706857,NEOPROTEROZOIC,,,,,,,
78.8699259970248,30.399698873966944,MESOPROTEROZOIC,,,,,,,
78.64857320277977,30.535274798844764,MESOPROTEROZOIC,,,,,,,
78.5483269812,30.461346581633332,MESOPROTEROZOIC,,,,,,,
78.56853824773809,30.490606693,MESOPROTEROZOIC,,,,,,,
78.50282239753807,30.56105245652284,MESOPROTEROZOIC,,,,,,,
78.38875583625,30.665567066634615,MESOPROTEROZOIC,,,,,,,
78.45829525727272,30.746034425454546,MESOPROTEROZOIC,,,,,,,
78.56109572762195,30.738701151707318,MESOPROTEROZOIC,,,,,,,
78.966297843125,30.413478680625,MESOPROTEROZOIC,,,,,,,
78.926811537,30.262877701,MESOPROTEROZOIC,,,,,,,
78.88778452888889,30.31962870111111,MESOPROTEROZOIC,,,,,,,
80.35763609589041,20.734203356164382,PALAEOPROTEROZOIC,,,,,,,
80.33842051282052,20.740146666666664,PALAEOPROTEROZOIC,,,,,,,
77.16691519753522,16.64578982669014,ARCHAEAN- PALAEOPROTEROZOIC,,,,,,,
78.03690698069308,14.77695670940594,MESOPROTEROZOIC,,,,,,,
77.8641668423274,15.097936178323472,MESOPROTEROZOIC,,,,,,,
78.03964360945415,14.637548416091704,MESOPROTEROZOIC,,,,,,,
78.17102169373683,14.501828964736841,MESOPROTEROZOIC,,,,,,,
78.09456748713286,14.544444157902099,MESOPROTEROZOIC,,,,,,,
78.09018202157894,14.636523621578949,MESOPROTEROZOIC,,,,,,,
77.36570517130951,16.038526897738095,ARCHAEAN- PALAEOPROTEROZOIC,PENINSULAR GNEISSIC COMPLEX,,,,,,
77.49407868178571,15.978859411428571,ARCHAEAN- PALAEOPROTEROZOIC,PENINSULAR GNEISSIC COMPLEX,,,,,,
78.7774737649408,17.62002261384833,ARCHAEAN- PALAEOPROTEROZOIC,PENINSULAR GNEISSIC COMPLEX,,,,,,
77.0909905225,27.7964923025,QUATERNARY,,,,,,,
76.89077358916667,27.6890584675,QUATERNARY,,,,,,,
76.9224370025,27.99024003,QUATERNARY,,,,,,,
76.94663032691925,28.12104824403563,PALAEOPROTEROZOIC - MESOPROTEROZOIC,DELHI,,,,,,
76.76775185965518,27.596349478965518,PALAEOPROTEROZOIC - MESOPROTEROZOIC,DELHI,,,,,,
76.87926975668832,28.214392767597403,PALAEOPROTEROZOIC - MESOPROTEROZOIC,DELHI,,,,,,
76.86622033474227,28.1698009385567,PALAEOPROTEROZOIC - MESOPROTEROZOIC,DELHI,,,,,,
76.85043178916666,28.180945018194443,PALAEOPROTEROZOIC - MESOPROTEROZOIC,DELHI,,,,,,
76.8717000640164,28.112479404098362,PALAEOPROTEROZOIC - MESOPROTEROZOIC,DELHI,,,,,,
78.87335785864705,30.46874141508824,PROTEROZOIC,,,,,,,
79.42294981925926,29.964299965185184,PROTEROZOIC,,,,,,,
79.4591872897561,29.83647257804878,PROTEROZOIC,,,,,,,
79.48138056368933,29.87340136631068,PROTEROZOIC,,,,,,,
79.3512857343421,30.058329944868422,PROTEROZOIC,,,,,,,
80.32817773844339,29.831475108254715,MESOPROTEROZOIC,,,,,,,
80.01685948475178,29.864784530827425,PROTEROZOIC,,,,,,,
80.15468160220486,29.922833242934026,MESOPROTEROZOIC,,,,,,,
80.01020058512988,29.690475725519484,MESOPROTEROZOIC,,,,,,,
79.86490271945135,29.43941529754658,PROTEROZOIC,,,,,,,
80.07568296646258,29.26666252421769,PROTEROZOIC,,,,,,,
79.3093539921168,30.823725813923357,TERTIARY,,,,,,,
79.26776048037415,30.76886266129252,TERTIARY,,,,,,,
79.07986871695653,30.83191505652174,TERTIARY,,,,,,,
79.52058185103448,30.920973023448276,TERTIARY,,,,,,,
78.50653447532818,31.466740702895752,NEOPROTEROZOIC,,,,,,,
78.45633868088785,31.29865372093458,NEOPROTEROZOIC,,,,,,,
78.54282312332215,31.263707952550334,NEOPROTEROZOIC,,,,,,,
78.56384994541935,31.19531122445161,NEOPROTEROZOIC - CAMBRIAN,,,,,,,
78.56278786489796,31.16278055112245,NEOPROTEROZOIC - CAMBRIAN,,,,,,,
78.59696688826666,31.128966989955558,NEOPROTEROZOIC - CAMBRIAN,,,,,,,
78.54417620210526,31.074445910263158,NEOPROTEROZOIC - CAMBRIAN,,,,,,,
78.76820924967392,31.116733187500003,NEOPROTEROZOIC - CAMBRIAN,,,,,,,
78.74667123046511,31.133793735813956,NEOPROTEROZOIC - CAMBRIAN,,,,,,,
79.07454324889632,31.089740173979934,NEOPROTEROZOIC - CAMBRIAN,,,,,,,
78.40088596279182,31.446868447508642,PALAEOZOIC,,,,,,,
78.53922022813016,31.7658467951572,PROTEROZOIC,,,,,,,
78.79792927965238,31.294462632799114,CAMBRIAN,,,,,,,
79.16294431019719,31.13315239087324,NEOPROTEROZOIC - CAMBRIAN,,,,,,,
79.119242812,30.936223343400002,NEOPROTEROZOIC - CAMBRIAN,,,,,,,
78.7386572881579,31.013553585789474,NEOPROTEROZOIC - CAMBRIAN,,,,,,,
79.23010786866666,31.291645612666667,TRIASSIC,,,,,,,
78.78081074022892,31.641933774650603,TRIASSIC - JURASSIC,,,,,,,
78.79974743470149,31.64161358146766,TRIASSIC - JURASSIC,,,,,,,
80.56521827386753,30.157013885085473,TERTIARY,,,,,,,
80.49687880924527,30.20516404207547,NEOPROTEROZOIC - CAMBRIAN,,,,,,,
79.8182005104,30.8257672404,NEOPROTEROZOIC - CAMBRIAN,,,,,,,
80.18383869285715,30.67808818968254,TRIASSIC - JURASSIC,,,,,,,
80.40973653666667,30.455353786666667,PERMIAN,,,,,,,
80.607382824,30.333853649499996,PERMIAN,,,,,,,
79.26169044397876,30.830551029450344,UNMAPPED,,,,,,,
78.38243531913044,31.18694692695652,PROTEROZOIC,,,,,,,
79.3954915101596,30.58239479358502,PROTEROZOIC,,,,,,,
78.41287910032258,31.066118176774197,,,,,,,,
77.07385037891304,32.29901496543478,PALAEOZOIC,,,,,,,
77.04788240960742,32.491680912798,NEOPROTEROZOIC,,,,,,,
77.08860152049968,32.41243041923767,NEOPROTEROZOIC,,,,,,,
77.04689175018477,32.48911464788354,PERMIAN - JURASSIC,,,,,,,
77.89709144029557,31.006320684802954,PROTEROZOIC,,,,,,,
77.96422883125,30.9248801828125,PROTEROZOIC,,,,,,,
78.11696785116752,31.404186362436548,PROTEROZOIC,,,,,,,
78.05987681523231,31.411094081892255,PALAEOPROTEROZOIC,,,,,,,
78.00183780068181,31.83737759977273,ORDOVICIAN - SILURIAN,,,,,,,
76.79070095333333,31.941878936000002,MIOCENE,,,,,,,
77.14794905640001,31.506123355599996,PALAEOZOIC,,,,,,,
77.21591023043479,31.78227646043478,MESOPROTEROZOIC,,,,,,,
77.5052252194651,31.53424254464014,PALAEOPROTEROZOIC,,,,,,,
76.15865089006174,32.36834195761317,PALAEOZOIC,,,,,,,
75.60183978666667,32.92557326956522,PALAEOZOIC,,,,,,,
75.79062978219099,33.45899145993454,PROTEROZOIC,,,,,,,
75.16538506939534,33.32405232432558,PALAEOZOIC,,,,,,,
75.60306427,32.69936768,EOCENE - MIOCENE,,,,,,,
75.90844107659092,32.551141596818184,MESOPROTEROZOIC,,,,,,,
76.05789454631262,33.33878186773547,MESOPROTEROZOIC,,,,,,,
75.70593539041096,33.19325751200913,PALAEOZOIC,,,,,,,
75.64107562501266,33.09054060506329,PALAEOZOIC,,,,,,,
75.73558687396397,33.23843216220721,PALAEOZOIC,,,,,,,
75.78647634972826,33.73189658059783,PALAEOZOIC,,,,,,,
75.02009262876636,33.20266454618692,MESOPROTEROZOIC,,,,,,,
74.64797482184332,33.17541591110599,CRETACEOUS - EOCENE,,,,,,,
75.95161642466668,34.07832377933333,PALAEOZOIC,,,,,,,
75.93675388235295,34.24282818117647,PALAEOZOIC,,,,,,,
78.79629063911074,25.430932777684564,ARCHAEAN,,,,,,,
78.93146582210242,25.478541347708894,ARCHAEAN,,,,,,,
78.53529949481481,25.54701483962963,ARCHAEAN,,,,,,,
78.60880313804651,24.536772532651163,ARCHAEAN,,,,,,,
78.27765969805209,26.191141881834657,PALAEOPROTEROZOIC - MESOPROTEROZOIC,,,,,,,
78.28269641747164,26.153085509335497,PALAEOPROTEROZOIC - MESOPROTEROZOIC,,,,,,,
78.490620716,26.20106118,QUATERNARY,,,,,,,
78.49469577309654,26.19743383151184,PALAEOPROTEROZOIC - MESOPROTEROZOIC,,,,,,,
74.49657277222222,33.41458395777778,EOCENE - MIOCENE,,,,,,,
75.11704854360673,33.15771063005258,NEOPROTEROZOIC,,,,,,,
75.40172498617564,32.9108442611237,EOCENE - MIOCENE,,,,,,,
78.1998195125641,26.39362150794872,MESOPROTEROZOIC,VINDHYAN,,,,,,
74.11549345129497,34.04032241327338,PALAEOCENE - EOCENE,,,,,,,
74.80329123183844,33.409876727855156,PROTEROZOIC,,,,,,,
74.50274587,33.4092573575,,,,,,,,
74.33970108978724,33.58550695406758,NEOPROTEROZOIC,,,,,,,
74.30502745480113,33.664639262784085,PERMIAN,,,,,,,
74.21590499078741,33.80998501370078,PALAEOCENE - EOCENE,,,,,,,
74.13146293597633,33.95878698905326,TRIASSIC - JURASSIC,,,,,,,
74.65353130283404,33.44814415634893,CARBONIFEROUS,,,,,,,
74.34834719335439,33.806231941673246,MESOPROTEROZOIC,,,,,,,
74.344810858546,33.684231030623145,MESOPROTEROZOIC,,,,,,,
74.27425657250001,34.07674735,,,,,,,,
74.26211880856549,34.0255969872973,MESOPROTEROZOIC,,,,,,,
75.99919972702439,32.46426050526829,PALAEOPROTEROZOIC,,,,,,,
75.98869488766233,32.41650224694805,PALAEOPROTEROZOIC,,,,,,,
76.18035578272726,32.2965256159091,PALAEOPROTEROZOIC,,,,,,,
76.91863454156862,31.836584894215687,MIOCENE,,,,,,,
76.9181993102027,31.82514799074324,PALAEOPROTEROZOIC,,,,,,,
78.67399430548387,29.841020437903225,NEOPROTEROZOIC,,,,,,,
78.48046623541177,29.98510039235294,PERMIAN,,,,,,,
78.6801905368421,29.926238379276313,PERMIAN,,,,,,,
77.26719296,31.9935580875,PALAEOPROTEROZOIC,,,,,,,
77.0298870972093,33.17053004418605,PROTEROZOIC,,,,,,,
77.38442090108511,32.716574330808506,CARBONIFEROUS,,,,,,,
77.60324423328504,32.43908540964776,CAMBRIAN,,,,,,,
77.37173273250389,32.67396289540436,ORDOVICIAN - SILURIAN,,,,,,,
77.24923433413792,32.9718824562069,PALAEOZOIC,,,,,,,
77.15605856205767,33.27148201477064,PERMIAN,,,,,,,
77.98070323498553,32.11586691745201,ORDOVICIAN - SILURIAN,,,,,,,
77.91146785278261,32.195422788173914,PERMIAN,,,,,,,
77.93011474964912,32.20401103447368,ORDOVICIAN - SILURIAN,,,,,,,
77.6901372591147,32.5258880721571,CARBONIFEROUS,,,,,,,
77.81018789909871,32.323350659796134,PERMIAN,,,,,,,
77.58868570201955,32.639445298707926,PERMIAN,,,,,,,
77.8957245416034,32.22518511132578,TRIASSIC - JURASSIC,,,,,,,
78.03146555824345,31.98306670494607,TRIASSIC - JURASSIC,,,,,,,
76.67069670226667,34.06345245133333,EOCENE,,,,,,,
76.7574707654054,34.05577627459459,CRETACEOUS - TERTIARY,,,,,,,
75.26501660869565,34.42655288,EOCENE,,,,,,,
74.60463753835806,34.67877910878338,PROTEROZOIC,,,,,,,
77.11028258271062,33.34836139197802,CARBONIFEROUS,,,,,,,
77.13648890428571,33.32097829571428,PERMIAN,,,,,,,
77.12088892715596,33.40186282970948,PERMIAN,,,,,,,
77.40523105642336,32.838920583211674,ORDOVICIAN - SILURIAN,,,,,,,
77.3301453532258,32.95457657391705,PALAEOZOIC,,,,,,,
77.32150769981652,32.88714839669725,PALAEOZOIC,,,,,,,
76.91366844142858,33.777686887142856,EOCENE,,,,,,,
78.0168604211921,32.03019004037052,NEOPROTEROZOIC,,,,,,,
78.56035029204081,31.862231119693877,ORDOVICIAN - SILURIAN,,,,,,,
78.276093565,32.1425457025,NEOPROTEROZOIC - EARLY CAMBRIAN,MARWAR,,,,,,
78.53121468913706,32.02676092568528,CARBONIFEROUS,,,,,,,
78.06575102618339,32.4574927568537,TRIASSIC - JURASSIC,,,,,,,
77.25881565946273,33.274489198939754,TRIASSIC - JURASSIC,,,,,,,
77.13346873461538,33.63365664,EOCENE,,,,,,,
77.51058440221894,33.49505089002958,JURASSIC,,,,,,,
77.31533875382489,33.79201484414747,TRIASSIC - JURASSIC,,,,,,,
77.58800704089576,33.43138807267101,PERMIAN,,,,,,,
76.8445074982515,33.46595126292123,NEOPROTEROZOIC,,,,,,,
75.95155677227777,32.50114907838889,NEOPROTEROZOIC,,,,,,,
76.22945792736,32.28519713088,EOCENE - MIOCENE,,,,,,,
76.406384825625,32.1718861909375,EOCENE - MIOCENE,,,,,,,
74.91181693435897,33.491460746538465,PERMIAN - TRIASSIC,,,,,,,
75.08441330182966,33.458631649069396,CARBONIFEROUS,,,,,,,
74.75662870456922,33.636756931436786,LATE CARBONIFEROUS - EARLY PERMIAN,,,,,,,
75.85393298775568,32.72725416761364,PROTEROZOIC,,,,,,,
77.95173450539359,33.18590639970845,DEVONIAN - CARBONIFEROUS,,,,,,,
75.5179321498008,33.38993515796813,CAMBRIAN,,,,,,,
75.55650936571577,33.73594937901452,CAMBRIAN - SILURIAN,,,,,,,
75.43841967205357,34.26445622410714,JURASSIC,,,,,,,
75.52834209612244,34.33119163047619,PALAEOZOIC,,,,,,,
75.4414834269611,34.2447564749001,PERMIAN - TRIASSIC,,,,,,,
74.35534487276274,34.645510211419285,NEOPROTEROZOIC,,,,,,,
75.13733321756027,34.14269551638422,PERMIAN,,,,,,,
74.34381245310345,34.592414922829356,CAMBRIAN,,,,,,,
75.00873245,34.2163282875,,,,,,,,
75.17774050972604,34.2271230690411,CARBONIFEROUS,,,,,,,
75.011053088523,34.32839280670702,CAMBRIAN,,,,,,,
75.00583841121212,34.3356759726936,PALAEOZOIC,,,,,,,
74.18690318413043,34.22066548891304,PERMIAN,,,,,,,
74.05366332229167,34.366796378125,PERMIAN,,,,,,,
74.59460479076239,33.86606983437103,PLIOCENE - PLEISTOCENE,,,,,,,
74.1901164975,34.375800761625,PLIOCENE - PLEISTOCENE,,,,,,,
74.85565882325773,33.60653883870103,PLIOCENE - PLEISTOCENE,,,,,,,
74.98130478178082,33.61916571219178,PLIOCENE - PLEISTOCENE,,,,,,,
75.1126963369788,33.58030930908127,PLIOCENE - PLEISTOCENE,,,,,,,
75.2890278118,33.690122069599994,PLIOCENE - PLEISTOCENE,,,,,,,
75.37033688821887,33.44795663087983,PERMIAN - TRIASSIC,,,,,,,
75.35903542657894,33.65072434210526,PERMIAN - TRIASSIC,,,,,,,
75.51102897187971,33.625005858421055,LATE CARBONIFEROUS - EARLY PERMIAN,,,,,,,
75.3743871326087,33.68740813913043,DEVONIAN,,,,,,,
75.49565815365285,33.63190099080311,DEVONIAN,,,,,,,
75.5278584077707,33.61267339280255,CARBONIFEROUS,,,,,,,
75.44103342470414,33.68416437455621,CAMBRIAN,,,,,,,
75.46752718673758,33.530788028085105,LATE CARBONIFEROUS - EARLY PERMIAN,,,,,,,
75.4560493943791,33.84527360124183,DEVONIAN,,,,,,,
75.59153187692309,33.951404545625,DEVONIAN,,,,,,,
75.58935545613096,33.946737553214284,CARBONIFEROUS,,,,,,,
75.30893844162792,34.062872646046515,PERMIAN - TRIASSIC,,,,,,,
74.85819780647059,34.180983659411766,PLIOCENE - PLEISTOCENE,,,,,,,
74.99918950791012,34.060136198943816,PERMIAN - TRIASSIC,,,,,,,
74.89484159621622,34.08343026342342,PERMIAN,,,,,,,
74.88024031748031,34.08194858929134,PLIOCENE - PLEISTOCENE,,,,,,,
74.89521352735295,34.11827132931373,PLIOCENE - PLEISTOCENE,,,,,,,
74.68021513478261,34.2410711173913,PLIOCENE - PLEISTOCENE,,,,,,,
75.31579837816001,33.872326031520004,CARBONIFEROUS,,,,,,,
75.2894606094012,33.85323735790419,PLIOCENE - PLEISTOCENE,,,,,,,
75.26876083754387,33.7678920745614,PLIOCENE - PLEISTOCENE,,,,,,,
75.13023226115385,33.84428634269231,PLIOCENE - PLEISTOCENE,,,,,,,
75.05534859666666,33.91961224222222,PLIOCENE - PLEISTOCENE,,,,,,,
75.16532520726531,33.954005628653064,PLIOCENE - PLEISTOCENE,,,,,,,
74.95228930899457,34.02637220634511,PLIOCENE - PLEISTOCENE,,,,,,,
78.09034268566667,32.82954038716667,PERMIAN - TRIASSIC,,,,,,,
78.30708235806452,32.98076531496775,PALAEOPROTEROZOIC,,,,,,,
78.1455253836232,32.697079280869566,TRIASSIC - JURASSIC,,,,,,,
78.56227250675958,32.835896800278746,QUATERNARY,,,,,,,
78.13296462552066,32.23497797695868,JURASSIC,,,,,,,
78.05122441476745,32.32023645450581,JURASSIC,,,,,,,
77.96820119435,32.3555678664,JURASSIC,,,,,,,
78.0170273812963,32.37407656203704,JURASSIC,,,,,,,
78.223494535,32.4197539,TRIASSIC - JURASSIC,,,,,,,
78.2198046175,32.4216805175,TRIASSIC - JURASSIC,,,,,,,
78.221743194,32.420703342,TRIASSIC - JURASSIC,,,,,,,
78.31099876896552,32.39407489851097,TRIASSIC - JURASSIC,,,,,,,
78.39494493960785,32.45417464543417,TRIASSIC - JURASSIC,,,,,,,
78.27534693916667,32.19621039194445,TRIASSIC - JURASSIC,,,,,,,
78.3051098955,32.33730043633333,JURASSIC,,,,,,,
78.908048898,32.832064853999995,CRETACEOUS - TERTIARY,,,,,,,
78.81864429796117,32.88708460349515,PERMIAN - JURASSIC,,,,,,,
77.97192912338798,33.529325464043715,EOCENE - OLIGOCENE,,,,,,,
78.7837576101948,33.075797500129866,CRETACEOUS - TERTIARY,,,,,,,
79.0979795592857,32.707533641428576,EOCENE - OLIGOCENE,,,,,,,
78.841709295,33.18489261,CRETACEOUS - TERTIARY,,,,,,,
78.06758791679464,33.679864137754315,CRETACEOUS - TERTIARY,,,,,,,
78.82598939592019,34.03396469396896,CRETACEOUS - TERTIARY,,,,,,,
77.23448031913044,34.76278627347826,CRETACEOUS - TERTIARY,,,,,,,
78.06484298444445,34.22084100925926,CRETACEOUS - TERTIARY,,,,,,,
78.47079497577778,33.50365528377778,PALAEOZOIC,,,,,,,
78.68947328612904,33.46275163516129,CRETACEOUS - TERTIARY,,,,,,,
78.4613186502,33.811851898200004,PALAEOZOIC,,,,,,,
77.41150033056738,34.68738206468085,EOCENE - MIOCENE,,,,,,,
78.12594652818183,34.08202123227273,CRETACEOUS - TERTIARY,,,,,,,
77.86670693265626,34.2041375525,CRETACEOUS - TERTIARY,,,,,,,
77.29546937967741,34.91357422129032,PALAEOZOIC,,,,,,,
78.03750334037974,34.24678394025317,PALAEOZOIC,,,,,,,
77.58192133411765,34.72830002411765,PALAEOZOIC,,,,,,,
77.49195601233333,34.67435193255555,QUATERNARY,,,,,,,
78.53660416677687,33.870484769338844,QUATERNARY,,,,,,,
78.5131944136111,33.830863225555554,PALAEOZOIC,,,,,,,
77.52925252872484,34.61512145194631,TERTIARY,,,,,,,
79.0133966025,32.6476868875,CRETACEOUS - TERTIARY,,,,,,,
79.00391135,32.6477417875,CRETACEOUS - TERTIARY,,,,,,,
79.14595797,32.61679152,CRETACEOUS - TERTIARY,,,,,,,
78.97226108592105,32.585719258157894,CRETACEOUS - TERTIARY,,,,,,,
79.10620373093023,32.58423349930233,PALAEOZOIC,,,,,,,
78.5612679958385,34.02930735012423,MESOZOIC,,,,,,,
77.640235503,35.1922961315,PERMIAN,,,,,,,
77.89402409361111,35.10664717694445,TRIASSIC,,,,,,,
77.92648776121212,35.01204425378788,PERMIAN,,,,,,,
77.79603921736843,35.2595225,JURASSIC,,,,,,,
77.89818097183674,35.40082530183673,TRIASSIC,,,,,,,
77.94562565152542,35.49010864966102,CRETACEOUS,,,,,,,
77.6791525,33.511712070444446,PALAEOZOIC,,,,,,,
74.9171221222449,34.675458994489794,EOCENE,,,,,,,
74.7628039775,34.6486675,PERMIAN - TRIASSIC,,,,,,,
74.71920420199999,34.67627585,PERMIAN - TRIASSIC,,,,,,,
74.7184410675,34.6767588575,PERMIAN - TRIASSIC,,,,,,,
89.71637255225001,26.710780786375,PLIOCENE - PLEISTOCENE,,,,,,,
90.20807496969697,26.788282819848483,PLIOCENE - PLEISTOCENE,,,,,,,
72.83570845692307,26.72150172923077,NEOPROTEROZOIC - EARLY CAMBRIAN,MARWAR,,,,,,
74.038072719616,22.398354747024,PALAEOPROTEROZOIC,ARAVALLI,,,,,,
74.53736336472863,33.791654374255195,QUATERNARY,,,,,,,
74.34798976817042,34.06765959997494,PLIOCENE - PLEISTOCENE,,,,,,,
78.33501276105262,32.714800092105264,CARBONIFEROUS,,,,,,,
78.643458886875,32.70171894125,ORDOVICIAN - DEVONIAN,,,,,,,
78.85912558294118,32.81782769058823,ORDOVICIAN - DEVONIAN,,,,,,,
78.56862441836066,32.854873097868854,ORDOVICIAN - DEVONIAN,,,,,,,
78.43169425846153,32.89859217730769,ORDOVICIAN - DEVONIAN,,,,,,,
78.47466088058823,32.67067824784314,ORDOVICIAN - DEVONIAN,,,,,,,
77.97974642122807,33.504535838421056,MIOCENE - PLIOCENE,,,,,,,
78.10448388608333,32.98533853516667,PALAEOZOIC,,,,,,,
76.93441190664643,10.513218200182093,ARCHAEAN - PROTEROZOIC,SOUTHERN GRANULITE TERRAIN,,,,,,
76.97250430190563,10.472301212341199,ARCHAEAN - PROTEROZOIC,SOUTHERN GRANULITE TERRAIN,,,,,,
77.39244462869918,10.864122804837399,ARCHAEAN - PROTEROZOIC,SOUTHERN GRANULITE TERRAIN,,,,,,
77.32473991590165,10.856921897423888,ARCHAEAN - PROTEROZOIC,SOUTHERN GRANULITE TERRAIN,,,,,,
77.27214482526315,10.89608111888471,ARCHAEAN - PROTEROZOIC,SOUTHERN GRANULITE TERRAIN,,,,,,
77.30086682601495,10.774535479380342,ARCHAEAN - PROTEROZOIC,SOUTHERN GRANULITE TERRAIN,,,,,,
77.39254697893519,10.760447880848766,ARCHAEAN - PROTEROZOIC,SOUTHERN GRANULITE TERRAIN,,,,,,
77.19202733072886,11.02812085265306,ARCHAEAN - PROTEROZOIC,SOUTHERN GRANULITE TERRAIN,,,,,,
77.1837680678125,11.015604540357144,ARCHAEAN - PROTEROZOIC,SOUTHERN GRANULITE TERRAIN,,,,,,
77.18143937210884,11.001471589387755,ARCHAEAN - PROTEROZOIC,SOUTHERN GRANULITE TERRAIN,,,,,,
77.2383966680997,11.037374512056076,ARCHAEAN - PROTEROZOIC,SOUTHERN GRANULITE TERRAIN,,,,,,
77.05493766879746,10.96714678443038,ARCHAEAN - PROTEROZOIC,SOUTHERN GRANULITE TERRAIN,,,,,,
77.3736402605794,11.092302025944205,ARCHAEAN - PROTEROZOIC,SOUTHERN GRANULITE TERRAIN,,,,,,
77.4178623443871,11.142800663129034,ARCHAEAN - PROTEROZOIC,SOUTHERN GRANULITE TERRAIN,,,,,,
77.48790926908772,11.132402463403508,ARCHAEAN - PROTEROZOIC,SOUTHERN GRANULITE TERRAIN,,,,,,
77.85291148351352,9.484763034270271,CENOZOIC,,,,,,,
77.98047354054422,9.393247658979591,ARCHAEAN - PROTEROZOIC,SOUTHERN GRANULITE TERRAIN,,,,,,
78.3109512528125,9.346612675083332,MIOCENE - PLIOCENE,,,,,,,
78.37806962666666,9.417365202727272,MIOCENE - PLIOCENE,,,,,,,
77.42369211549487,8.185773598156997,CENOZOIC,,,,,,,
77.02448227996163,8.590925602774936,ARCHAEAN - PROTEROZOIC,SOUTHERN GRANULITE TERRAIN,,,,,,
77.03770837850236,8.593643853336493,ARCHAEAN - PROTEROZOIC,SOUTHERN GRANULITE TERRAIN,,,,,,
77.03051472375,8.810963161250001,ARCHAEAN - PROTEROZOIC,SOUTHERN GRANULITE TERRAIN,,,,,,
76.9956484105532,8.85753004855319,ARCHAEAN - PROTEROZOIC,SOUTHERN GRANULITE TERRAIN,,,,,,
77.0194532919403,8.811721395422886,ARCHAEAN - PROTEROZOIC,SOUTHERN GRANULITE TERRAIN,,,,,,
77.04925679721154,8.81462303028846,ARCHAEAN - PROTEROZOIC,SOUTHERN GRANULITE TERRAIN,,,,,,
76.99595313508108,8.835944122783784,ARCHAEAN - PROTEROZOIC,SOUTHERN GRANULITE TERRAIN,,,,,,
77.07623244019874,8.592067828797072,ARCHAEAN - PROTEROZOIC,SOUTHERN GRANULITE TERRAIN,,,,,,
77.18492025841464,8.609468356585365,ARCHAEAN - PROTEROZOIC,SOUTHERN GRANULITE TERRAIN,,,,,,
77.3369561975,8.493982299999999,ARCHAEAN - PROTEROZOIC,SOUTHERN GRANULITE TERRAIN,,,,,,
78.128208345,10.19375401,ARCHAEAN - PROTEROZOIC,SOUTHERN GRANULITE TERRAIN,,,,,,
77.8971899596875,9.1668888903125,ARCHAEAN - PROTEROZOIC,SOUTHERN GRANULITE TERRAIN,,,,,,
77.8699761671875,9.166843218124999,ARCHAEAN - PROTEROZOIC,SOUTHERN GRANULITE TERRAIN,,,,,,
77.8690215631579,9.082556411578947,ARCHAEAN - PROTEROZOIC,SOUTHERN GRANULITE TERRAIN,,,,,,
78.52965549941645,10.660643188461538,NEOPROTEROZOIC,,,,,,,
78.6336317744375,10.6960800933125,NEOPROTEROZOIC,,,,,,,
78.56735194695946,10.635775273648647,NEOPROTEROZOIC,,,,,,,
78.54723346660194,10.599100660388348,NEOPROTEROZOIC,,,,,,,
76.68801779104683,33.03587012820937,PROTEROZOIC,,,,,,,
74.997120106,33.846196555,PLIOCENE - PLEISTOCENE,,,,,,,
72.601784481875,24.013849985625,MESOPROTEROZOIC,,,,,,,
72.62728413428572,24.04037706,MESOPROTEROZOIC,,,,,,,
72.64309413405797,24.06185706463768,MESOPROTEROZOIC,,,,,,,
72.8678629625,23.9269658075,PALAEOPROTEROZOIC - MESOPROTEROZOIC,DELHI,,,,,,
72.84931543418182,23.642449731515153,LATE CRETACEOUS - PALAEOCENE,DECCAN TRAP,,,,,,
73.208588658692,23.44364345421941,PALAEOPROTEROZOIC,ARAVALLI,,,,,,
73.497212486,24.55814087715556,PALAEOPROTEROZOIC,,,,,,,
73.49482391192983,24.580682251403513,PALAEOPROTEROZOIC,,,,,,,
75.1725269,33.923451485,PLIOCENE - PLEISTOCENE,,,,,,,
83.73482386149426,24.871282509655174,MESOPROTEROZOIC,VINDHYAN,,,,,,
83.1851871292053,25.05782803562914,MESOPROTEROZOIC,VINDHYAN,,,,,,
83.20441812249999,25.036062719264706,MESOPROTEROZOIC,VINDHYAN,,,,,,
83.18428965042945,25.02957375846626,MESOPROTEROZOIC,VINDHYAN,,,,,,
83.15476906698113,25.028331217735847,MESOPROTEROZOIC,VINDHYAN,,,,,,
83.26123780311005,25.025279127177033,MESOPROTEROZOIC,VINDHYAN,,,,,,
83.31013268165468,25.009728621410073,MESOPROTEROZOIC,VINDHYAN,,,,,,
83.26184610772276,25.00661167673267,MESOPROTEROZOIC,VINDHYAN,,,,,,
83.21771783479167,25.003164221666665,MESOPROTEROZOIC,VINDHYAN,,,,,,
83.05030601168141,25.037700756106194,MESOPROTEROZOIC,VINDHYAN,,,,,,
82.99665984460785,25.0519204172549,MESOPROTEROZOIC,VINDHYAN,,,,,,
82.91684951053098,24.9839795000885,MESOPROTEROZOIC,VINDHYAN,,,,,,
82.17871286,24.988613895,QUATERNARY,,,,,,,
82.16722827215686,24.986680580735293,MESOPROTEROZOIC,VINDHYAN,,,,,,
82.12338932853659,24.975858630670732,MESOPROTEROZOIC,VINDHYAN,,,,,,
82.84872187,24.969993825,QUATERNARY,,,,,,,
76.57052699228758,26.10640508222222,MESOPROTEROZOIC,VINDHYAN,,,,,,
76.57979513298892,26.099175404501846,MESOPROTEROZOIC,VINDHYAN,,,,,,
76.60573957820276,26.093707799032256,NEOPROTEROZOIC,VINDHYAN,,,,,,
76.60934723788235,26.02038670117647,NEOPROTEROZOIC,VINDHYAN,,,,,,
76.58303941577465,26.013013174788732,NEOPROTEROZOIC,VINDHYAN,,,,,,
76.54565482837607,26.028919632905982,NEOPROTEROZOIC,VINDHYAN,,,,,,
76.57597373640625,26.04958203640625,NEOPROTEROZOIC,VINDHYAN,,,,,,
77.43268563853658,26.20892724829268,NEOPROTEROZOIC,VINDHYAN,,,,,,
76.390622495,28.1651308275,QUATERNARY,,,,,,,
76.40165536027526,28.182589543035782,PALAEOPROTEROZOIC - MESOPROTEROZOIC,DELHI,,,,,,
76.47705519,28.187766345500002,PALAEOPROTEROZOIC - MESOPROTEROZOIC,DELHI,,,,,,
75.88610333612245,27.05909260755102,PALAEOPROTEROZOIC - MESOPROTEROZOIC,DELHI,,,,,,
76.8636871763889,28.010368369166667,PALAEOPROTEROZOIC - MESOPROTEROZOIC,DELHI,,,,,,
84.9422390718644,20.903904032711864,ARCHAEAN - PROTEROZOIC,EASTERN GHAT,,,,,,
79.60272086597485,29.42732252672956,MESOPROTEROZOIC,,,,,,,
79.4006864027027,29.528396098918922,MESOPROTEROZOIC,,,,,,,
79.62967796744319,29.293345888863634,NEOPROTEROZOIC,,,,,,,
79.68399669468687,29.382999048888887,PROTEROZOIC,,,,,,,
74.89052240274194,13.961119865080645,CENOZOIC,,,,,,,
73.1718902882892,21.62805871454175,EOCENE - OLIGOCENE,,,,,,,
74.02248782555198,16.332564605545514,NEOPROTEROZOIC,KALADGI,,,,,,
73.7513123525,16.267160589,ARCHAEAN,PENINSULAR GNEISSIC COMPLEX,,,,,,
73.71318454029411,16.14096013994118,CENOZOIC,,,,,,,
73.73388060179487,16.176809383589745,CENOZOIC,,,,,,,
73.57447974051547,16.046427291030927,LATE CRETACEOUS - PALAEOCENE,DECCAN TRAP,,,,,,
74.1626923932,16.0465483228,CENOZOIC,,,,,,,
74.1223153212766,16.171038510851066,CENOZOIC,,,,,,,
73.93650333733333,16.355637998666666,CENOZOIC,,,,,,,
73.9690022388914,16.20938205142534,CENOZOIC,,,,,,,
73.9475374375,16.450646993333333,CENOZOIC,,,,,,,
73.88001466166666,16.42355337,CENOZOIC,,,,,,,
74.77852499476744,15.952235500465116,ARCHAEAN,PENINSULAR GNEISSIC COMPLEX,,,,,,
74.88863529892045,15.985077450284091,ARCHAEAN,DHARWAR,,,,,,
75.04032989943396,15.972501240754717,LATE CRETACEOUS - PALAEOCENE,DECCAN TRAP,,,,,,
73.89706368608695,16.137414609565216,CENOZOIC,,,,,,,
74.12459921552906,16.27520800529052,NEOPROTEROZOIC,KALADGI,,,,,,
74.80464073103896,22.385712510649352,PALAEOPROTEROZOIC,ARAVALLI,,,,,,
75.08968304547008,22.375339790085473,ARCHAEAN,,,,,,,
75.09170292,22.36416432936709,LATE CRETACEOUS,,,,,,,
74.84727401470589,22.387586310294118,LATE CRETACEOUS,,,,,,,
74.79496266866666,22.392657680666666,LATE CRETACEOUS,,,,,,,
74.95648347,22.36327476475936,LATE CRETACEOUS,,,,,,,
77.49527162254903,22.341899595882353,ARCHAEAN- PALAEOPROTEROZOIC,,,,,,,
79.71117904146341,13.690312636422764,MESOPROTEROZOIC,CUDDAPAH,,,,,,
69.320756534,22.213746763,LATE CRETACEOUS - PALAEOCENE,DECCAN TRAP,,,,,,
70.12938078250001,21.215001973333333,MIOCENE - PLIOCENE,,,,,,,
70.24532790090909,21.112152907727275,MIOCENE,,,,,,,
70.37544275822738,21.02175014513837,QUATERNARY,,,,,,,
70.34198249118599,20.989397321778974,MIOCENE - PLIOCENE,,,,,,,
70.40888286644689,20.939928085824175,MIOCENE - PLIOCENE,,,,,,,
70.47841715156977,20.902140907616282,MIOCENE - PLIOCENE,,,,,,,
86.75110081965053,21.91845804170699,MIOCENE,,,,,,,
86.58692860499237,21.81790960270229,PROTEROZOIC,,,,,,,
86.33910881960759,21.690270819069617,CENOZOIC,,,,,,,
86.32583808513711,21.502634324003655,PROTEROZOIC,,,,,,,
86.26851654457627,21.448132885508475,ARCHAEAN,,,,,,,
86.26925760131869,21.267200763956044,ARCHAEAN,,,,,,,
86.37591158529412,21.309396245882354,ARCHAEAN - PROTEROZOIC,,,,,,,
86.49801908090747,21.376165074270464,ARCHAEAN,,,,,,,
86.49467989378738,21.36586385282392,MESOPROTEROZOIC,,,,,,,
85.51932359973684,21.011165975175437,ARCHAEAN - PROTEROZOIC,EASTERN GHAT,,,,,,
85.4527974775,21.3949920945,ARCHAEAN,,,,,,,
85.30142791694517,21.17417206697128,ARCHAEAN- PALAEOPROTEROZOIC,,,,,,,
85.38641947586797,21.31796961190709,ARCHAEAN- PALAEOPROTEROZOIC,,,,,,,
84.0761437911194,20.478833395746268,LATE CARBONIFEROUS - PERMIAN,GONDWANA,,,,,,
83.93343924888889,20.525850433333332,LATE CARBONIFEROUS - PERMIAN,GONDWANA,,,,,,
86.31196203117648,21.348509150313724,ARCHAEAN - PROTEROZOIC,,,,,,,
86.28511732999999,21.36563074867647,ARCHAEAN - PROTEROZOIC,,,,,,,
83.83723347097701,20.580629307126436,PROTEROZOIC,,,,,,,
92.99104595888889,13.216280461111111,PALAEOCENE - EOCENE,,,,,,,
92.98447548450628,13.16130240179467,JURASSIC- CRETACEOUS,,,,,,,
92.72636300941177,12.613096572352942,OLIGOCENE,,,,,,,
92.76254828541666,12.632474720416667,OLIGOCENE,,,,,,,
92.81095435302325,12.362638157209302,OLIGOCENE,,,,,,,
92.647231895,11.669112691666667,OLIGOCENE,,,,,,,
92.66713147531198,11.815438887875212,MIOCENE - PLIOCENE,,,,,,,
92.69184628299999,11.89938536,OLIGOCENE,,,,,,,
92.68054429555555,11.842548623333334,OLIGOCENE,,,,,,,
92.68959573444444,11.871318196666667,OLIGOCENE,,,,,,,
92.66879981777778,11.816605697777778,OLIGOCENE,,,,,,,
92.69070139749999,11.8596213325,OLIGOCENE,,,,,,,
92.686579555089,11.75490718208377,OLIGOCENE,,,,,,,
92.68616655270988,11.784856663475026,PALAEOCENE - EOCENE,,,,,,,
92.95915363352941,12.565396688235294,JURASSIC- CRETACEOUS,,,,,,,
69.570485712,21.796355436,QUATERNARY,,,,,,,
69.41901957428571,21.87497199964286,QUATERNARY,,,,,,,
69.57701158918367,21.72035457489796,MIOCENE - PLIOCENE,,,,,,,
69.45300727,21.78973720818182,QUATERNARY,,,,,,,
86.71422110166667,22.08546361,QUATERNARY,,,,,,,
86.66372589578768,22.10429015910959,PALAEOPROTEROZOIC,,,,,,,
86.6622818720574,22.123012875454545,PALAEOPROTEROZOIC,,,,,,,
86.69460470395349,22.074654945426357,CENOZOIC,,,,,,,
86.70063975375,22.05171773767857,PROTEROZOIC,,,,,,,
86.69025149386819,22.27963397679083,ARCHAEAN,,,,,,,
81.82646774834437,23.054438278145692,PROTEROZOIC,,,,,,,
81.6186714775,23.231456965,LATE CARBONIFEROUS - PERMIAN,GONDWANA,,,,,,
81.177228688,23.292905772,LATE CRETACEOUS,,,,,,,
81.5455211757476,23.06462758511254,LATE CRETACEOUS,,,,,,,
81.52561466954545,23.263398232272724,LATE CARBONIFEROUS - PERMIAN,GONDWANA,,,,,,
81.60851353508794,23.249334772891615,LATE CRETACEOUS - PALAEOCENE,DECCAN TRAP,,,,,,
80.53091881771654,23.47658711992126,PALAEOPROTEROZOIC,,,,,,,
80.529913625,23.423856915000002,LATE CRETACEOUS,,,,,,,
80.56456412249292,23.46740418974504,PALAEOPROTEROZOIC,,,,,,,
80.53486037125828,23.44216266754967,TRIASSIC - EARLY CRETACEOUS,GONDWANA,,,,,,
80.13663906470589,23.294705285784314,PALAEOPROTEROZOIC,,,,,,,
80.18253914249999,23.314966662499998,QUATERNARY,,,,,,,
80.1889232049763,23.296717858672984,TRIASSIC - EARLY CRETACEOUS,GONDWANA,,,,,,
80.05506184736842,23.400358487368422,CENOZOIC,,,,,,,
75.931727419375,34.466524835625,CRETACEOUS - TERTIARY,,,,,,,
74.5144618142014,24.6418501021875,ARCHAEAN,BHILWARA,,,,,,
78.99187290836602,22.155042886928104,ARCHAEAN- PALAEOPROTEROZOIC,,,,,,,
75.01267774615587,25.124340627569353,MESOPROTEROZOIC,VINDHYAN,,,,,,
75.04317746529914,25.158088884871795,MESOPROTEROZOIC - NEOPROTEOZOIC,VINDHYAN,,,,,,
78.0840203442572,23.859388487250555,MESOPROTEROZOIC - NEOPROTEOZOIC,VINDHYAN,,,,,,
78.24714518470589,23.99556378941176,MESOPROTEROZOIC - NEOPROTEOZOIC,VINDHYAN,,,,,,
79.0722088775584,24.04217018821656,LATE CRETACEOUS,,,,,,,
74.99628397048681,25.115377930223122,MESOPROTEROZOIC,VINDHYAN,,,,,,
77.51684709655915,24.645854838817204,NEOPROTEROZOIC,VINDHYAN,,,,,,
77.45546311177779,24.71347333311111,NEOPROTEROZOIC,VINDHYAN,,,,,,
77.41099279446428,24.715026133035714,NEOPROTEROZOIC,VINDHYAN,,,,,,
77.66875615233502,26.901462411370556,NEOPROTEROZOIC,VINDHYAN,,,,,,
77.6399496719753,26.8842989445679,NEOPROTEROZOIC,VINDHYAN,,,,,,
77.53316929584615,26.829585264584615,NEOPROTEROZOIC,VINDHYAN,,,,,,
77.31468315789473,24.940223158421052,NEOPROTEROZOIC,VINDHYAN,,,,,,
77.15538854045454,24.805550725454545,LATE CRETACEOUS - PALAEOCENE,DECCAN TRAP,,,,,,
77.26089384615385,24.889643846923075,LATE CRETACEOUS - PALAEOCENE,DECCAN TRAP,,,,,,
77.291109999375,24.884368125625,LATE CRETACEOUS - PALAEOCENE,DECCAN TRAP,,,,,,
77.12082589097923,24.850713816765577,LATE CRETACEOUS - PALAEOCENE,DECCAN TRAP,,,,,,
78.11643555618795,30.449039779715417,NEOPROTEROZOIC,,,,,,,
76.77785726051282,16.697245438153846,ARCHAEAN- PALAEOPROTEROZOIC,PENINSULAR GNEISSIC COMPLEX,,,,,,
76.82243976639344,16.613486279836067,ARCHAEAN- PALAEOPROTEROZOIC,PENINSULAR GNEISSIC COMPLEX,,,,,,
80.44133621499999,19.19805052,ARCHAEAN,,,,,,,
80.46931946347827,19.159109555652172,ARCHAEAN- PALAEOPROTEROZOIC,,,,,,,
80.39843399071428,19.110816446785716,ARCHAEAN- PALAEOPROTEROZOIC,,,,,,,
72.30701187999999,27.133639173333332,NEOPROTEROZOIC - EARLY CAMBRIAN,MARWAR,,,,,,
72.46686338756098,27.106706160731708,NEOPROTEROZOIC - EARLY CAMBRIAN,MARWAR,,,,,,
72.58357594384616,27.10893819076923,NEOPROTEROZOIC - EARLY CAMBRIAN,MARWAR,,,,,,
72.21847990108108,27.14785504081081,NEOPROTEROZOIC - EARLY CAMBRIAN,MARWAR,,,,,,
94.952065055,28.41352592,PALAEOZOIC,,,,,,,
85.89804962400697,22.772443295540068,MESOPROTEROZOIC,,,,,,,
85.55275928103542,22.060281187711173,PALAEOPROTEROZOIC - MESOPROTEROZOIC,,,,,,,
85.341362401625,21.277347125416668,ARCHAEAN,,,,,,,
74.31017939694215,33.60450211592286,NEOPROTEROZOIC,,,,,,,
80.25651241038462,24.807362088692308,MESOPROTEROZOIC,VINDHYAN,,,,,,
82.43492863389831,21.479475567627116,PALAEOPROTEROZOIC,,,,,,,
83.03726746,19.794976052499997,ARCHAEAN - PROTEROZOIC,EASTERN GHAT,,,,,,
82.80596153125,17.76257395,ARCHAEAN - PROTEROZOIC,EASTERN GHAT,,,,,,
82.78880457940171,17.711124554017093,ARCHAEAN - PROTEROZOIC,EASTERN GHAT,,,,,,
82.96917554391304,17.73375440130435,ARCHAEAN - PROTEROZOIC,EASTERN GHAT,,,,,,
83.17156848152018,17.8231795635867,ARCHAEAN - PROTEROZOIC,EASTERN GHAT,,,,,,
83.0530100614665,19.808711310360305,ARCHAEAN - PROTEROZOIC,EASTERN GHAT,,,,,,
83.29810606192825,18.591489953766818,ARCHAEAN - PROTEROZOIC,EASTERN GHAT,,,,,,
84.68263734514389,20.92655193233813,ARCHAEAN - PROTEROZOIC,EASTERN GHAT,,,,,,
84.7053903252,20.9549602184,ARCHAEAN - PROTEROZOIC,EASTERN GHAT,,,,,,
84.76333623125,20.91447048708333,ARCHAEAN - PROTEROZOIC,EASTERN GHAT,,,,,,
84.64744508952484,24.69011058071274,PROTEROZOIC,,,,,,,
84.60027094935185,24.73040386574074,PROTEROZOIC,,,,,,,
83.751023496,24.35889264,QUATERNARY,,,,,,,
83.750261748,24.357811262000002,QUATERNARY,,,,,,,
83.750126096,24.357989048,QUATERNARY,,,,,,,
84.96852006344537,24.838864232184875,PROTEROZOIC,,,,,,,
83.53746717761905,23.189507799603174,CENOZOIC,,,,,,,
83.6994438231408,24.418619530649817,PALAEOPROTEROZOIC,,,,,,,
83.53477830966888,24.351910079933777,PALAEOPROTEROZOIC,,,,,,,
86.963155945,22.9407749525,QUATERNARY,,,,,,,
86.92312249581197,22.9677192291453,PROTEROZOIC,,,,,,,
82.91807898804628,23.156197108123393,PROTEROZOIC,,,,,,,
84.56090502199005,23.74487956522388,TRIASSIC -  EARLY JURASSIC,GONDWANA,,,,,,
83.65254448717948,23.218643076923076,CENOZOIC,,,,,,,
83.70758001333333,23.11540509,LATE CRETACEOUS - PALAEOCENE,DECCAN TRAP,,,,,,
85.50032172053434,23.53623303736641,ARCHAEAN- PALAEOPROTEROZOIC,,,,,,,
85.59424170531915,23.484468146170215,ARCHAEAN- PALAEOPROTEROZOIC,,,,,,,
83.66229842909091,23.146938883636363,LATE CRETACEOUS,,,,,,,
84.36161122043771,23.122400682659933,CENOZOIC,,,,,,,
84.43984652451243,23.09231093799235,CENOZOIC,,,,,,,
84.45760952795918,23.104786236054423,CENOZOIC,,,,,,,
84.43841758614525,23.04737649329609,CENOZOIC,,,,,,,
84.25898009684211,23.30519410403509,CENOZOIC,,,,,,,
84.42653222565217,23.14589663826087,CENOZOIC,,,,,,,
84.22861138809523,22.904223896666668,CENOZOIC,,,,,,,
87.44016084791392,24.46078930248344,ARCHAEAN- PALAEOPROTEROZOIC,,,,,,,
87.4513583025199,24.419370013793106,TRIASSIC - JURASSIC,GONDWANA,,,,,,
87.43434496235963,24.478344116783003,TRIASSIC - JURASSIC,GONDWANA,,,,,,
87.47551884424658,24.353131676712326,TRIASSIC - JURASSIC,GONDWANA,,,,,,
86.50443220606195,24.074206225044247,LATE CARBONIFEROUS - PERMIAN,GONDWANA,,,,,,
86.3927064524506,24.04630425810277,LATE CARBONIFEROUS - PERMIAN,GONDWANA,,,,,,
82.227281094,22.553606135121953,ARCHAEAN- PALAEOPROTEROZOIC,,,,,,,
82.09895739,22.4099610754,ARCHAEAN- PALAEOPROTEROZOIC,,,,,,,
85.50213602030303,23.541858712651514,CENOZOIC,,,,,,,
86.8163549938914,23.88940400723982,JURASSIC- CRETACEOUS,,,,,,,
86.70829293994832,23.949392556795864,JURASSIC- CRETACEOUS,,,,,,,
79.5798335625,15.736322285,MESOPROTEROZOIC,,,,,,,
79.6194411927972,15.78133814006993,MESOPROTEROZOIC,,,,,,,
76.15796218367348,14.757212829591836,ARCHAEAN,,,,,,,
74.47339210965218,14.949346133565216,ARCHAEAN,DHARWAR,,,,,,
75.45304249192307,13.80856583326923,ARCHAEAN,DHARWAR,,,,,,
75.40272349444444,13.887268247222222,ARCHAEAN,DHARWAR,,,,,,
75.41617221941176,13.931299310588235,ARCHAEAN,DHARWAR,,,,,,
74.498391956,14.463282838000001,CENOZOIC,,,,,,,
73.80217778437628,16.32455809751534,ARCHAEAN,DHARWAR,,,,,,
73.77437479924528,16.263607026037736,ARCHAEAN,DHARWAR,,,,,,
76.12873320997093,15.298078399970931,ARCHAEAN- PALAEOPROTEROZOIC,,,,,,,
75.757975229375,15.86116212625,NEOPROTEROZOIC,KALADGI,,,,,,
75.79072393307692,15.849801942307693,NEOPROTEROZOIC,KALADGI,,,,,,
75.82964347537036,15.837617470246913,NEOPROTEROZOIC,KALADGI,,,,,,
75.88614945844155,15.818062239220778,NEOPROTEROZOIC,KALADGI,,,,,,
75.94021085526718,15.776664414122138,NEOPROTEROZOIC,KALADGI,,,,,,
75.98028685004525,15.75183615642534,NEOPROTEROZOIC,KALADGI,,,,,,
78.04722552205882,13.340392970392157,ARCHAEAN- PALAEOPROTEROZOIC,,,,,,,
78.01843409324324,13.315708785878378,ARCHAEAN- PALAEOPROTEROZOIC,,,,,,,
76.5670974475,27.6310562509375,PALAEOPROTEROZOIC - MESOPROTEROZOIC,DELHI,,,,,,
76.5359131075,27.5961439975,QUATERNARY,,,,,,,
76.54087018355372,27.60550257661157,PALAEOPROTEROZOIC - MESOPROTEROZOIC,,,,,,,
76.57346898046359,27.618267547218544,PALAEOPROTEROZOIC - MESOPROTEROZOIC,,,,,,,
73.93713330398907,23.820125084043717,PALAEOPROTEROZOIC,ARAVALLI,,,,,,
73.7233673084422,24.535882630150756,PALAEOPROTEROZOIC,ARAVALLI,,,,,,
78.54584952246377,18.591946804202898,LATE CRETACEOUS - PALAEOCENE,DECCAN TRAP,,,,,,
78.51424709232779,18.566144669643705,LATE CRETACEOUS - PALAEOCENE,DECCAN TRAP,,,,,,
77.71458526662857,16.250429793257144,ARCHAEAN,DHARWAR,,,,,,
94.2437316366264,25.348565309453125,EOCENE - OLIGOCENE,,,,,,,
80.45909541471941,21.14552719569555,PALAEOPROTEROZOIC - MESOPROTEROZOIC,,,,,,,
87.43526628660969,24.418858016096866,LATE CARBONIFEROUS - PERMIAN,GONDWANA,,,,,,
76.4449606526506,16.250133037710846,ARCHAEAN,DHARWAR,,,,,,
72.872793582,25.06328212,NEOPROTEROZOIC,,,,,,,
72.9298211875,25.0930853325,NEOPROTEROZOIC,,,,,,,
72.9322045075,25.06937868,NEOPROTEROZOIC,,,,,,,
85.12970460382353,20.574842582647058,ARCHAEAN - PROTEROZOIC,EASTERN GHAT,,,,,,
85.13823314,20.488329754,QUATERNARY,,,,,,,
70.13559948347826,21.25443168043478,MIOCENE,,,,,,,
81.65328573566038,18.08302096119497,ARCHAEAN - PROTEROZOIC,EASTERN GHAT,,,,,,
81.56005993235294,17.854201166470588,ARCHAEAN,,,,,,,
81.55098857340909,18.062655624045455,ARCHAEAN,,,,,,,
75.28671756495798,26.318495429663866,ARCHAEAN,,,,,,,
75.3054045125,26.3093830625,QUATERNARY,,,,,,,
75.3059952302817,26.310589808732395,ARCHAEAN,,,,,,,
74.46341455940426,24.86563481987234,ARCHAEAN,BHILWARA,,,,,,
74.3140124325,24.8244928025,ARCHAEAN,,,,,,,
74.498102415625,24.648759877499998,ARCHAEAN,BHILWARA,,,,,,
81.71018810234536,20.13742265613402,PALAEOPROTEROZOIC,,,,,,,
81.52565023792208,19.944512964675326,MESOPROTEROZOIC - NEOPROTEOZOIC,CHHATTISGARH,,,,,,
81.62739506091079,20.150615617583643,MESOPROTEROZOIC - NEOPROTEOZOIC,CHHATTISGARH,,,,,,
88.0662976125,27.342211155,,,,,,,,
73.64778340666666,24.01334784809524,PALAEOPROTEROZOIC,,,,,,,
75.49424202526315,26.27490382736842,PALAEOPROTEROZOIC,,,,,,,
77.46791770107623,21.812326793258595,ARCHAEAN- PALAEOPROTEROZOIC,,,,,,,
75.57200192111111,25.730342252222222,ARCHAEAN,BHILWARA,,,,,,
72.88872405095238,23.892585463333333,NEOPROTEROZOIC,MALANI IGNEOUS SUITE,,,,,,
73.02572937307693,23.82584990346154,NEOPROTEROZOIC,MALANI IGNEOUS SUITE,,,,,,
72.92328697555556,23.916398962222225,NEOPROTEROZOIC,MALANI IGNEOUS SUITE,,,,,,
72.93505255933334,23.918948773333334,NEOPROTEROZOIC,MALANI IGNEOUS SUITE,,,,,,
72.926304005,23.906294392857145,NEOPROTEROZOIC,MALANI IGNEOUS SUITE,,,,,,
72.26127307621212,25.64321020237374,NEOPROTEROZOIC,MALANI IGNEOUS SUITE,,,,,,
72.36634025023189,25.729972761289854,NEOPROTEROZOIC,MALANI IGNEOUS SUITE,,,,,,
72.78154596708333,25.597239393333336,NEOPROTEROZOIC,MALANI IGNEOUS SUITE,,,,,,
72.78442890000001,25.574487814999998,NEOPROTEROZOIC,MALANI IGNEOUS SUITE,,,,,,
72.39398365333334,25.073197095555557,NEOPROTEROZOIC,MALANI IGNEOUS SUITE,,,,,,
74.67796954,33.17165196333334,CRETACEOUS - EOCENE,,,,,,,
74.656686476,33.181574472,CRETACEOUS - EOCENE,,,,,,,
74.618945032,33.17864651,MESOPROTEROZOIC,,,,,,,
78.11202763074999,30.91181104496428,QUATERNARY,,,,,,,
78.25050473488372,30.293714386109936,NEOPROTEROZOIC,,,,,,,
75.05545687042105,22.39920073368421,LATE CRETACEOUS,,,,,,,
75.06184207282051,22.3944619,ARCHAEAN,,,,,,,
75.01076695130045,22.38025823807175,ARCHAEAN,,,,,,,
74.58891565083333,22.434873536666668,ARCHAEAN,,,,,,,
73.556991035,26.603645823846154,PROTEROZOIC,,,,,,,
73.60422008136364,26.58048026863636,PROTEROZOIC,,,,,,,
72.90620989249999,26.8065880375,NEOPROTEROZOIC - EARLY CAMBRIAN,MARWAR,,,,,,
72.9436512375,26.7761330975,NEOPROTEROZOIC - EARLY CAMBRIAN,MARWAR,,,,,,
72.93623055995663,26.776200887840414,NEOPROTEROZOIC - EARLY CAMBRIAN,MARWAR,,,,,,
72.98607282,26.750004710000002,NEOPROTEROZOIC - EARLY CAMBRIAN,MARWAR,,,,,,
72.97407109,26.7352865625,NEOPROTEROZOIC - EARLY CAMBRIAN,MARWAR,,,,,,
72.91556602587208,26.739689592093022,NEOPROTEROZOIC - EARLY CAMBRIAN,MARWAR,,,,,,
72.93538098647383,26.724040178539944,NEOPROTEROZOIC - EARLY CAMBRIAN,MARWAR,,,,,,
73.653139355,26.688086495555556,NEOPROTEROZOIC - EARLY CAMBRIAN,MARWAR,,,,,,
72.37507622999999,26.797799134117646,NEOPROTEROZOIC - EARLY CAMBRIAN,MARWAR,,,,,,
73.26852374454546,26.564827904545453,NEOPROTEROZOIC - EARLY CAMBRIAN,MARWAR,,,,,,
78.162574906,31.866266583999998,TRIASSIC - JURASSIC,,,,,,,
78.18789460544,31.88599589112,TRIASSIC - JURASSIC,,,,,,,
76.14589612739131,34.3184943919398,PERMIAN - JURASSIC,,,,,,,
73.674147775,24.7017445175,PALAEOPROTEROZOIC,,,,,,,
73.69806656979675,24.697147994512196,PALAEOPROTEROZOIC,,,,,,,
88.39046963882353,27.16655869117647,PERMIAN,GONDWANA,,,,,,
88.37493270612903,27.171024373870967,PROTEROZOIC,,,,,,,
77.58415519758454,8.998240157246377,ARCHAEAN - PROTEROZOIC,SOUTHERN GRANULITE TERRAIN,,,,,,
85.90025275029703,20.715458450767326,ARCHAEAN - PROTEROZOIC,EASTERN GHAT,,,,,,
85.40808105365285,20.650862989481865,ARCHAEAN - PROTEROZOIC,EASTERN GHAT,,,,,,
85.3532737762324,20.60381788704225,ARCHAEAN - PROTEROZOIC,EASTERN GHAT,,,,,,
85.04021088765624,19.47989981046875,ARCHAEAN - PROTEROZOIC,EASTERN GHAT,,,,,,
84.89053457733333,19.414208933333335,ARCHAEAN - PROTEROZOIC,EASTERN GHAT,,,,,,
84.9571365025,19.388764215,ARCHAEAN - PROTEROZOIC,EASTERN GHAT,,,,,,
82.08514520125,18.265643000833332,CENOZOIC,,,,,,,
84.1504838275,19.005278522,ARCHAEAN - PROTEROZOIC,EASTERN GHAT,,,,,,
86.65387532767123,22.787192985068494,MESOPROTEROZOIC,,,,,,,
78.92902587596754,23.218814189076156,LATE CRETACEOUS,,,,,,,
73.80494235969697,21.776814306060604,LATE CRETACEOUS,,,,,,,
82.78039194761905,18.794562084761907,ARCHAEAN - PROTEROZOIC,EASTERN GHAT,,,,,,
83.09828095666667,18.695608247333332,ARCHAEAN - PROTEROZOIC,EASTERN GHAT,,,,,,
81.59859576923077,22.853861923076924,CENOZOIC,,,,,,,
81.45319538461538,22.90041153846154,CENOZOIC,,,,,,,
83.01626119171428,18.84397236457143,CENOZOIC,,,,,,,
83.85966427133333,22.994332023333335,CENOZOIC,,,,,,,
74.78996597971428,13.777946656857143,CENOZOIC,,,,,,,
72.13506664153846,27.38464749846154,EARLY JURASSIC,,,,,,,
72.1853449109091,27.404883519090905,EARLY JURASSIC,,,,,,,
95.25266794825347,28.904600523060278,CRETACEOUS,,,,,,,
75.65851834384615,24.566426,LATE CARBONIFEROUS - EARLY PERMIAN,,,,,,,
76.95024501583333,31.785589262222224,MESOPROTEROZOIC,,,,,,,
76.95129663444443,31.804153074814817,MESOPROTEROZOIC,,,,,,,
80.1966945091,23.325880656499997,LATE CRETACEOUS,,,,,,,
91.30407524000002,25.427088891666667,NEOPROTEROZOIC - EARLY PALAEOZOIC,,,,,,,
80.72049449702898,23.86198933057971,QUATERNARY,,,,,,,
80.65918362155556,23.824670814,PALAEOPROTEROZOIC,,,,,,,
80.80013123531745,21.661867956369047,CENOZOIC,,,,,,,
75.87686100185567,26.301791894226806,ARCHAEAN,BHILWARA,,,,,,
75.97742459829787,26.256465370921983,ARCHAEAN,BHILWARA,,,,,,
72.8640872092,27.8855575288,PALAEOCENE,,,,,,,
72.90479179806452,27.8667665916129,EOCENE,,,,,,,
72.77327860272727,27.720273372727274,PALAEOCENE,,,,,,,
72.78386072666666,27.728577104761907,PALAEOCENE,,,,,,,
72.79939948714285,27.729888098214285,PALAEOCENE,,,,,,,
85.17213570875,24.738304953125,MESOPROTEROZOIC,,,,,,,
75.44193823545977,32.71831963775862,EOCENE - MIOCENE,,,,,,,
79.17449460339081,12.263331969894637,ARCHAEAN - PROTEROZOIC,SOUTHERN GRANULITE TERRAIN,,,,,,
79.19726821615384,12.241519545384616,ARCHAEAN - PROTEROZOIC,SOUTHERN GRANULITE TERRAIN,,,,,,
79.15882467333334,12.262373456666667,ARCHAEAN - PROTEROZOIC,SOUTHERN GRANULITE TERRAIN,,,,,,
83.06879417302325,19.146982,ARCHAEAN - PROTEROZOIC,EASTERN GHAT,,,,,,
83.08857517975,19.18104579725,ARCHAEAN - PROTEROZOIC,EASTERN GHAT,,,,,,
83.07933303244445,19.17018245377778,ARCHAEAN - PROTEROZOIC,EASTERN GHAT,,,,,,
83.09795937,19.188359164642858,ARCHAEAN - PROTEROZOIC,EASTERN GHAT,,,,,,
83.11397013547727,19.15351213984091,ARCHAEAN - PROTEROZOIC,EASTERN GHAT,,,,,,
83.95473712916667,20.0545730925,ARCHAEAN - PROTEROZOIC,EASTERN GHAT,,,,,,
81.95112220796116,17.471830376796117,ARCHAEAN - PROTEROZOIC,EASTERN GHAT,,,,,,
81.86828118221311,17.46730987262295,ARCHAEAN - PROTEROZOIC,EASTERN GHAT,,,,,,
83.76411880622221,19.79009426311111,ARCHAEAN - PROTEROZOIC,EASTERN GHAT,,,,,,
83.66323998954286,19.63604085022857,ARCHAEAN - PROTEROZOIC,EASTERN GHAT,,,,,,
83.3665289913468,19.915107634276094,ARCHAEAN - PROTEROZOIC,EASTERN GHAT,,,,,,
83.077105295,19.165449575,ARCHAEAN - PROTEROZOIC,EASTERN GHAT,,,,,,
79.9564134075,15.043210986875,ARCHAEAN - PROTEROZOIC,EASTERN GHAT,,,,,,
79.60406765777778,14.256742656666667,MESOPROTEROZOIC,,,,,,,
79.56967801834952,14.206205346213592,MESOPROTEROZOIC,,,,,,,
76.6973205175,10.472108004999999,ARCHAEAN - PROTEROZOIC,SOUTHERN GRANULITE TERRAIN,,,,,,
76.71081903785715,10.462709252142858,ARCHAEAN - PROTEROZOIC,SOUTHERN GRANULITE TERRAIN,,,,,,
77.11487726909091,8.45455635409091,ARCHAEAN - PROTEROZOIC,SOUTHERN GRANULITE TERRAIN,,,,,,
76.94448536005649,8.730976470734463,ARCHAEAN - PROTEROZOIC,SOUTHERN GRANULITE TERRAIN,,,,,,
84.14368646134538,18.749749666331994,ARCHAEAN - PROTEROZOIC,EASTERN GHAT,,,,,,
82.512844069,18.181449067,ARCHAEAN - PROTEROZOIC,EASTERN GHAT,,,,,,
82.55900671321429,18.0765038925,ARCHAEAN - PROTEROZOIC,EASTERN GHAT,,,,,,
82.591104063125,18.07954524640625,ARCHAEAN - PROTEROZOIC,EASTERN GHAT,,,,,,
82.671887195,18.099343491,ARCHAEAN - PROTEROZOIC,EASTERN GHAT,,,,,,
82.64545932499999,18.110284142941175,ARCHAEAN - PROTEROZOIC,EASTERN GHAT,,,,,,
82.04806326416666,17.744661292083332,ARCHAEAN - PROTEROZOIC,EASTERN GHAT,,,,,,
82.2696882782353,17.82147881705882,ARCHAEAN - PROTEROZOIC,EASTERN GHAT,,,,,,
84.54786660839228,20.47104514527331,ARCHAEAN - PROTEROZOIC,EASTERN GHAT,,,,,,
84.62456709764706,20.493285814117645,ARCHAEAN - PROTEROZOIC,EASTERN GHAT,,,,,,
83.68170646493827,19.610117864691357,ARCHAEAN - PROTEROZOIC,EASTERN GHAT,,,,,,
92.7572095052174,12.021676203913044,PALAEOCENE - EOCENE,,,,,,,
85.2071365068421,24.74763396,QUATERNARY,,,,,,,
73.63137460545455,27.01860096,NEOPROTEROZOIC - EARLY CAMBRIAN,MARWAR,,,,,,
73.57466904428573,27.085901817857142,NEOPROTEROZOIC - EARLY CAMBRIAN,MARWAR,,,,,,
79.8110147290625,22.2019444526875,NEOPROTEROZOIC,,,,,,,
79.78708530030303,22.146346467121212,NEOPROTEROZOIC,,,,,,,
85.27394898242424,22.797291787575755,PALAEOPROTEROZOIC,,,,,,,
86.16805037163041,22.882026716729342,PALAEOPROTEROZOIC,,,,,,,
86.3513566725,23.2063159225,PROTEROZOIC,,,,,,,
86.36342180738461,23.19765626812308,QUATERNARY,,,,,,,
86.45083501361607,23.152220003303572,QUATERNARY,,,,,,,
86.03196197737564,23.186617351046312,QUATERNARY,,,,,,,
86.46148571984962,23.39501559135338,ARCHAEAN- PALAEOPROTEROZOIC,,,,,,,
86.63675660029368,23.427039721331376,ARCHAEAN- PALAEOPROTEROZOIC,,,,,,,
73.52168453307692,26.82713255692308,NEOPROTEROZOIC - EARLY CAMBRIAN,MARWAR,,,,,,
73.52919856666666,26.881917691428573,NEOPROTEROZOIC - EARLY CAMBRIAN,MARWAR,,,,,,
73.50138452142858,26.927058331785712,NEOPROTEROZOIC - EARLY CAMBRIAN,MARWAR,,,,,,
73.65806875062499,26.868362837083335,NEOPROTEROZOIC - EARLY CAMBRIAN,MARWAR,,,,,,
73.814190146,26.890917965333333,NEOPROTEROZOIC - EARLY CAMBRIAN,MARWAR,,,,,,
73.72121702647058,26.564924834117647,NEOPROTEROZOIC - EARLY CAMBRIAN,MARWAR,,,,,,
73.67504754166666,26.53190399888889,NEOPROTEROZOIC - EARLY CAMBRIAN,MARWAR,,,,,,
73.72068889428571,26.468332853809525,NEOPROTEROZOIC - EARLY CAMBRIAN,MARWAR,,,,,,
73.70853167083332,26.472818380000003,NEOPROTEROZOIC,,,,,,,
73.708005794,26.452422596,NEOPROTEROZOIC,,,,,,,
73.64249989916667,26.427123993333336,NEOPROTEROZOIC,,,,,,,
73.58724985928572,26.41890405285714,NEOPROTEROZOIC,,,,,,,
73.58498103306383,26.39435159051064,NEOPROTEROZOIC,,,,,,,
73.44359842230769,26.25896403923077,NEOPROTEROZOIC,,,,,,,
74.84095886159508,26.697414385582825,PALAEOPROTEROZOIC - MESOPROTEROZOIC,DELHI,,,,,,
73.67613706318183,24.87535544818182,PALAEOPROTEROZOIC,,,,,,,
73.68336178475248,24.88812786452145,PALAEOPROTEROZOIC,ARAVALLI,,,,,,
73.68850157185484,24.682954080241938,PALAEOPROTEROZOIC,ARAVALLI,,,,,,
79.5399119450926,14.477673057222221,MESOPROTEROZOIC,,,,,,,
79.43282447507693,14.483611137384615,MESOPROTEROZOIC,,,,,,,
93.46559842157576,26.42368183339394,CENOZOIC,,,,,,,
74.94869494636363,22.36597547181818,LATE CRETACEOUS - PALAEOCENE,DECCAN TRAP,,,,,,
94.60786296566667,25.337778070666666,CRETACEOUS - PALAEOCENE,,,,,,,
85.69398720984614,22.267979452,ARCHAEAN,,,,,,,
85.68296898238096,22.26998156761905,ARCHAEAN,,,,,,,
85.71148247155556,22.32475418311111,ARCHAEAN,,,,,,,
85.66032106457143,22.27273897,ARCHAEAN,,,,,,,
79.39290768350364,18.77351547248175,MESOPROTEROZOIC,PAKHAL/ ALBAKA,,,,,,
85.8721836431579,23.092850933157894,PROTEROZOIC,,,,,,,
78.63708876428572,34.01988694714286,MESOZOIC,,,,,,,
78.52161306256522,34.04538316547826,PALAEOZOIC,,,,,,,
78.32817016599999,16.028579554,MESOPROTEROZOIC,CUDDAPAH,,,,,,
84.57137240384615,19.752290274615383,QUATERNARY,,,,,,,
84.5753463832,19.7383906424,ARCHAEAN - PROTEROZOIC,EASTERN GHAT,,,,,,
84.88221791048544,19.738972253592234,ARCHAEAN - PROTEROZOIC,EASTERN GHAT,,,,,,
84.83305929941176,19.58998649411765,QUATERNARY,,,,,,,
84.684942887,19.810596917999998,ARCHAEAN - PROTEROZOIC,EASTERN GHAT,,,,,,
84.88392609414635,19.72586834804878,ARCHAEAN - PROTEROZOIC,EASTERN GHAT,,,,,,
84.1785675291746,19.909653609174605,ARCHAEAN - PROTEROZOIC,EASTERN GHAT,,,,,,
84.22925479493827,19.833588381080247,ARCHAEAN - PROTEROZOIC,EASTERN GHAT,,,,,,
84.001210544,19.880656455,ARCHAEAN - PROTEROZOIC,EASTERN GHAT,,,,,,
76.6328381584054,10.201314007648648,ARCHAEAN - PROTEROZOIC,SOUTHERN GRANULITE TERRAIN,,,,,,
78.15459833333333,19.599686333333334,ARCHAEAN- PALAEOPROTEROZOIC,PENINSULAR GNEISSIC COMPLEX,,,,,,
77.11738887,11.4325050325,ARCHAEAN - PROTEROZOIC,SOUTHERN GRANULITE TERRAIN,,,,,,
76.69030084688889,11.179372395,ARCHAEAN,PENINSULAR GNEISSIC COMPLEX,,,,,,
73.83634397079365,16.04465396730159,ARCHAEAN- PALAEOPROTEROZOIC,,,,,,,
79.4050560275,18.721305125,NEOPROTEROZOIC,,,,,,,
79.38800722883212,18.73827698131387,MESOPROTEROZOIC,PAKHAL/ ALBAKA,,,,,,
84.40499959063493,21.324772377619045,ARCHAEAN - PROTEROZOIC,EASTERN GHAT,,,,,,
79.99324874444444,14.989914298055554,MIOCENE - PLIOCENE,,,,,,,
79.99833516612902,14.715669465161291,MIOCENE - PLIOCENE,,,,,,,
79.91423491513157,14.574574239473685,MIOCENE - PLIOCENE,,,,,,,
79.50689042820512,14.538518118205129,ARCHAEAN,DHARWAR,,,,,,
78.41066499916667,22.259408610833333,LATE CRETACEOUS - PALAEOCENE,DECCAN TRAP,,,,,,
76.54402225513513,26.325564423243243,PALAEOPROTEROZOIC,BHILWARA,,,,,,
78.86250961148387,23.95232083703226,LATE CRETACEOUS - PALAEOCENE,DECCAN TRAP,,,,,,
77.81478255705001,23.37491372335,MESOPROTEROZOIC - NEOPROTEOZOIC,VINDHYAN,,,,,,
79.95675349299401,19.690143358982034,ARCHAEAN,,,,,,,
80.07208436282443,19.56396624816794,ARCHAEAN,,,,,,,
80.57627694825581,17.062892527790698,LATE PERMIAN - EARLY TRIASSIC,GONDWANA,,,,,,
94.95887279749999,28.363071515,PALAEOZOIC,,,,,,,
78.37648278750001,32.7122241375,PROTEROZOIC,,,,,,,
74.0882534412605,24.04422748579832,PALAEOPROTEROZOIC,ARAVALLI,,,,,,
74.14168781919355,24.019945728064517,PALAEOPROTEROZOIC,ARAVALLI,,,,,,
74.16449169686568,24.00656902850746,PALAEOPROTEROZOIC,ARAVALLI,,,,,,
75.13651006243242,26.57967167223938,ARCHAEAN,BHILWARA,,,,,,
75.34621818596155,26.81996975473077,ARCHAEAN,BHILWARA,,,,,,
75.1825586825,26.717953249166666,ARCHAEAN,BHILWARA,,,,,,
72.10848299083334,24.831629902499998,NEOPROTEROZOIC,MALANI IGNEOUS SUITE,,,,,,
72.1516966127381,24.81490609202381,NEOPROTEROZOIC,MALANI IGNEOUS SUITE,,,,,,
72.1440428488158,24.818927067236842,NEOPROTEROZOIC,MALANI IGNEOUS SUITE,,,,,,
75.12319416574286,13.923901890457143,ARCHAEAN,,,,,,,
75.1841968625,13.907891043775509,ARCHAEAN,,,,,,,
76.15510820380435,13.947731665760868,ARCHAEAN,DHARWAR,,,,,,
76.69216604242291,14.677257706872247,ARCHAEAN,,,,,,,
76.6739449044,14.611235063199999,ARCHAEAN,,,,,,,
76.89870409776191,13.635053268666667,ARCHAEAN,DHARWAR,,,,,,
76.37043038375,12.21354739875,ARCHAEAN,,,,,,,
76.413672205,12.177060546,ARCHAEAN,,,,,,,
76.45261310166667,12.175946016666666,ARCHAEAN,,,,,,,
77.04085741117648,12.911983507450982,ARCHAEAN,,,,,,,
76.92518199533743,12.316376063558282,ARCHAEAN,,,,,,,
76.90262140927537,12.302931577826087,ARCHAEAN,,,,,,,
76.91896600295455,12.289692331590908,ARCHAEAN,,,,,,,
76.68523184806452,12.274967652150538,NEOPROTEROZOIC,,,,,,,
76.71268804457944,12.262102520000001,ARCHAEAN,,,,,,,
71.831476514,25.646274954,LATE CRETACEOUS - EOCENE,,,,,,,
71.84519553,25.652235975714287,LATE CRETACEOUS - EOCENE,,,,,,,
71.91941892899999,25.746995629999997,LATE CRETACEOUS - EOCENE,,,,,,,
71.94249471842105,25.750317361052634,LATE CRETACEOUS - EOCENE,,,,,,,
71.89889503100001,25.749671072,LATE CRETACEOUS - EOCENE,,,,,,,
71.86315108519608,25.778421218431376,NEOPROTEROZOIC,MALANI IGNEOUS SUITE,,,,,,
71.94346452453125,25.676233900624997,LATE CRETACEOUS - EOCENE,,,,,,,
72.29576690834357,24.868823066564417,QUATERNARY,,,,,,,
72.33355110640524,24.892270156405228,NEOPROTEROZOIC,MALANI IGNEOUS SUITE,,,,,,
73.0649598835849,23.734717349433964,NEOPROTEROZOIC,MALANI IGNEOUS SUITE,,,,,,
73.06618714871794,23.722662787948718,NEOPROTEROZOIC,MALANI IGNEOUS SUITE,,,,,,
72.34190414823009,25.65830134420354,NEOPROTEROZOIC,MALANI IGNEOUS SUITE,,,,,,
72.37575899349557,25.61679040637168,NEOPROTEROZOIC,MALANI IGNEOUS SUITE,,,,,,
72.28164973183628,25.562272023207964,NEOPROTEROZOIC,MALANI IGNEOUS SUITE,,,,,,
77.89079821384615,11.443683001538462,NEOPROTEROZOIC,,,,,,,
77.959602723326,11.543804091718062,NEOPROTEROZOIC,,,,,,,
79.67193739707865,21.52260458011236,ARCHAEAN,,,,,,,
78.74185906696552,24.28256014503448,LATE CRETACEOUS - PALAEOCENE,DECCAN TRAP,,,,,,
74.9549945016,24.210580324,MESOPROTEROZOIC,VINDHYAN,,,,,,
82.13261941176471,24.40446,MESOPROTEROZOIC,VINDHYAN,,,,,,
82.31050695652173,24.397084782608697,MESOPROTEROZOIC,VINDHYAN,,,,,,
74.543195185,26.3570217475,PALAEOPROTEROZOIC - MESOPROTEROZOIC,DELHI,,,,,,
72.92422313334679,24.443044399838712,MESOPROTEROZOIC,,,,,,,
72.97777337166372,24.483783006283186,MESOPROTEROZOIC,,,,,,,
73.07478101709017,24.523019990737705,MESOPROTEROZOIC,,,,,,,
92.09644678569377,25.510931103779903,PALAEOPROTEROZOIC - MESOPROTEROZOIC,,,,,,,
72.77910304223256,24.834660690093024,NEOPROTEROZOIC,MALANI IGNEOUS SUITE,,,,,,
86.19861464125,21.68478317375,CENOZOIC,,,,,,,
86.160990185,21.678718585,CENOZOIC,,,,,,,
85.7354477590909,22.110016807272725,ARCHAEAN,,,,,,,
85.717135132,22.15408196,ARCHAEAN,,,,,,,
77.32734722323256,11.445594787232558,ARCHAEAN,,,,,,,
77.1411927815625,11.4317660090625,ARCHAEAN - PROTEROZOIC,SOUTHERN GRANULITE TERRAIN,,,,,,
77.14236589272728,11.438572627272727,ARCHAEAN,,,,,,,
75.26134095935673,12.15043491374269,CENOZOIC,,,,,,,
84.51406449092593,19.520422037666666,ARCHAEAN - PROTEROZOIC,EASTERN GHAT,,,,,,
84.67910985,19.53278528235294,ARCHAEAN - PROTEROZOIC,EASTERN GHAT,,,,,,
85.0902152025,19.775268552500002,QUATERNARY,,,,,,,
85.12331402035714,19.732778902857145,ARCHAEAN - PROTEROZOIC,EASTERN GHAT,,,,,,
85.0757071657366,19.975324601183036,CENOZOIC,,,,,,,
82.22454242754326,18.84173331031142,ARCHAEAN,,,,,,,
82.28785300852273,18.916565848863637,ARCHAEAN - PROTEROZOIC,EASTERN GHAT,,,,,,
92.064246095,25.48652787641667,LATE CRETACEOUS - PALAEOCENE,,,,,,,
92.09387420045977,25.513806437471263,PALAEOPROTEROZOIC - MESOPROTEROZOIC,,,,,,,
71.04706718159062,22.611335693116036,LATE CRETACEOUS - PALAEOCENE,DECCAN TRAP,,,,,,
92.59333836,24.891046425,QUATERNARY,,,,,,,
92.40329627846154,24.870229060384613,QUATERNARY,,,,,,,
90.24415453482352,25.862036481294115,NEOPROTEROZOIC - EARLY PALAEOZOIC,,,,,,,
90.25802257830986,25.848661833521128,JURASSIC- CRETACEOUS,,,,,,,
77.85037004371024,15.1923813785159,NEOPROTEROZOIC,,,,,,,
77.88302264582822,15.128890150797545,MESOPROTEROZOIC,CUDDAPAH,,,,,,
77.8799287625,15.11099532,MESOPROTEROZOIC,CUDDAPAH,,,,,,
77.88848348733946,15.126309375076453,MESOPROTEROZOIC,CUDDAPAH,,,,,,
77.96603427243478,14.728435867304349,MESOPROTEROZOIC,,,,,,,
77.98729328844661,14.67366760485437,MESOPROTEROZOIC,,,,,,,
77.85148986086956,15.164328464173913,MESOPROTEROZOIC,,,,,,,
77.87005863844445,15.100248939666667,MESOPROTEROZOIC,,,,,,,
77.87510223829932,15.125734820680272,MESOPROTEROZOIC,,,,,,,
78.413966322,14.542462908,MESOPROTEROZOIC,,,,,,,
78.51276809857143,14.454898783809524,MESOPROTEROZOIC,,,,,,,
78.28168071482759,14.615317966896551,MESOPROTEROZOIC,,,,,,,
78.2741140375,14.6153548,MESOPROTEROZOIC,,,,,,,
78.35630469363636,14.587235190000001,MESOPROTEROZOIC,,,,,,,
78.35100312636364,14.593681580000002,MESOPROTEROZOIC,,,,,,,
78.34818466181818,14.569231712727271,MESOPROTEROZOIC,,,,,,,
78.42025319868132,14.520743250989012,MESOPROTEROZOIC,CUDDAPAH,,,,,,
78.38775750818182,14.505454634545453,MESOPROTEROZOIC,CUDDAPAH,,,,,,
80.51847483051282,17.216030812051283,LATE CARBONIFEROUS - PERMIAN,GONDWANA,,,,,,
80.42066672127659,17.220391812021276,LATE CARBONIFEROUS - PERMIAN,GONDWANA,,,,,,
80.56804268281849,23.423735463749175,LATE CRETACEOUS,,,,,,,
93.18462377569443,24.87388790097222,PLIOCENE - PLEISTOCENE,,,,,,,
93.12755544414507,24.821917177772022,MIOCENE - PLIOCENE,,,,,,,
77.70225695739961,21.81319750334608,LATE CARBONIFEROUS - PERMIAN,GONDWANA,,,,,,
77.68558188083045,21.831244459411764,LATE CARBONIFEROUS - PERMIAN,GONDWANA,,,,,,
79.25849086219999,21.538992951599997,PALAEOPROTEROZOIC,,,,,,,
79.26812198422222,21.48038282488889,PALAEOPROTEROZOIC,,,,,,,
80.845732,22.581595999999998,LATE CRETACEOUS - PALAEOCENE,DECCAN TRAP,,,,,,
80.85701933600001,22.556582,LATE CRETACEOUS - PALAEOCENE,DECCAN TRAP,,,,,,
79.046263895,21.700673872499998,ARCHAEAN,,,,,,,
79.03192661424242,21.701533315151515,ARCHAEAN,,,,,,,
83.501123185,18.18369421,CENOZOIC,,,,,,,
83.51360888319444,18.172337493055558,ARCHAEAN - PROTEROZOIC,EASTERN GHAT,,,,,,
83.41107590631579,18.92894488263158,ARCHAEAN - PROTEROZOIC,EASTERN GHAT,,,,,,
84.11828016956521,18.39880849478261,QUATERNARY,,,,,,,
84.10888038776632,18.412257618109965,QUATERNARY,,,,,,,
82.65149938223938,21.255849652509653,ARCHAEAN,,,,,,,
82.6823940425532,21.216453829787234,ARCHAEAN,,,,,,,
82.66659333333334,21.223255333333334,ARCHAEAN,,,,,,,
73.59929143009259,23.986686659907406,PALAEOPROTEROZOIC,,,,,,,
84.66870616899371,19.2174496004717,ARCHAEAN - PROTEROZOIC,EASTERN GHAT,,,,,,
88.32389028958333,27.14705209841667,CARBONIFEROUS - EARLY PERMIAN,GONDWANA,,,,,,
75.90985993052631,27.722085081052636,PALAEOPROTEROZOIC - MESOPROTEROZOIC,DELHI,,,,,,
75.89054102306451,27.737699097580645,PALAEOPROTEROZOIC - MESOPROTEROZOIC,DELHI,,,,,,
84.63853491940115,22.047917650190115,NEOPROTEROZOIC,,,,,,,
76.8085560763158,8.654461745112782,MIOCENE - PLIOCENE,,,,,,,
76.83220951238096,8.696656564285714,ARCHAEAN - PROTEROZOIC,SOUTHERN GRANULITE TERRAIN,,,,,,
76.81659945633575,8.684349773881763,QUATERNARY,,,,,,,
74.77312079,33.6345844325,PLIOCENE - PLEISTOCENE,,,,,,,
74.77454677,33.6344393575,PLIOCENE - PLEISTOCENE,,,,,,,
74.8947665562745,33.51146744352941,PERMIAN - TRIASSIC,,,,,,,
74.87848615254902,33.504738587843136,PERMIAN - TRIASSIC,,,,,,,
74.9846830175352,33.526651341830984,PLIOCENE - PLEISTOCENE,,,,,,,
74.95513944285715,33.532362005555555,PERMIAN - TRIASSIC,,,,,,,
74.82517587799502,33.547678095591536,QUATERNARY,,,,,,,
92.55322108181818,10.81135619840909,QUATERNARY,,,,,,,
83.76812712,19.857009922499998,QUATERNARY,,,,,,,
76.16015196255815,13.66463214883721,ARCHAEAN,,,,,,,
76.1321135919403,13.723994081044776,ARCHAEAN,,,,,,,
76.15187841812501,13.734109224166666,ARCHAEAN,,,,,,,
76.15858671616162,13.730928313737374,ARCHAEAN,,,,,,,
76.13954255738095,13.659522078095238,ARCHAEAN,,,,,,,
78.36451728519712,12.541866351756273,PROTEROZOIC,,,,,,,
78.47637290384615,12.188462208601399,ARCHAEAN - PROTEROZOIC,SOUTHERN GRANULITE TERRAIN,,,,,,
78.54282036769231,12.203624064615385,ARCHAEAN - PROTEROZOIC,SOUTHERN GRANULITE TERRAIN,,,,,,
77.67313776571429,30.58217237579832,CAMBRIAN,,,,,,,
77.6154831075,30.579465657500002,NEOPROTEROZOIC,,,,,,,
80.23378833076923,17.161847290576922,MESOPROTEROZOIC,PAKHAL,,,,,,
76.76660817260117,34.244913263699424,PERMIAN - JURASSIC,,,,,,,
77.31924773372549,33.95546790254902,PERMIAN - JURASSIC,,,,,,,
77.32227358442445,34.05451665751798,EOCENE - OLIGOCENE,,,,,,,
76.04827724115226,34.40622143864198,CRETACEOUS - TERTIARY,,,,,,,
78.0599800295,33.2356733975,QUATERNARY,,,,,,,
78.78218636470055,10.952665251651542,NEOPROTEROZOIC,,,,,,,
75.171377995,12.183520951666667,ARCHAEAN - PROTEROZOIC,SOUTHERN GRANULITE TERRAIN,,,,,,
75.17028213666667,12.183996021666667,ARCHAEAN - PROTEROZOIC,SOUTHERN GRANULITE TERRAIN,,,,,,
75.16469502,12.171576265999999,QUATERNARY,,,,,,,
75.16191962600001,12.153439938,QUATERNARY,,,,,,,
75.2117029127756,12.156045989825385,QUATERNARY,,,,,,,
78.9758188416356,21.64280963944915,ARCHAEAN,,,,,,,
78.9503073530019,21.715241132523904,PALAEOPROTEROZOIC,,,,,,,
94.26773495285714,24.312073255238097,CRETACEOUS - PALAEOCENE,,,,,,,
94.2767790548,24.2060581316,LATE CRETACEOUS - PALAEOCENE,,,,,,,
94.27515507820513,24.315166167179488,CRETACEOUS - PALAEOCENE,,,,,,,
94.266096535625,24.3098274225,CRETACEOUS - PALAEOCENE,,,,,,,
94.26854457205883,24.278522039411765,CRETACEOUS - PALAEOCENE,,,,,,,
94.27829925677419,24.284229333870968,CRETACEOUS - PALAEOCENE,,,,,,,
94.28205026051282,24.280695134102565,CRETACEOUS - PALAEOCENE,,,,,,,
94.28435860774194,24.26592294096774,CRETACEOUS - PALAEOCENE,,,,,,,
94.29549433854167,24.23692045,CRETACEOUS - PALAEOCENE,,,,,,,
94.28338464100001,24.376901705333335,CRETACEOUS - PALAEOCENE,,,,,,,
82.86397084298507,24.51510415567164,MESOPROTEROZOIC,,,,,,,
82.82262963623377,24.513576854675325,MESOPROTEROZOIC,,,,,,,
82.83404671850747,24.51181904880597,MESOPROTEROZOIC,,,,,,,
82.84343327881356,24.50720627016949,MESOPROTEROZOIC,,,,,,,
82.78573790842465,24.50642981746575,MESOPROTEROZOIC,,,,,,,
82.78003477749999,24.53631218090909,MESOPROTEROZOIC,,,,,,,
82.85295657268293,24.501334368780487,MESOPROTEROZOIC,,,,,,,
82.18132510097848,24.323235847537635,PALAEOPROTEROZOIC,,,,,,,
81.90556867446809,18.55519104283688,PALAEOPROTEROZOIC,,,,,,,
80.11650178,22.396537915555555,LATE CRETACEOUS - PALAEOCENE,DECCAN TRAP,,,,,,
78.16941951606937,15.289058865606936,NEOPROTEROZOIC,,,,,,,
77.83959294499999,35.00005921,CRETACEOUS - TERTIARY,,,,,,,
77.93873718521739,35.007658184347825,PERMIAN,,,,,,,
77.973632691875,34.95041373890625,PERMIAN,,,,,,,
73.98219131181818,24.212212896363635,ARCHAEAN,,,,,,,
85.95386663777201,24.79139944585492,PROTEROZOIC,,,,,,,
85.76291380929578,23.995319521830986,ARCHAEAN- PALAEOPROTEROZOIC,,,,,,,
78.56376335731035,18.76055259354023,ARCHAEAN,,,,,,,
80.03749682120879,21.78746964835165,CENOZOIC,,,,,,,
80.01553224886364,21.717410131363636,CENOZOIC,,,,,,,
80.12380543859649,21.973289035087717,NEOPROTEROZOIC,,,,,,,
79.7485893678161,23.47628721264368,LATE CRETACEOUS - PALAEOCENE,DECCAN TRAP,,,,,,
79.840803645,23.49399046,NEOPROTEROZOIC,VINDHYAN,,,,,,
80.7480742292,23.6953514328,LATE CRETACEOUS - PALAEOCENE,DECCAN TRAP,,,,,,
84.4288227588889,18.774061446444446,ARCHAEAN - PROTEROZOIC,EASTERN GHAT,,,,,,
83.9786013525731,18.856247295555555,ARCHAEAN - PROTEROZOIC,EASTERN GHAT,,,,,,
83.3234195456682,18.857138673271887,ARCHAEAN - PROTEROZOIC,EASTERN GHAT,,,,,,
83.24921061636364,18.824877238636365,ARCHAEAN - PROTEROZOIC,EASTERN GHAT,,,,,,
83.3032987768,18.9429109636,ARCHAEAN - PROTEROZOIC,EASTERN GHAT,,,,,,
83.26751821270732,19.062287405390244,ARCHAEAN - PROTEROZOIC,EASTERN GHAT,,,,,,
83.24562011232142,19.09486181330357,ARCHAEAN - PROTEROZOIC,EASTERN GHAT,,,,,,
83.19867337281167,19.10570754230769,ARCHAEAN - PROTEROZOIC,EASTERN GHAT,,,,,,
82.99519525956522,19.190605050434783,ARCHAEAN - PROTEROZOIC,EASTERN GHAT,,,,,,
83.0005539135563,19.250321010891863,ARCHAEAN - PROTEROZOIC,EASTERN GHAT,,,,,,
82.87856246571428,19.16522858928571,ARCHAEAN - PROTEROZOIC,EASTERN GHAT,,,,,,
83.1259827425,19.4306436675,ARCHAEAN - PROTEROZOIC,EASTERN GHAT,,,,,,
83.12704052571428,19.43086185285714,ARCHAEAN - PROTEROZOIC,EASTERN GHAT,,,,,,
83.15805802847781,19.397921721945032,ARCHAEAN - PROTEROZOIC,EASTERN GHAT,,,,,,
83.2156951225,19.2930235175,ARCHAEAN - PROTEROZOIC,EASTERN GHAT,,,,,,
83.2146547730303,19.2845258630303,ARCHAEAN - PROTEROZOIC,EASTERN GHAT,,,,,,
76.38985351266666,23.12304765133333,LATE CRETACEOUS - PALAEOCENE,DECCAN TRAP,,,,,,
77.95776603972728,23.299072173727275,MESOPROTEROZOIC,VINDHYAN,,,,,,
77.93511168704917,23.270571963032786,MESOPROTEROZOIC,VINDHYAN,,,,,,
78.81091264675861,26.18626835572414,PALAEOPROTEROZOIC - MESOPROTEROZOIC,,,,,,,
78.77587883768292,26.177520117560977,PALAEOPROTEROZOIC - MESOPROTEROZOIC,,,,,,,
80.71502387394737,25.15980610368421,ARCHAEAN- PALAEOPROTEROZOIC,,,,,,,
81.38788660666667,25.212021015,MESOPROTEROZOIC,VINDHYAN,,,,,,
81.6811668615,25.2921209485,MESOPROTEROZOIC,VINDHYAN,,,,,,
80.60873908653846,19.347985336538464,ARCHAEAN- PALAEOPROTEROZOIC,,,,,,,
80.12329821271962,18.985154736173286,MESOPROTEROZOIC,PAKHAL/ ALBAKA,,,,,,
81.98411607964157,18.37178392566308,ARCHAEAN - PROTEROZOIC,EASTERN GHAT,,,,,,
81.9616357705,18.3378707517,ARCHAEAN - PROTEROZOIC,EASTERN GHAT,,,,,,
81.44248140656565,18.507412005858587,ARCHAEAN,,,,,,,
81.19717808155173,18.59639763310345,CENOZOIC,,,,,,,
81.27654673752525,20.210047139444445,ARCHAEAN,,,,,,,
81.17013934428572,20.190293311428572,ARCHAEAN,,,,,,,
81.06623818181818,20.399564545454545,ARCHAEAN,,,,,,,
81.5264208451515,19.89805631727273,MESOPROTEROZOIC - NEOPROTEOZOIC,CHHATTISGARH,,,,,,
81.535104,18.769352,ARCHAEAN,,,,,,,
81.60387425238095,18.767217250833333,ARCHAEAN,,,,,,,
84.33612419892242,19.355070466853448,ARCHAEAN - PROTEROZOIC,EASTERN GHAT,,,,,,
83.65005174344829,19.53581449724138,ARCHAEAN - PROTEROZOIC,EASTERN GHAT,,,,,,
83.72817922142858,19.472562368571428,ARCHAEAN - PROTEROZOIC,EASTERN GHAT,,,,,,
83.49975242305555,19.545590349277777,ARCHAEAN - PROTEROZOIC,EASTERN GHAT,,,,,,
83.8324679325,19.494775502499998,ARCHAEAN - PROTEROZOIC,EASTERN GHAT,,,,,,
83.8261899128,19.4921960696,ARCHAEAN - PROTEROZOIC,EASTERN GHAT,,,,,,
83.91445961049604,19.45371170105159,ARCHAEAN - PROTEROZOIC,EASTERN GHAT,,,,,,
83.57908505233533,19.54597024035928,ARCHAEAN - PROTEROZOIC,EASTERN GHAT,,,,,,
83.56195221942309,19.557320185576923,ARCHAEAN - PROTEROZOIC,EASTERN GHAT,,,,,,
83.59448072361702,19.303348391276597,ARCHAEAN - PROTEROZOIC,EASTERN GHAT,,,,,,
83.726578885,19.3308492975,ARCHAEAN - PROTEROZOIC,EASTERN GHAT,,,,,,
83.70433387601308,19.362363819052288,ARCHAEAN - PROTEROZOIC,EASTERN GHAT,,,,,,
83.72082501636363,19.406938200909092,ARCHAEAN - PROTEROZOIC,EASTERN GHAT,,,,,,
83.4627527709804,19.179838510980392,ARCHAEAN - PROTEROZOIC,EASTERN GHAT,,,,,,
83.72009667257895,19.098383571526316,ARCHAEAN - PROTEROZOIC,EASTERN GHAT,,,,,,
83.74810211396078,19.08963829,ARCHAEAN - PROTEROZOIC,EASTERN GHAT,,,,,,
83.71255837656535,19.07264830531915,ARCHAEAN - PROTEROZOIC,EASTERN GHAT,,,,,,
83.68658364562963,19.097617467259262,ARCHAEAN - PROTEROZOIC,EASTERN GHAT,,,,,,
83.73692297269663,19.05704012752809,ARCHAEAN - PROTEROZOIC,EASTERN GHAT,,,,,,
83.68830829894736,19.156161748086127,ARCHAEAN - PROTEROZOIC,EASTERN GHAT,,,,,,
83.7133814389091,19.16409768709091,ARCHAEAN - PROTEROZOIC,EASTERN GHAT,,,,,,
83.74070452557895,19.149632820210527,ARCHAEAN - PROTEROZOIC,EASTERN GHAT,,,,,,
83.58907804310346,19.256501143448276,ARCHAEAN - PROTEROZOIC,EASTERN GHAT,,,,,,
83.35664032805659,18.635993624100433,ARCHAEAN - PROTEROZOIC,EASTERN GHAT,,,,,,
83.62144659831081,19.215089757905403,ARCHAEAN - PROTEROZOIC,EASTERN GHAT,,,,,,
83.64155572323529,19.1878153275,ARCHAEAN - PROTEROZOIC,EASTERN GHAT,,,,,,
83.64055550871429,19.221660832928574,ARCHAEAN - PROTEROZOIC,EASTERN GHAT,,,,,,
83.91737478299065,19.011212568037383,ARCHAEAN - PROTEROZOIC,EASTERN GHAT,,,,,,
84.139026505,21.0362718825,ARCHAEAN - PROTEROZOIC,EASTERN GHAT,,,,,,
84.06409452142857,20.657061080000002,ARCHAEAN - PROTEROZOIC,EASTERN GHAT,,,,,,
84.34275697210526,20.70095657736842,ARCHAEAN - PROTEROZOIC,EASTERN GHAT,,,,,,
84.34856823577778,20.665442451333334,ARCHAEAN - PROTEROZOIC,EASTERN GHAT,,,,,,
84.58087444555555,20.89060304666667,ARCHAEAN - PROTEROZOIC,EASTERN GHAT,,,,,,
84.289168065,21.0323909475,ARCHAEAN - PROTEROZOIC,EASTERN GHAT,,,,,,
84.29695768058824,21.080629537058822,ARCHAEAN - PROTEROZOIC,EASTERN GHAT,,,,,,
84.27826510461539,21.021741576153847,ARCHAEAN - PROTEROZOIC,EASTERN GHAT,,,,,,
84.46703591384616,20.950526577692305,ARCHAEAN - PROTEROZOIC,EASTERN GHAT,,,,,,
84.43986918083333,20.59219686375,ARCHAEAN - PROTEROZOIC,EASTERN GHAT,,,,,,
84.5024585335,20.6966551765,ARCHAEAN - PROTEROZOIC,EASTERN GHAT,,,,,,
76.09549250703297,22.25803999010989,PALAEOPROTEROZOIC,,,,,,,
76.54655503878907,16.357290307109373,ARCHAEAN- PALAEOPROTEROZOIC,PENINSULAR GNEISSIC COMPLEX,,,,,,
77.57249802717627,15.264249200089926,ARCHAEAN,DHARWAR,,,,,,
77.37609851833334,14.458855868333334,ARCHAEAN,DHARWAR,,,,,,
77.16275121764706,14.397648922352941,ARCHAEAN- PALAEOPROTEROZOIC,PENINSULAR GNEISSIC COMPLEX,,,,,,
76.72445342847223,14.508168792986112,ARCHAEAN,,,,,,,
76.97426746075377,14.381321467889448,ARCHAEAN,,,,,,,
76.78874342416667,13.976311513333334,ARCHAEAN,,,,,,,
77.20555872875,13.791044232499999,ARCHAEAN- PALAEOPROTEROZOIC,PENINSULAR GNEISSIC COMPLEX,,,,,,
77.43320812932477,13.367050284083602,ARCHAEAN- PALAEOPROTEROZOIC,,,,,,,
77.36321728856116,13.415153532302158,ARCHAEAN,,,,,,,
75.44903825468494,12.632390956753426,ARCHAEAN - PROTEROZOIC,SOUTHERN GRANULITE TERRAIN,,,,,,
75.75402230333333,12.453887905,ARCHAEAN,PENINSULAR GNEISSIC COMPLEX,,,,,,
75.52606306,12.41197289,ARCHAEAN,PENINSULAR GNEISSIC COMPLEX,,,,,,
75.71153533589744,12.471016592735042,ARCHAEAN - PROTEROZOIC,SOUTHERN GRANULITE TERRAIN,,,,,,
75.44547951414323,12.475055726777493,ARCHAEAN - PROTEROZOIC,SOUTHERN GRANULITE TERRAIN,,,,,,
78.4310236142857,12.174829295714286,ARCHAEAN - PROTEROZOIC,SOUTHERN GRANULITE TERRAIN,,,,,,
78.539420875,12.080030202142856,ARCHAEAN - PROTEROZOIC,SOUTHERN GRANULITE TERRAIN,,,,,,
78.61387650174242,12.065109039469696,ARCHAEAN - PROTEROZOIC,SOUTHERN GRANULITE TERRAIN,,,,,,
87.27597432238318,25.306502239579437,TRIASSIC - JURASSIC,GONDWANA,,,,,,
87.362337975,25.06840996,QUATERNARY,,,,,,,
87.34725202297777,25.066238103333333,PROTEROZOIC,,,,,,,
83.81410750591304,24.328683451391303,LATE CARBONIFEROUS - PERMIAN,GONDWANA,,,,,,
83.93652139268656,24.338482284626867,ARCHAEAN- PALAEOPROTEROZOIC,,,,,,,
83.82107722605095,24.20595234522293,LATE CARBONIFEROUS - PERMIAN,GONDWANA,,,,,,
83.83230737055248,24.268368910331493,LATE CARBONIFEROUS - PERMIAN,GONDWANA,,,,,,
85.29538401513157,23.963613352894736,ARCHAEAN- PALAEOPROTEROZOIC,,,,,,,
86.18009870789656,24.138174489689654,LATE CARBONIFEROUS - PERMIAN,GONDWANA,,,,,,
86.32536735829373,24.464556236133912,PALAEOPROTEROZOIC - MESOPROTEROZOIC,,,,,,,
86.85310222713115,24.539361958114753,PROTEROZOIC,,,,,,,
86.97121882196078,24.581045398039215,PROTEROZOIC,,,,,,,
87.36770605021505,24.900870394516126,ARCHAEAN- PALAEOPROTEROZOIC,,,,,,,
86.4155324025,25.2496495425,QUATERNARY,,,,,,,
86.415675534,25.234547602,MESOPROTEROZOIC,,,,,,,
81.12107711454546,25.161710985454544,MESOPROTEROZOIC,VINDHYAN,,,,,,
77.19349535111111,24.030654035555557,QUATERNARY,,,,,,,
71.60287364428571,26.837563649285716,NEOPROTEROZOIC,MALANI IGNEOUS SUITE,,,,,,
75.0485723595474,12.688680269590517,ARCHAEAN - PROTEROZOIC,SOUTHERN GRANULITE TERRAIN,,,,,,
75.12978226856944,12.666893475333334,ARCHAEAN - PROTEROZOIC,SOUTHERN GRANULITE TERRAIN,,,,,,
75.11271602901961,12.628841067843137,ARCHAEAN - PROTEROZOIC,SOUTHERN GRANULITE TERRAIN,,,,,,
75.11584525277419,12.548247468451613,ARCHAEAN - PROTEROZOIC,SOUTHERN GRANULITE TERRAIN,,,,,,
74.89862204835616,12.756647322922374,QUATERNARY,,,,,,,
74.40567878823529,14.564033926470588,ARCHAEAN,,,,,,,
79.22302180745763,18.829062229039547,NEOPROTEROZOIC,,,,,,,
79.38651880809525,18.034160331375663,ARCHAEAN- PALAEOPROTEROZOIC,,,,,,,
77.6176668611111,14.539704015555555,ARCHAEAN,DHARWAR,,,,,,
77.52190175428572,14.385386512857142,ARCHAEAN,DHARWAR,,,,,,
77.55305570163637,14.477640918181818,ARCHAEAN,DHARWAR,,,,,,
77.5579329884048,14.33703172516295,ARCHAEAN,DHARWAR,,,,,,
77.4200958,14.56034706,ARCHAEAN,DHARWAR,,,,,,
77.60795780475806,15.029252572096773,ARCHAEAN- PALAEOPROTEROZOIC,PENINSULAR GNEISSIC COMPLEX,,,,,,
77.75385358489362,13.774609017234043,ARCHAEAN- PALAEOPROTEROZOIC,PENINSULAR GNEISSIC COMPLEX,,,,,,
78.04627219337839,13.814669416756756,ARCHAEAN- PALAEOPROTEROZOIC,PENINSULAR GNEISSIC COMPLEX,,,,,,
78.29674914861837,13.348680385519046,ARCHAEAN- PALAEOPROTEROZOIC,PENINSULAR GNEISSIC COMPLEX,,,,,,
78.44606322603656,13.81584682851102,ARCHAEAN- PALAEOPROTEROZOIC,PENINSULAR GNEISSIC COMPLEX,,,,,,
77.86411229102042,14.475135289795919,ARCHAEAN- PALAEOPROTEROZOIC,PENINSULAR GNEISSIC COMPLEX,,,,,,
74.70803892066667,13.433709994777779,QUATERNARY,,,,,,,
74.90589423,12.9174968325,ARCHAEAN,PENINSULAR GNEISSIC COMPLEX,,,,,,
74.9586139323077,12.815240845384617,ARCHAEAN,PENINSULAR GNEISSIC COMPLEX,,,,,,
74.88057779872574,12.900795336987342,CENOZOIC,,,,,,,
74.928864794841,12.795571653333976,CENOZOIC,,,,,,,
74.93322090163934,12.995997031967214,CENOZOIC,,,,,,,
75.01534615513889,12.478626193842592,ARCHAEAN,PENINSULAR GNEISSIC COMPLEX,,,,,,
75.0195885275,12.452682024166668,QUATERNARY,,,,,,,
75.02836657120253,12.47155309649789,ARCHAEAN,PENINSULAR GNEISSIC COMPLEX,,,,,,
75.02287138946808,12.485983939275265,QUATERNARY,,,,,,,
76.60472267727272,8.893518067727273,QUATERNARY,,,,,,,
75.28662638,33.89137275473684,PLIOCENE - PLEISTOCENE,,,,,,,
75.23714785614034,33.898200515964916,PLIOCENE - PLEISTOCENE,,,,,,,
75.26735413861111,33.91846708888889,PLIOCENE - PLEISTOCENE,,,,,,,
75.30299442818182,33.93264500651515,PLIOCENE - PLEISTOCENE,,,,,,,
74.995821246,34.032113130000006,PLIOCENE - PLEISTOCENE,,,,,,,
75.31541812804598,33.84053047528735,CAMBRIAN,,,,,,,
75.23491018196428,33.89750785267857,CARBONIFEROUS,,,,,,,
75.30773358559702,33.86689651619403,QUATERNARY,,,,,,,
86.701081308,21.38623549,ARCHAEAN,,,,,,,
86.44175619526317,21.517702652105264,ARCHAEAN,,,,,,,
86.57470937547619,21.520267535714286,ARCHAEAN,,,,,,,
86.7721783641785,21.50749464290061,ARCHAEAN,,,,,,,
82.40505565310345,19.897435972068966,ARCHAEAN,,,,,,,
86.409156045,21.2517075690625,ARCHAEAN,,,,,,,
82.44881424384616,19.938848806538463,ARCHAEAN,,,,,,,
75.97056548764706,26.063162047058825,ARCHAEAN,BHILWARA,,,,,,
76.59347924133334,16.690024602,ARCHAEAN- PALAEOPROTEROZOIC,,,,,,,
76.60795764402597,16.614951308484848,ARCHAEAN,DHARWAR,,,,,,
74.50813802065217,24.954116724565214,ARCHAEAN,BHILWARA,,,,,,
76.75730526166667,14.158987151666667,ARCHAEAN,,,,,,,
76.92528760928572,14.146535767857143,ARCHAEAN,,,,,,,
76.9521814145,14.092655859999999,ARCHAEAN,,,,,,,
75.51469977455284,12.02450816479675,ARCHAEAN,,,,,,,
75.59818178631768,11.965309024584837,ARCHAEAN,,,,,,,
75.42540560875,12.051985480416667,CENOZOIC,,,,,,,
75.38906413145145,12.077824569647813,CENOZOIC,,,,,,,
76.77728432571429,11.193142408571429,ARCHAEAN,,,,,,,
76.96356904192182,11.31678084019544,ARCHAEAN,,,,,,,
76.9069841049567,11.280984298181817,ARCHAEAN,,,,,,,
83.68382871860682,21.201474242229104,ARCHAEAN - PROTEROZOIC,EASTERN GHAT,,,,,,
84.00389928541668,21.138827337833334,ARCHAEAN - PROTEROZOIC,EASTERN GHAT,,,,,,
83.95849921142857,21.078370895657145,ARCHAEAN - PROTEROZOIC,EASTERN GHAT,,,,,,
83.9299799252008,21.019201819558234,ARCHAEAN - PROTEROZOIC,EASTERN GHAT,,,,,,
84.02635116176471,21.026808222235292,ARCHAEAN - PROTEROZOIC,EASTERN GHAT,,,,,,
83.99174944436781,21.02104430195402,ARCHAEAN - PROTEROZOIC,EASTERN GHAT,,,,,,
84.06779077444445,21.048236634629628,ARCHAEAN - PROTEROZOIC,EASTERN GHAT,,,,,,
84.04408644653846,21.047655913076923,ARCHAEAN - PROTEROZOIC,EASTERN GHAT,,,,,,
84.97290150571429,22.05784860714286,ARCHAEAN- PALAEOPROTEROZOIC,,,,,,,
84.84995868818181,21.986553315000002,ARCHAEAN- PALAEOPROTEROZOIC,,,,,,,
82.37565682570175,22.25829889723684,ARCHAEAN- PALAEOPROTEROZOIC,,,,,,,
82.94900119182353,22.133060056188235,MESOPROTEROZOIC - NEOPROTEOZOIC,CHHATTISGARH,,,,,,
82.39034911888888,22.11876912611111,MESOPROTEROZOIC - NEOPROTEOZOIC,CHHATTISGARH,,,,,,
82.5814873865,22.106941043,MESOPROTEROZOIC - NEOPROTEOZOIC,CHHATTISGARH,,,,,,
82.7107188830303,22.16962857090909,MESOPROTEROZOIC - NEOPROTEOZOIC,CHHATTISGARH,,,,,,
82.78303687069769,22.119077994418607,MESOPROTEROZOIC - NEOPROTEOZOIC,CHHATTISGARH,,,,,,
72.92360119603774,26.39450257698113,NEOPROTEROZOIC - EARLY CAMBRIAN,MARWAR,,,,,,
72.92845948249999,26.342856519999998,NEOPROTEROZOIC - EARLY CAMBRIAN,MARWAR,,,,,,
72.86618381571428,25.10131393142857,NEOPROTEROZOIC,MALANI IGNEOUS SUITE,,,,,,
72.8361307925,25.08995857,NEOPROTEROZOIC,MALANI IGNEOUS SUITE,,,,,,
72.84128489694118,25.096274383882353,NEOPROTEROZOIC,MALANI IGNEOUS SUITE,,,,,,
72.8422589966959,25.124587379883042,NEOPROTEROZOIC,MALANI IGNEOUS SUITE,,,,,,
73.86009057999999,25.226923984000003,ARCHAEAN,BHILWARA,,,,,,
73.711619605,24.9787918375,PALAEOPROTEROZOIC,ARAVALLI,,,,,,
73.71136111999999,24.978827518333333,PALAEOPROTEROZOIC,ARAVALLI,,,,,,
73.70776080512195,25.016796084085367,PALAEOPROTEROZOIC,ARAVALLI,,,,,,
72.98702150246753,24.13129190311688,PALAEOPROTEROZOIC - MESOPROTEROZOIC,DELHI,,,,,,
73.72655362399999,26.725638424,NEOPROTEROZOIC - EARLY CAMBRIAN,MARWAR,,,,,,
73.70804555818182,26.730901406363635,NEOPROTEROZOIC - EARLY CAMBRIAN,MARWAR,,,,,,
73.687262413125,26.78792629875,QUATERNARY,,,,,,,
73.71056780413043,26.763599489347826,NEOPROTEROZOIC - EARLY CAMBRIAN,MARWAR,,,,,,
73.68521217764368,26.784808060517243,NEOPROTEROZOIC - EARLY CAMBRIAN,MARWAR,,,,,,
73.641013428,26.790233517090908,NEOPROTEROZOIC - EARLY CAMBRIAN,MARWAR,,,,,,
73.64476893738853,26.77885370152866,NEOPROTEROZOIC - EARLY CAMBRIAN,MARWAR,,,,,,
73.64780001455357,26.76052365294643,NEOPROTEROZOIC - EARLY CAMBRIAN,MARWAR,,,,,,
73.66318166982036,26.757122561137724,NEOPROTEROZOIC - EARLY CAMBRIAN,MARWAR,,,,,,
73.64586373043859,26.745791571403508,NEOPROTEROZOIC - EARLY CAMBRIAN,MARWAR,,,,,,
73.63410964027027,26.741427624594593,NEOPROTEROZOIC - EARLY CAMBRIAN,MARWAR,,,,,,
73.662205667,26.775240732999997,NEOPROTEROZOIC - EARLY CAMBRIAN,MARWAR,,,,,,
73.676008215,26.84041599,NEOPROTEROZOIC - EARLY CAMBRIAN,MARWAR,,,,,,
73.67674023294117,26.82371284470588,NEOPROTEROZOIC - EARLY CAMBRIAN,MARWAR,,,,,,
73.39717156181818,26.885883533636363,NEOPROTEROZOIC - EARLY CAMBRIAN,MARWAR,,,,,,
73.393545921,26.964499998,NEOPROTEROZOIC - EARLY CAMBRIAN,MARWAR,,,,,,
73.3890586175,26.927542444166665,NEOPROTEROZOIC - EARLY CAMBRIAN,MARWAR,,,,,,
73.73716768230769,26.791641074615384,NEOPROTEROZOIC - EARLY CAMBRIAN,MARWAR,,,,,,
73.72496960071429,26.780548,NEOPROTEROZOIC - EARLY CAMBRIAN,MARWAR,,,,,,
73.709276474,26.805920108,NEOPROTEROZOIC - EARLY CAMBRIAN,MARWAR,,,,,,
73.74681499315788,26.848470914736843,NEOPROTEROZOIC - EARLY CAMBRIAN,MARWAR,,,,,,
73.74542148,26.83152727060606,NEOPROTEROZOIC - EARLY CAMBRIAN,MARWAR,,,,,,
73.78869706986842,26.837056503684213,NEOPROTEROZOIC - EARLY CAMBRIAN,MARWAR,,,,,,
73.79200143275132,26.857574536296298,NEOPROTEROZOIC - EARLY CAMBRIAN,MARWAR,,,,,,
73.81105981618784,26.869642590552488,NEOPROTEROZOIC - EARLY CAMBRIAN,MARWAR,,,,,,
73.787403825,26.914213775,NEOPROTEROZOIC - EARLY CAMBRIAN,MARWAR,,,,,,
73.77385868076924,26.91624091179487,QUATERNARY,,,,,,,
73.77908662729729,26.915186131783784,QUATERNARY,,,,,,,
73.75272814538461,26.876889437384616,NEOPROTEROZOIC - EARLY CAMBRIAN,MARWAR,,,,,,
73.74877957117647,26.865951522941174,NEOPROTEROZOIC - EARLY CAMBRIAN,MARWAR,,,,,,
73.72658697514113,26.852794084576615,NEOPROTEROZOIC - EARLY CAMBRIAN,MARWAR,,,,,,
73.73664941171516,26.87125121712098,NEOPROTEROZOIC - EARLY CAMBRIAN,MARWAR,,,,,,
85.407141808375,22.460742665687498,PALAEOPROTEROZOIC,,,,,,,
85.37755946016392,22.45038689380328,PALAEOPROTEROZOIC,,,,,,,
85.37481409704918,22.442974333442624,PALAEOPROTEROZOIC,,,,,,,
85.39233016613923,22.425477508544304,PALAEOPROTEROZOIC,,,,,,,
85.32389613637932,22.37873520862069,PALAEOPROTEROZOIC,,,,,,,
85.31845524288461,22.378694562307693,PALAEOPROTEROZOIC,,,,,,,
76.627783382,26.360407509999998,PALAEOPROTEROZOIC,BHILWARA,,,,,,
76.64015800575757,26.363975798181816,PALAEOPROTEROZOIC,BHILWARA,,,,,,
76.56156670171875,26.3490251825,PALAEOPROTEROZOIC,BHILWARA,,,,,,
76.58231398743902,26.338419283414634,PALAEOPROTEROZOIC,BHILWARA,,,,,,
76.57432605542857,26.32848233914286,PALAEOPROTEROZOIC,BHILWARA,,,,,,
76.6122410744,26.332354588399998,MESOPROTEROZOIC,VINDHYAN,,,,,,
87.2754002884,25.309053646000002,JURASSIC- CRETACEOUS,,,,,,,
79.01031662555556,31.148439895555555,ORDOVICIAN - SILURIAN,,,,,,,
79.15783233993103,31.199346205500003,ORDOVICIAN - DEVONIAN,,,,,,,
75.26185900142858,13.740361465918369,CENOZOIC,,,,,,,
72.77871361921052,24.811529736578947,NEOPROTEROZOIC,MALANI IGNEOUS SUITE,,,,,,
72.7700412068,24.8132642236,PALAEOPROTEROZOIC - MESOPROTEROZOIC,DELHI,,,,,,
77.2341046125,30.689059036111114,EOCENE - MIOCENE,,,,,,,
77.43568939746478,30.574869606478874,PALAEOCENE - EOCENE,,,,,,,
78.33815312925925,29.98018828777778,LATE CRETACEOUS,,,,,,,
82.59814157723578,21.299004319674797,ARCHAEAN,,,,,,,
81.699075,19.798008392857145,PALAEOPROTEROZOIC,,,,,,,
81.72832757391303,19.767776108478262,PALAEOPROTEROZOIC,,,,,,,
81.84586505494505,19.828573736263735,PALAEOPROTEROZOIC,,,,,,,
78.83218002879774,14.031524505473833,ARCHAEAN,DHARWAR,,,,,,
78.87418738986301,13.94364551931507,ARCHAEAN,DHARWAR,,,,,,
78.79091137060607,14.113934048650139,ARCHAEAN,DHARWAR,,,,,,
86.64178673791668,23.558193354583334,ARCHAEAN- PALAEOPROTEROZOIC,,,,,,,
86.7758993125,23.585031020000002,ARCHAEAN- PALAEOPROTEROZOIC,,,,,,,
86.78325225068966,23.584211849885058,PROTEROZOIC,,,,,,,
94.20408123,28.141275886,PALAEOPROTEROZOIC,,,,,,,
94.11756423075471,28.134542162641512,PALAEOPROTEROZOIC,,,,,,,
94.58841679,26.30144761473684,EOCENE - OLIGOCENE,,,,,,,
91.12650813274648,26.014600672676057,PROTEROZOIC,ASSAM - MEGHALAYA GNEISSIC COMPLEX,,,,,,
90.41225484409092,26.040263341636365,PROTEROZOIC,ASSAM - MEGHALAYA GNEISSIC COMPLEX,,,,,,
90.44115569140449,26.036430325505616,PROTEROZOIC,ASSAM - MEGHALAYA GNEISSIC COMPLEX,,,,,,
90.48277195554054,26.04413294581081,PROTEROZOIC,ASSAM - MEGHALAYA GNEISSIC COMPLEX,,,,,,
90.413611195,25.9900485875,PROTEROZOIC,ASSAM - MEGHALAYA GNEISSIC COMPLEX,,,,,,
90.4055117828,25.9686263056,QUATERNARY,,,,,,,
90.09577600577465,25.841573239295773,NEOPROTEROZOIC - EARLY PALAEOZOIC,,,,,,,
90.637641465625,25.73055754125,NEOPROTEROZOIC - EARLY PALAEOZOIC,,,,,,,
90.39819633321169,25.619333297737224,NEOPROTEROZOIC - EARLY PALAEOZOIC,,,,,,,
90.71964577,25.710743435,PROTEROZOIC,ASSAM - MEGHALAYA GNEISSIC COMPLEX,,,,,,
90.76930842867188,25.803933685703125,NEOPROTEROZOIC - EARLY PALAEOZOIC,,,,,,,
83.0636650922353,23.63379361152941,LATE CARBONIFEROUS - PERMIAN,GONDWANA,,,,,,
74.645072566875,21.2894452825,LATE CRETACEOUS - PALAEOCENE,DECCAN TRAP,,,,,,
74.77733186789474,21.104802505789475,LATE CRETACEOUS - PALAEOCENE,DECCAN TRAP,,,,,,
77.35583188333334,12.76263386888889,ARCHAEAN- PALAEOPROTEROZOIC,,,,,,,
77.389156670873,12.76708424452381,ARCHAEAN- PALAEOPROTEROZOIC,,,,,,,
77.270351563625,12.82987526178125,ARCHAEAN- PALAEOPROTEROZOIC,PENINSULAR GNEISSIC COMPLEX,,,,,,
76.57758997196721,9.568094944786884,ARCHAEAN - PROTEROZOIC,SOUTHERN GRANULITE TERRAIN,,,,,,
81.32473933333334,18.084295333333333,ARCHAEAN,,,,,,,
81.31385982689076,18.07569917789916,ARCHAEAN,,,,,,,
81.59338415664921,18.120245945183246,ARCHAEAN,,,,,,,
81.58481907331125,18.08834590357616,ARCHAEAN,,,,,,,
83.33686657477273,21.49090153931818,MESOPROTEROZOIC - NEOPROTEOZOIC,CHHATTISGARH,,,,,,
83.21220677764707,21.46604438235294,MESOPROTEROZOIC - NEOPROTEOZOIC,CHHATTISGARH,,,,,,
83.1778207773913,21.389657183913044,MESOPROTEROZOIC - NEOPROTEOZOIC,CHHATTISGARH,,,,,,
83.54975396666667,21.65929211037037,MESOPROTEROZOIC - NEOPROTEOZOIC,CHHATTISGARH,,,,,,
83.48386191539635,21.831230752042682,MESOPROTEROZOIC - NEOPROTEOZOIC,CHHATTISGARH,,,,,,
82.946493625,24.550257485,PALAEOPROTEROZOIC,,,,,,,
82.83553757463794,24.51249383034483,QUATERNARY,,,,,,,
73.6957396840625,26.95549178341146,NEOPROTEROZOIC - EARLY CAMBRIAN,MARWAR,,,,,,
73.72839598827977,26.947662369338374,NEOPROTEROZOIC - EARLY CAMBRIAN,MARWAR,,,,,,
76.22142769215827,27.391829071294964,PALAEOPROTEROZOIC - MESOPROTEROZOIC,,,,,,,
76.24674734362318,27.352088272608693,PALAEOPROTEROZOIC - MESOPROTEROZOIC,DELHI,,,,,,
76.265126895,27.374283940454543,PALAEOPROTEROZOIC - MESOPROTEROZOIC,DELHI,,,,,,
76.2471784,27.37540472363636,PALAEOPROTEROZOIC - MESOPROTEROZOIC,DELHI,,,,,,
78.15471873005814,10.443346102354651,ARCHAEAN - PROTEROZOIC,SOUTHERN GRANULITE TERRAIN,,,,,,
78.54421561488998,10.128578585427872,QUATERNARY,,,,,,,
85.85151186908571,22.352315475657143,PALAEOPROTEROZOIC - MESOPROTEROZOIC,,,,,,,
85.84642028962406,22.34068274300752,ARCHAEAN- PALAEOPROTEROZOIC,,,,,,,
87.48484747230769,24.820901006923073,PROTEROZOIC,,,,,,,
73.88474762736841,27.272713722105262,QUATERNARY,,,,,,,
73.85839466899999,27.14650396,QUATERNARY,,,,,,,
73.90207525064994,27.275268381425313,NEOPROTEROZOIC - EARLY CAMBRIAN,MARWAR,,,,,,
73.87949992766234,27.29090065744589,NEOPROTEROZOIC - EARLY CAMBRIAN,MARWAR,,,,,,
73.88232868884876,27.310521341693,NEOPROTEROZOIC - EARLY CAMBRIAN,MARWAR,,,,,,
73.90789042196342,27.18363540014634,NEOPROTEROZOIC - EARLY CAMBRIAN,MARWAR,,,,,,
73.8604403606962,27.09353041905063,NEOPROTEROZOIC - EARLY CAMBRIAN,MARWAR,,,,,,
73.91766507586667,27.2534265756,NEOPROTEROZOIC - EARLY CAMBRIAN,MARWAR,,,,,,
73.78351875523809,26.24780914714286,NEOPROTEROZOIC - EARLY CAMBRIAN,MARWAR,,,,,,
73.75070395192307,26.443320063461538,NEOPROTEROZOIC - EARLY CAMBRIAN,MARWAR,,,,,,
73.71371650354168,26.313551765208334,NEOPROTEROZOIC - EARLY CAMBRIAN,MARWAR,,,,,,
73.83822141,26.427014314444445,NEOPROTEROZOIC - EARLY CAMBRIAN,MARWAR,,,,,,
86.50964462835444,25.036970868101264,PROTEROZOIC,,,,,,,
77.5600383748062,14.2183831424031,ARCHAEAN- PALAEOPROTEROZOIC,PENINSULAR GNEISSIC COMPLEX,,,,,,
87.4119460425,24.877969715,JURASSIC- CRETACEOUS,,,,,,,
87.41089613833333,24.874866866666668,JURASSIC- CRETACEOUS,,,,,,,
87.40190715935887,24.809088984761534,TRIASSIC - JURASSIC,GONDWANA,,,,,,
87.41938650745455,24.93447506909091,TRIASSIC - JURASSIC,GONDWANA,,,,,,
87.56718247734693,24.44137232591837,TRIASSIC - JURASSIC,GONDWANA,,,,,,
79.87858099343916,12.967127952433861,ARCHAEAN - PROTEROZOIC,SOUTHERN GRANULITE TERRAIN,,,,,,
79.61556250112612,12.61949713346847,ARCHAEAN - PROTEROZOIC,SOUTHERN GRANULITE TERRAIN,,,,,,
79.58183751318367,12.55546499132653,ARCHAEAN - PROTEROZOIC,SOUTHERN GRANULITE TERRAIN,,,,,,
82.03638345695121,17.205995235,ARCHAEAN - PROTEROZOIC,EASTERN GHAT,,,,,,
76.130975515,27.42404911,PALAEOPROTEROZOIC - MESOPROTEROZOIC,DELHI,,,,,,
76.131249604,27.424153939999997,PALAEOPROTEROZOIC - MESOPROTEROZOIC,DELHI,,,,,,
76.135454388,27.431038543733337,PALAEOPROTEROZOIC - MESOPROTEROZOIC,DELHI,,,,,,
76.1014986053125,27.398234883046875,PALAEOPROTEROZOIC - MESOPROTEROZOIC,DELHI,,,,,,
76.61102421440789,26.729191732982457,PALAEOPROTEROZOIC - MESOPROTEROZOIC,DELHI,,,,,,
76.88020409166667,26.879241089999997,QUATERNARY,,,,,,,
76.90677233224784,26.895177112305475,PALAEOPROTEROZOIC - MESOPROTEROZOIC,DELHI,,,,,,
76.14501698999999,26.90736518,PALAEOPROTEROZOIC - MESOPROTEROZOIC,DELHI,,,,,,
76.12598014181818,26.793805314545455,PALAEOPROTEROZOIC - MESOPROTEROZOIC,DELHI,,,,,,
76.10656790833333,26.773124319166666,PALAEOPROTEROZOIC - MESOPROTEROZOIC,DELHI,,,,,,
79.62235928928177,15.844810272983425,MESOPROTEROZOIC,,,,,,,
77.73249509573772,11.625026040286885,ARCHAEAN - PROTEROZOIC,SOUTHERN GRANULITE TERRAIN,,,,,,
76.50949166333334,12.94634053,ARCHAEAN,PENINSULAR GNEISSIC COMPLEX,,,,,,
76.40574146139619,13.121727806885442,ARCHAEAN,,,,,,,
75.5767354975,13.45103345,ARCHAEAN,DHARWAR,,,,,,
79.80935857671501,15.248899889778825,ARCHAEAN- PALAEOPROTEROZOIC,PENINSULAR GNEISSIC COMPLEX,,,,,,
77.66449555763006,10.64429569017341,ARCHAEAN - PROTEROZOIC,SOUTHERN GRANULITE TERRAIN,,,,,,
77.71358139,11.4717406725,NEOPROTEROZOIC,,,,,,,
77.48639263909574,12.739427165106383,ARCHAEAN- PALAEOPROTEROZOIC,PENINSULAR GNEISSIC COMPLEX,,,,,,
77.11649295515528,10.544464370062112,ARCHAEAN - PROTEROZOIC,SOUTHERN GRANULITE TERRAIN,,,,,,
77.06771427973958,10.700119268802084,ARCHAEAN - PROTEROZOIC,SOUTHERN GRANULITE TERRAIN,,,,,,
77.17068422357143,10.729184343469388,ARCHAEAN - PROTEROZOIC,SOUTHERN GRANULITE TERRAIN,,,,,,
77.22763598552632,10.705490349385965,ARCHAEAN - PROTEROZOIC,SOUTHERN GRANULITE TERRAIN,,,,,,
75.70076530349824,11.699450932862192,ARCHAEAN,,,,,,,
75.70907483814634,11.65771562819512,ARCHAEAN,,,,,,,
76.138498806,13.664954056,ARCHAEAN,PENINSULAR GNEISSIC COMPLEX,,,,,,
76.1439973775,13.6522322575,ARCHAEAN,PENINSULAR GNEISSIC COMPLEX,,,,,,
78.77104692360656,10.342618021065574,NEOPROTEROZOIC,,,,,,,
79.12753192118227,21.432906650246306,PALAEOPROTEROZOIC,,,,,,,
79.14012543574162,21.493346932344494,PALAEOPROTEROZOIC,,,,,,,
79.20526776,21.49434347357143,PALAEOPROTEROZOIC,,,,,,,
79.9769355270416,16.426885656594763,MESOPROTEROZOIC,CUDDAPAH,,,,,,
85.87275488342246,22.787472750695184,MESOPROTEROZOIC,,,,,,,
85.58467900651515,22.766209919242424,MESOPROTEROZOIC,,,,,,,
85.08177427333332,20.807666403809524,ARCHAEAN - PROTEROZOIC,EASTERN GHAT,,,,,,
85.55048413923963,20.574729727511517,QUATERNARY,,,,,,,
85.58099964110687,20.617819016755725,ARCHAEAN - PROTEROZOIC,EASTERN GHAT,,,,,,
85.47447674995799,20.6142049247479,ARCHAEAN - PROTEROZOIC,EASTERN GHAT,,,,,,
85.55290801582856,20.616117085485715,ARCHAEAN - PROTEROZOIC,EASTERN GHAT,,,,,,
85.28502593231343,20.46139122970149,ARCHAEAN - PROTEROZOIC,EASTERN GHAT,,,,,,
85.19978785095239,20.496739704025973,ARCHAEAN - PROTEROZOIC,EASTERN GHAT,,,,,,
85.22448785352657,20.475752677922706,ARCHAEAN - PROTEROZOIC,EASTERN GHAT,,,,,,
85.26102485355331,20.47220757928934,ARCHAEAN - PROTEROZOIC,EASTERN GHAT,,,,,,
85.22311235919463,20.484323787449664,QUATERNARY,,,,,,,
85.3129264980339,20.44606070247458,ARCHAEAN - PROTEROZOIC,EASTERN GHAT,,,,,,
85.35619901810526,20.432457685815788,ARCHAEAN - PROTEROZOIC,EASTERN GHAT,,,,,,
85.42566742801749,20.42007015341108,ARCHAEAN - PROTEROZOIC,EASTERN GHAT,,,,,,
85.46030437075315,20.405932985857742,ARCHAEAN - PROTEROZOIC,EASTERN GHAT,,,,,,
85.4632212064151,20.504952982452828,ARCHAEAN - PROTEROZOIC,EASTERN GHAT,,,,,,
85.50328183221548,20.48991203814871,ARCHAEAN - PROTEROZOIC,EASTERN GHAT,,,,,,
85.13164888317992,20.22576794623431,ARCHAEAN - PROTEROZOIC,EASTERN GHAT,,,,,,
82.38766775431984,22.32229849200675,MESOPROTEROZOIC - NEOPROTEOZOIC,CHHATTISGARH,,,,,,
84.31628108999999,22.116969022,PALAEOPROTEROZOIC,,,,,,,
84.24528605138939,22.14981558745133,PALAEOPROTEROZOIC,,,,,,,
84.71179265180125,23.207879286770186,QUATERNARY,,,,,,,
85.7710876904706,22.16998927964706,ARCHAEAN- PALAEOPROTEROZOIC,,,,,,,
85.71871104950704,22.142137442323946,ARCHAEAN- PALAEOPROTEROZOIC,,,,,,,
85.76846732032521,22.150771320650406,ARCHAEAN,,,,,,,
85.78182681349514,22.136607994563107,ARCHAEAN,,,,,,,
85.7811563248148,22.150929248333334,ARCHAEAN,,,,,,,
85.733265615,22.1750170175,ARCHAEAN,,,,,,,
85.732877636,22.1732812,ARCHAEAN,,,,,,,
85.719773868,22.152336456,ARCHAEAN,,,,,,,
85.41930234916667,22.358555299166667,ARCHAEAN- PALAEOPROTEROZOIC,,,,,,,
85.04210756714285,21.90715624357143,ARCHAEAN- PALAEOPROTEROZOIC,,,,,,,
85.583868005,21.60359457,PALAEOPROTEROZOIC - MESOPROTEROZOIC,,,,,,,
85.58505673387931,21.601506245086206,ARCHAEAN- PALAEOPROTEROZOIC,,,,,,,
73.72329643790442,15.82259757279412,ARCHAEAN,DHARWAR,,,,,,
73.64905744012121,15.83618702678788,ARCHAEAN,DHARWAR,,,,,,
73.75739737912477,15.849276810921786,ARCHAEAN- PALAEOPROTEROZOIC,DHARWAR,,,,,,
73.5628550769173,15.974955383026314,ARCHAEAN- PALAEOPROTEROZOIC,DHARWAR,,,,,,
77.30991532339819,10.565805815538262,ARCHAEAN - PROTEROZOIC,SOUTHERN GRANULITE TERRAIN,,,,,,
77.3400444993801,10.52683772137031,ARCHAEAN - PROTEROZOIC,SOUTHERN GRANULITE TERRAIN,,,,,,
77.20309172099999,11.418011029999999,ARCHAEAN,PENINSULAR GNEISSIC COMPLEX,,,,,,
77.3466835052372,11.345928160588235,NEOPROTEROZOIC,,,,,,,
83.86900529242737,19.642157552116185,ARCHAEAN - PROTEROZOIC,EASTERN GHAT,,,,,,
83.72164978482994,19.60983428003401,ARCHAEAN - PROTEROZOIC,EASTERN GHAT,,,,,,
76.13878472595447,11.680162986637479,ARCHAEAN - PROTEROZOIC,SOUTHERN GRANULITE TERRAIN,,,,,,
78.68876455238937,11.006228653495574,ARCHAEAN - PROTEROZOIC,SOUTHERN GRANULITE TERRAIN,,,,,,
76.710230286875,11.175661443125,ARCHAEAN,,,,,,,
77.93809914762711,10.625192152146893,ARCHAEAN - PROTEROZOIC,SOUTHERN GRANULITE TERRAIN,,,,,,
77.89009564430623,10.608679486937799,NEOPROTEROZOIC,,,,,,,
77.64452394788462,10.504554899807692,QUATERNARY,,,,,,,
77.50982332125,8.8654762323,ARCHAEAN - PROTEROZOIC,SOUTHERN GRANULITE TERRAIN,,,,,,
77.34109433166667,9.679100138333334,ARCHAEAN - PROTEROZOIC,SOUTHERN GRANULITE TERRAIN,,,,,,
82.88749178438806,18.70211044952239,ARCHAEAN - PROTEROZOIC,EASTERN GHAT,,,,,,
82.79324747052083,18.673106203854164,ARCHAEAN - PROTEROZOIC,EASTERN GHAT,,,,,,
82.79401506869822,18.73988905485207,ARCHAEAN - PROTEROZOIC,EASTERN GHAT,,,,,,
78.03961239413333,10.9829222848,ARCHAEAN - PROTEROZOIC,SOUTHERN GRANULITE TERRAIN,,,,,,
77.04584627826087,12.272427618167702,ARCHAEAN,,,,,,,
84.70306887974468,19.45041088242553,ARCHAEAN - PROTEROZOIC,EASTERN GHAT,,,,,,
77.09111987272728,8.94794268909091,ARCHAEAN - PROTEROZOIC,SOUTHERN GRANULITE TERRAIN,,,,,,
75.1700337669277,12.215255650461847,ARCHAEAN - PROTEROZOIC,SOUTHERN GRANULITE TERRAIN,,,,,,
75.221132275,12.199321671666667,ARCHAEAN - PROTEROZOIC,SOUTHERN GRANULITE TERRAIN,,,,,,
75.24033911250001,12.19482408,ARCHAEAN - PROTEROZOIC,SOUTHERN GRANULITE TERRAIN,,,,,,
75.25002262400001,12.111882730000001,ARCHAEAN - PROTEROZOIC,SOUTHERN GRANULITE TERRAIN,,,,,,
75.23895206,12.1947067575,ARCHAEAN - PROTEROZOIC,SOUTHERN GRANULITE TERRAIN,,,,,,
75.221227235,12.19938424,ARCHAEAN - PROTEROZOIC,SOUTHERN GRANULITE TERRAIN,,,,,,
76.4963506,11.61836042,ARCHAEAN,PENINSULAR GNEISSIC COMPLEX,,,,,,
76.537646145,9.578065599999999,ARCHAEAN - PROTEROZOIC,SOUTHERN GRANULITE TERRAIN,,,,,,
77.06598023665094,8.495391105943396,ARCHAEAN - PROTEROZOIC,SOUTHERN GRANULITE TERRAIN,,,,,,
77.27586844422223,9.091589435555555,ARCHAEAN - PROTEROZOIC,SOUTHERN GRANULITE TERRAIN,,,,,,
77.19073074250001,8.6739923025,ARCHAEAN - PROTEROZOIC,SOUTHERN GRANULITE TERRAIN,,,,,,
76.59934376999999,9.898188993375,ARCHAEAN - PROTEROZOIC,SOUTHERN GRANULITE TERRAIN,,,,,,
77.36533456666668,10.087579708333333,ARCHAEAN - PROTEROZOIC,SOUTHERN GRANULITE TERRAIN,,,,,,
77.3635298531915,10.088567273240589,ARCHAEAN - PROTEROZOIC,SOUTHERN GRANULITE TERRAIN,,,,,,
77.180056025,8.9176053325,ARCHAEAN - PROTEROZOIC,SOUTHERN GRANULITE TERRAIN,,,,,,
73.82728255090909,17.24868623,LATE CRETACEOUS - PALAEOCENE,DECCAN TRAP,,,,,,
73.80670564584746,17.273399158555932,CENOZOIC,,,,,,,
78.964027375,12.7046761525,ARCHAEAN - PROTEROZOIC,SOUTHERN GRANULITE TERRAIN,,,,,,
78.95455516,12.647969897272729,ARCHAEAN - PROTEROZOIC,SOUTHERN GRANULITE TERRAIN,,,,,,
78.96455433287645,12.688994987702703,ARCHAEAN - PROTEROZOIC,SOUTHERN GRANULITE TERRAIN,,,,,,
82.74757084218864,17.655959845563952,ARCHAEAN - PROTEROZOIC,EASTERN GHAT,,,,,,
83.37118138361186,18.013049037142856,ARCHAEAN - PROTEROZOIC,EASTERN GHAT,,,,,,
83.47739408166667,17.945764931666666,ARCHAEAN - PROTEROZOIC,EASTERN GHAT,,,,,,
83.70774419903846,19.28802071598901,ARCHAEAN - PROTEROZOIC,EASTERN GHAT,,,,,,
84.0072697429208,20.730412508910888,ARCHAEAN - PROTEROZOIC,EASTERN GHAT,,,,,,
84.11140082387952,20.734289838698796,ARCHAEAN - PROTEROZOIC,EASTERN GHAT,,,,,,
81.46020608533333,22.307942856666667,PROTEROZOIC,,,,,,,
85.11511866160001,19.8191318896,PROTEROZOIC,,,,,,,
79.08918791666666,21.477754166666667,PALAEOPROTEROZOIC,,,,,,,
76.31103377074963,14.393001817286358,ARCHAEAN,,,,,,,
85.62620716868614,21.542279845839417,ARCHAEAN- PALAEOPROTEROZOIC,,,,,,,
73.060613976,24.089571306,QUATERNARY,,,,,,,
73.07039524413003,24.080032184913957,PALAEOPROTEROZOIC - MESOPROTEROZOIC,DELHI,,,,,,
77.3656198775,11.393326195,NEOPROTEROZOIC,,,,,,,
77.35811333690721,11.385685804226803,NEOPROTEROZOIC,,,,,,,
77.3658679534471,11.378416378634812,NEOPROTEROZOIC,,,,,,,
77.37391516887006,11.377780711920904,NEOPROTEROZOIC,,,,,,,
77.3826195675,11.3619403725,NEOPROTEROZOIC,,,,,,,
79.64240623517857,15.74465857875,MESOPROTEROZOIC,,,,,,,
78.11437789851851,23.824374087160493,MESOPROTEROZOIC - NEOPROTEOZOIC,VINDHYAN,,,,,,
71.90028763195012,26.90692261941043,NEOPROTEROZOIC,MALANI IGNEOUS SUITE,,,,,,
72.055378155,25.787506750000002,NEOPROTEROZOIC,MALANI IGNEOUS SUITE,,,,,,
72.19451944894736,25.77185504631579,NEOPROTEROZOIC,MALANI IGNEOUS SUITE,,,,,,
72.12610331439717,25.781080989716312,NEOPROTEROZOIC,MALANI IGNEOUS SUITE,,,,,,
72.39268316285714,25.730735564285716,NEOPROTEROZOIC,MALANI IGNEOUS SUITE,,,,,,
72.35940568462686,25.60051721335821,NEOPROTEROZOIC,MALANI IGNEOUS SUITE,,,,,,
75.06684924,25.182040676,ARCHAEAN,BHILWARA,,,,,,
95.85127471423912,28.39327174521739,NEOPROTEROZOIC,,,,,,,
74.89445522,33.42984767,LATE CARBONIFEROUS - EARLY PERMIAN,,,,,,,
74.94122829278736,33.33730002942529,LATE CARBONIFEROUS - EARLY PERMIAN,,,,,,,
74.61353321034247,33.36991200609589,NEOPROTEROZOIC,,,,,,,
74.75325423006757,33.41973775948649,MESOPROTEROZOIC,,,,,,,
74.72362894,33.50090204,CARBONIFEROUS,,,,,,,
73.6224900675,27.2129364,QUATERNARY,,,,,,,
73.61575354861672,27.214486406657063,QUATERNARY,,,,,,,
73.524703892,27.166768798,QUATERNARY,,,,,,,
73.52437628221739,27.160748247,NEOPROTEROZOIC - EARLY CAMBRIAN,MARWAR,,,,,,
73.55632319924385,27.175003196011343,NEOPROTEROZOIC - EARLY CAMBRIAN,MARWAR,,,,,,
76.99625613879999,27.670047065200002,QUATERNARY,,,,,,,
76.34396673057509,27.369970761996804,PALAEOPROTEROZOIC - MESOPROTEROZOIC,DELHI,,,,,,
76.3019973544879,27.322364468752326,PALAEOPROTEROZOIC - MESOPROTEROZOIC,DELHI,,,,,,
76.42465436015861,27.379842993132435,PALAEOPROTEROZOIC - MESOPROTEROZOIC,DELHI,,,,,,
76.79083553400001,27.388087424000002,QUATERNARY,,,,,,,
76.18745428999999,27.8832408775,QUATERNARY,,,,,,,
74.99346527444445,26.74110109888889,ARCHAEAN,BHILWARA,,,,,,
74.9809476520202,26.74558375858586,PALAEOPROTEROZOIC - MESOPROTEROZOIC,,,,,,,
74.89867982914728,26.60567264108527,PALAEOPROTEROZOIC - MESOPROTEROZOIC,,,,,,,
76.74406755694373,27.33870221130098,PALAEOPROTEROZOIC - MESOPROTEROZOIC,DELHI,,,,,,
76.24737292097223,28.000181184305557,PALAEOPROTEROZOIC - MESOPROTEROZOIC,DELHI,,,,,,
76.19693194962963,27.88141013962963,PALAEOPROTEROZOIC - MESOPROTEROZOIC,DELHI,,,,,,
74.39298959988304,34.70734709672515,CAMBRIAN,,,,,,,
75.66785,24.4635825,MESOPROTEROZOIC,VINDHYAN,,,,,,
75.66233325836956,24.50637212282609,LATE CARBONIFEROUS - EARLY PERMIAN,,,,,,,
75.64491284166667,24.41463977875,LATE CARBONIFEROUS - EARLY PERMIAN,,,,,,,
75.66423204746032,24.46432222873016,LATE CARBONIFEROUS - EARLY PERMIAN,,,,,,,
75.64014010972528,24.49564989010989,LATE CARBONIFEROUS - EARLY PERMIAN,,,,,,,
74.92496968783784,33.559397863783786,PERMIAN - TRIASSIC,,,,,,,
78.845950971497,22.453155163113774,LATE CRETACEOUS - PALAEOCENE,DECCAN TRAP,,,,,,
72.53293624970732,24.840359458341464,LATE CRETACEOUS - EOCENE,,,,,,,
72.53374836823275,24.84126462353448,NEOPROTEROZOIC,,,,,,,
96.61199881681819,28.01332958909091,CENOZOIC,,,,,,,
96.57389349432098,28.06594257222222,CENOZOIC,,,,,,,
71.16683195461539,26.368521360769233,QUATERNARY,,,,,,,
71.17623182561984,26.36678779041322,PALAEOCENE,,,,,,,
71.20964663594594,26.33076532704955,PALAEOCENE,,,,,,,
76.28736887389326,10.12224547581371,QUATERNARY,,,,,,,
78.46560678,33.1757255525,EOCENE - OLIGOCENE,,,,,,,
78.45948511741935,33.19700490709677,MIOCENE - PLIOCENE,,,,,,,
78.3257693367816,33.25342460632184,PERMIAN - JURASSIC,,,,,,,
77.85873951244444,33.540115272444446,PERMIAN - JURASSIC,,,,,,,
88.1756778825,26.834583835,,,,,,,,
91.70061705399999,25.406791110181818,CRETACEOUS,,,,,,,
91.622158270625,25.359716655,PROTEROZOIC,ASSAM - MEGHALAYA GNEISSIC COMPLEX,,,,,,
93.3575017780895,25.324287801239244,PALAEOCENE - EOCENE,,,,,,,
92.94500848946768,24.28600448461502,MIOCENE,,,,,,,
93.55522893,24.997881595,EOCENE - OLIGOCENE,,,,,,,
93.3999446425,24.5000088225,PALAEOCENE - EOCENE,,,,,,,
93.46244955968221,24.256002807144036,EOCENE - OLIGOCENE,,,,,,,
93.71039573186206,24.775711535724138,EOCENE - OLIGOCENE,,,,,,,
93.49470279489583,24.769537313958335,EOCENE - OLIGOCENE,,,,,,,
86.83933517417218,23.95654269013245,JURASSIC- CRETACEOUS,,,,,,,
86.82017591753247,23.92287322038961,JURASSIC- CRETACEOUS,,,,,,,
77.01446969888889,11.804708782333334,ARCHAEAN - PROTEROZOIC,SOUTHERN GRANULITE TERRAIN,,,,,,
77.03205096046513,11.82329670511628,ARCHAEAN - PROTEROZOIC,SOUTHERN GRANULITE TERRAIN,,,,,,
77.03669123153847,11.841545992307694,ARCHAEAN - PROTEROZOIC,SOUTHERN GRANULITE TERRAIN,,,,,,
77.97241294415731,32.35483746179775,LATE CRETACEOUS,,,,,,,
79.09079110136612,19.2779793231694,NEOPROTEROZOIC,,,,,,,
77.90153711636364,32.452715719772726,TRIASSIC - JURASSIC,,,,,,,
78.14169330235404,32.077309083332636,TRIASSIC - JURASSIC,,,,,,,
86.30324841628159,21.727571596714803,CENOZOIC,,,,,,,
86.20715471342949,21.735738626666667,CENOZOIC,,,,,,,
86.42236995772001,21.72771616656,CENOZOIC,,,,,,,
86.3704411,21.64262621,CENOZOIC,,,,,,,
86.37075836,21.642750952500002,CENOZOIC,,,,,,,
86.374079916,21.641971157,CENOZOIC,,,,,,,
86.21853533416667,21.6525374949359,PROTEROZOIC,,,,,,,
86.3524118925,21.6317504075,PALAEOPROTEROZOIC,,,,,,,
78.4187820444878,12.346492373707317,ARCHAEAN - PROTEROZOIC,SOUTHERN GRANULITE TERRAIN,,,,,,
76.4192237208642,12.04135666888889,ARCHAEAN,,,,,,,
76.42842471297297,12.042678616756756,ARCHAEAN,,,,,,,
76.43257799999999,12.007614951714286,ARCHAEAN,,,,,,,
76.45286573676056,11.981521796197182,ARCHAEAN,,,,,,,
77.80847971246914,35.027825283909465,DEVONIAN - CARBONIFEROUS,,,,,,,
77.89996524047916,34.96994881947917,DEVONIAN - CARBONIFEROUS,,,,,,,
79.72909145487047,21.68620402704663,PALAEOPROTEROZOIC,,,,,,,
78.00300396706699,31.513146587979286,PALAEOPROTEROZOIC,,,,,,,
93.29983047368268,23.87390083368268,MIOCENE,,,,,,,
95.861550042,28.291161494,PALAEOPROTEROZOIC,,,,,,,
95.912562696875,28.266234876484376,NEOPROTEROZOIC,,,,,,,
96.229290744,27.986592029999997,PALAEOPROTEROZOIC,,,,,,,
96.230744376,27.988359888,PALAEOPROTEROZOIC,,,,,,,
92.14080942413483,27.042975411033705,NEOPROTEROZOIC,,,,,,,
96.39738865052401,27.85805519790393,PALAEOPROTEROZOIC,,,,,,,
96.13401226454545,27.40955790090909,MIOCENE - PLIOCENE,,,,,,,
96.12531031855171,27.387737131275863,PLIOCENE - PLEISTOCENE,,,,,,,
96.30488625152108,27.38696807801466,MIOCENE - PLIOCENE,,,,,,,
96.920280814375,27.8979959075,CRETACEOUS,,,,,,,
96.27302773400001,27.99854462,PALAEOPROTEROZOIC,,,,,,,
96.55563351588235,28.092250980882355,CRETACEOUS,,,,,,,
96.6039301204386,28.09456063464912,CRETACEOUS,,,,,,,
93.182050113,24.703728584,MIOCENE - PLIOCENE,,,,,,,
93.172015946,24.736656593,MIOCENE - PLIOCENE,,,,,,,
93.14840284249999,24.819120415,MIOCENE - PLIOCENE,,,,,,,
92.98784865550219,24.656228071266376,MIOCENE - PLIOCENE,,,,,,,
95.37521062750001,28.390925775,EOCENE,,,,,,,
95.4533217252299,28.174290521264364,MIOCENE,,,,,,,
79.86725116027779,15.862480936507938,MESOPROTEROZOIC,,,,,,,
82.4058201325,24.0537598575,LATE CARBONIFEROUS - PERMIAN,GONDWANA,,,,,,
81.76479220074827,23.760923844325053,LATE PERMIAN - EARLY TRIASSIC,GONDWANA,,,,,,
80.94455303770073,17.149187934343065,LATE PERMIAN - EARLY TRIASSIC,GONDWANA,,,,,,
80.75409136942716,17.307103313561644,LATE CARBONIFEROUS - PERMIAN,GONDWANA,,,,,,
89.90746380139241,25.72314916848101,LATE CARBONIFEROUS - PERMIAN,GONDWANA,,,,,,
78.65294457933332,34.20625313266667,CARBONIFEROUS - PERMIAN,,,,,,,
94.900136905,28.008511192500002,Unmapped Area,,,,,,,
95.12071604615383,28.14372412230769,PALAEOCENE - EOCENE,,,,,,,
94.88476684607274,27.975363588818183,PALAEOCENE - EOCENE,,,,,,,
95.212454792,28.19709462333333,PALAEOZOIC,,,,,,,
95.20279254238096,28.18357494095238,PALAEOZOIC,,,,,,,
72.82083458274874,19.659624841663316,QUATERNARY,,,,,,,
72.91448570261905,19.20130948261905,LATE CRETACEOUS - PALAEOCENE,DECCAN TRAP,,,,,,
72.98642746471265,18.904353190114943,QUATERNARY,,,,,,,
72.932107595,18.58760104117647,QUATERNARY,,,,,,,
86.46354310489795,22.50891362591837,MESOPROTEROZOIC,,,,,,,
96.55630335811766,27.46553234964706,MIOCENE-PLIOCENE,,,,,,,
96.50059044933333,27.348552540814815,MIOCENE-PLIOCENE,,,,,,,
93.3269518780808,28.046580748585857,PALAEOPROTEROZOIC,,,,,,,
92.24013495695652,27.666413502695654,EOCENE - OLIGOCENE,,,,,,,
92.64507926486111,27.88768236972222,,,,,,,,
92.09057812855421,27.123028510742973,NEOPROTEROZOIC,,,,,,,
93.68136216226007,28.237514844334363,PALAEOPROTEROZOIC,,,,,,,
