system:index,Aspect,Aspect_Cos,Aspect_Sin,B11,B11_B12_NormDiff,B12,B2,B3,B4,B4_B2_NormDiff,B5,B6,B7,B8,B8A,B8_B12_NormDiff,Clay_Alteration_Index,Elevation,Ferrous_Index,Iron_Oxide_Index,NBR,NDMI,NDRE,NDVI,NIR_Red_Ratio,NIR_SWIR2_Ratio,Red_Green_Ratio,SWIR_Green_Ratio,SWIR_NIR_Ratio,SWIR_Ratio,SWIR_Red_Ratio,Slope,VH,VV,VV_VH_Difference,latitude,longitude,tile,.geo
0,0.0,1.0,0.0,0.0273,0.17419355,0.0192,0.0583,0.0468,0.0387,-0.20206186,0.0345,0.0339,0.0355,0.0319,0.0332,0.2485323,1.4145077,0.0,0.853125,0.6626712,0.2485323,0.0777027,-0.019202363,-0.096317284,0.82216495,1.6528498,0.8251599,0.58208954,0.853125,0.7007299,0.7036083,0.0,-31.307932,-19.230757,12.077177,16.12475934994541,82.60009037479,3,"{""geodesic"":false,""type"":""Point"",""coordinates"":[82.60009037479,16.12475934994541]}"
1,0.0,1.0,0.0,0.02605,0.16035634,0.01885,0.0576,0.0472,0.03615,-0.2288,0.03585,0.0325,0.03585,0.0313,0.0342,0.24825524,1.3746701,0.0,0.82961786,0.62651646,0.24825524,0.09154315,-0.023554605,-0.071905114,0.86344826,1.651715,0.7642706,0.55073994,0.82961786,0.7208413,0.7186207,0.0,-31.238264,-18.97883,12.259433,16.12475934994541,82.68992190320195,3,"{""geodesic"":false,""type"":""Point"",""coordinates"":[82.68992190320195,16.12475934994541]}"
2,0.0,1.0,0.0,0.0231,0.16962026,0.0164,0.0489,0.0414,0.0378,-0.12802768,0.0348,0.0319,0.034,0.0301,0.0325,0.29462364,1.4,0.0,0.7649007,0.7714286,0.29462364,0.13157895,-0.034175333,-0.11340206,0.79419523,1.8242425,0.9108434,0.5566265,0.7649007,0.70689654,0.6094987,0.0,-31.712217,-18.961697,12.750521,16.12475934994541,82.7797534316139,3,"{""geodesic"":false,""type"":""Point"",""coordinates"":[82.7797534316139,16.12475934994541]}"
3,0.0,1.0,0.0,0.0162,0.13286713,0.0124,0.0444,0.0324,0.025,-0.2795389,0.0206,0.0201,0.0221,0.0217,0.0232,0.27272728,1.296,0.0,0.74311924,0.56179774,0.27272728,0.14511873,0.05936073,-0.07066381,0.8645418,1.736,0.7692308,0.49846154,0.74311924,0.76073617,0.64541835,0.0,-31.783298,-18.648317,13.134981,16.12475934994541,82.86958496002586,3,"{""geodesic"":false,""type"":""Point"",""coordinates"":[82.86958496002586,16.12475934994541]}"
4,0.0,1.0,0.0,0.0237,0.22797927,0.0149,0.059675,0.047157142,0.036533333,-0.24053703,0.03684,0.033,0.033566665,0.0274,0.027971428,0.29550827,1.58,0.0,0.8618182,0.61118084,0.29550827,0.072407044,-0.13683654,-0.14285715,0.7479527,1.8266667,0.7730754,0.5015115,0.8618182,0.6260504,0.6469518,0.0,-31.307728,-19.359104,11.948625,16.214590878357363,82.60009037479,3,"{""geodesic"":false,""type"":""Point"",""coordinates"":[82.60009037479,16.214590878357363]}"
5,0.0,1.0,0.0,0.024733333,0.14816247,0.01835,0.060214285,0.04745,0.0407,-0.19337486,0.042666666,0.03568,0.0367,0.0297875,0.0333,0.23760062,1.3405601,0.0,0.8275477,0.67479867,0.23760062,0.09270157,-0.123299696,-0.15481469,0.7300858,1.6144986,0.8559411,0.52015424,0.8275477,0.7389262,0.60620916,0.0,-31.160553,-19.343338,11.817215,16.214590878357363,82.68992190320195,3,"{""geodesic"":false,""type"":""Point"",""coordinates"":[82.68992190320195,16.214590878357363]}"
6,0.0,1.0,0.0,0.0249,0.14570552,0.018566666,0.05155,0.0413,0.034133334,-0.20326784,0.0368,0.0316,0.031133333,0.0262,0.03,0.17051378,1.3339286,0.0,0.94676805,0.66085833,0.17051378,0.025440313,-0.1017964,-0.1314917,0.7653359,1.4035715,0.82447666,0.60144925,0.94676805,0.74266666,0.72736126,0.0,-31.75028,-18.85501,12.895272,16.214590878357363,82.7797534316139,3,"{""geodesic"":false,""type"":""Point"",""coordinates"":[82.7797534316139,16.214590878357363]}"
7,0.0,1.0,0.0,0.01445,0.113680154,0.0115,0.0433,0.03255,0.02625,-0.24514738,0.02055,0.01815,0.02065,0.01925,0.0215,0.25203252,1.2456896,0.0,0.74677,0.6048387,0.25203252,0.14243324,0.022592152,-0.15384616,0.7305503,1.6594827,0.8039816,0.44257274,0.74677,0.79037803,0.5483871,0.0,-31.663002,-18.424856,13.238145,16.214590878357363,82.86958496002586,3,"{""geodesic"":false,""type"":""Point"",""coordinates"":[82.86958496002586,16.214590878357363]}"
8,0.0,1.0,0.0,0.0188,0.093023255,0.0156,0.0568,0.0473,0.0378,-0.20084566,0.0386,0.0336,0.0329,0.028,0.0283,0.28440368,1.1974522,0.0,0.66903913,0.6643234,0.28440368,0.1965812,-0.15396114,-0.14893617,0.7387863,1.7834395,0.79746836,0.39662448,0.66903913,0.82539684,0.49604222,0.0,-31.727509,-19.389698,12.3378105,16.304422406769316,82.60009037479,3,"{""geodesic"":false,""type"":""Point"",""coordinates"":[82.60009037479,16.304422406769316]}"
9,0.0,1.0,0.0,0.02,0.1299435,0.0154,0.0464,0.039,0.0315,-0.19127086,0.0339,0.0293,0.0284,0.0247,0.0271,0.2319202,1.2903225,0.0,0.8064516,0.67741936,0.2319202,0.10514542,-0.11147541,-0.12099644,0.7816456,1.5935484,0.8056266,0.51150894,0.8064516,0.76616913,0.6329114,0.0,-30.717365,-19.044758,11.672608,16.304422406769316,82.68992190320195,3,"{""geodesic"":false,""type"":""Point"",""coordinates"":[82.68992190320195,16.304422406769316]}"
10,0.0,1.0,0.0,0.0213,0.21022727,0.0139,0.054,0.0428,0.0362,-0.19733925,0.0363,0.0319,0.0307,0.0273,0.0277,0.32524273,1.5214286,0.0,0.77737224,0.6691312,0.32524273,0.12345679,-0.134375,-0.14015748,0.75206614,1.95,0.84382284,0.4965035,0.77737224,0.64953274,0.58677685,0.0,-31.679945,-19.456434,12.223512,16.39425393518127,82.60009037479,3,"{""geodesic"":false,""type"":""Point"",""coordinates"":[82.60009037479,16.39425393518127]}"
11,0.0,1.0,0.0,0.0191,0.16819572,0.0136,0.0563,0.045,0.0354,-0.22791712,0.0373,0.0327,0.0322,0.0267,0.0269,0.32506204,1.3941606,0.0,0.71268654,0.62765956,0.32506204,0.16593887,-0.16199377,-0.14009662,0.7521127,1.9489051,0.7849224,0.42350334,0.71268654,0.7083333,0.5380282,0.0,-30.840586,-19.467926,11.372661,16.39425393518127,82.68992190320195,3,"{""geodesic"":false,""type"":""Point"",""coordinates"":[82.68992190320195,16.39425393518127]}"
12,0.0,1.0,0.0,0.0199,0.10249308,0.0162,0.0462,0.0387,0.0325,-0.17407878,0.0368,0.0312,0.0291,0.0248,0.0263,0.20975609,1.2208589,0.0,0.7991968,0.7019438,0.20975609,0.109619685,-0.16640253,-0.13438046,0.76073617,1.5214723,0.83762884,0.5128866,0.7991968,0.81,0.61042947,0.0,-31.502516,-18.699883,12.802631,16.39425393518127,82.86958496002586,3,"{""geodesic"":false,""type"":""Point"",""coordinates"":[82.86958496002586,16.39425393518127]}"
13,0.0,1.0,0.0,0.01295,0.14855877,0.0096,0.03725,0.027,0.02145,-0.26916525,0.01765,0.0143,0.01665,0.01555,0.01685,0.23658052,1.3350515,0.0,0.827476,0.5742972,0.23658052,0.09122807,-0.023188407,-0.15945946,0.7215777,1.6030928,0.7915129,0.47785977,0.827476,0.7356322,0.60092807,0.0,-31.423807,-18.161785,13.262021,16.39425393518127,82.95941648843781,3,"{""geodesic"":false,""type"":""Point"",""coordinates"":[82.95941648843781,16.39425393518127]}"
14,0.0,1.0,0.0,0.023,0.13022113,0.0177,0.0522,0.0451,0.0395,-0.13849509,0.0403,0.038,0.037,0.0297,0.0321,0.25316456,1.2921349,0.0,0.7718121,0.75525814,0.25316456,0.12713473,-0.113259666,-0.14161849,0.75,1.6685393,0.8738938,0.50884956,0.7718121,0.76623374,0.5808081,0.0,-30.616209,-19.25886,11.35735,16.484085463593217,82.68992190320195,3,"{""geodesic"":false,""type"":""Point"",""coordinates"":[82.68992190320195,16.484085463593217]}"
15,0.0,1.0,0.0,0.0223,0.1377551,0.0169,0.0505,0.0371,0.0357,-0.17169374,0.0406,0.0354,0.0334,0.0271,0.0289,0.23181818,1.3117647,0.0,0.81985295,0.7055336,0.23181818,0.097165994,-0.16834532,-0.13694267,0.7569832,1.5941176,0.9596774,0.5994624,0.81985295,0.75446427,0.622905,0.0,-31.384624,-18.997313,12.387312,16.484085463593217,82.7797534316139,3,"{""geodesic"":false,""type"":""Point"",""coordinates"":[82.7797534316139,16.484085463593217]}"
16,0.0,1.0,0.0,0.0207,0.13424657,0.0158,0.0466,0.0361,0.0355,-0.13520098,0.0317,0.0296,0.0364,0.0291,0.0316,0.2962138,1.3018868,0.0,0.7089041,0.7601713,0.2962138,0.16867469,-0.0015797789,-0.099071205,0.8174157,1.8301886,0.980663,0.5718232,0.7089041,0.75961536,0.58146065,0.0,-31.890154,-18.738852,13.151303,16.484085463593217,82.86958496002586,3,"{""geodesic"":false,""type"":""Point"",""coordinates"":[82.86958496002586,16.484085463593217]}"
17,0.0,1.0,0.0,0.0689,0.064092666,0.0606,0.0769,0.0674,0.0576,-0.14349443,0.0672,0.0617,0.0627,0.0575,0.0601,-0.026248941,1.1350906,0.0,1.1961806,0.74805194,-0.026248941,-0.090189874,-0.05577376,-8.6880976E-4,0.9965338,0.9472817,0.85333335,1.0207407,1.1961806,0.87826085,1.1941074,0.0,-31.809896,-19.63571,12.174186,16.57391699200517,82.60009037479,3,"{""geodesic"":false,""type"":""Point"",""coordinates"":[82.60009037479,16.57391699200517]}"
18,0.0,1.0,0.0,0.0245,0.12514351,0.01905,0.0631,0.05385,0.0465,-0.15145986,0.04675,0.0411,0.0431,0.0368,0.04325,0.31781557,1.2793734,0.0,0.66395664,0.7357595,0.31781557,0.20065252,-0.03888889,-0.11644658,0.78969955,1.921671,0.86190915,0.45412418,0.66395664,0.7743902,0.52575105,0.0,-31.180058,-18.789011,12.391046,16.57391699200517,82.7797534316139,3,"{""geodesic"":false,""type"":""Point"",""coordinates"":[82.7797534316139,16.57391699200517]}"
19,0.0,1.0,0.0,0.0253,0.15922108,0.01835,0.05505,0.0461,0.0375,-0.18962723,0.0425,0.0376,0.037,0.0312,0.03425,0.259334,1.3712738,0.0,0.8083067,0.6799637,0.259334,0.10442478,-0.10749186,-0.09170306,0.82978725,1.691057,0.8116883,0.54761904,0.8083067,0.72244096,0.67287236,0.0,-31.410473,-18.988358,12.422114,16.57391699200517,82.86958496002586,3,"{""geodesic"":false,""type"":""Point"",""coordinates"":[82.86958496002586,16.57391699200517]}"
20,0.0,1.0,0.0,0.01445,0.12670565,0.0112,0.04055,0.03125,0.02375,-0.26127526,0.0195,0.0169,0.0177,0.0172,0.01805,0.2112676,1.278761,0.0,0.8352601,0.5842558,0.2112676,0.08688784,-0.03861518,-0.15995117,0.721174,1.5221239,0.75757575,0.46092504,0.8352601,0.7697595,0.60587,0.0,-31.417562,-18.475586,12.941977,16.57391699200517,82.95941648843781,3,"{""geodesic"":false,""type"":""Point"",""coordinates"":[82.95941648843781,16.57391699200517]}"
21,0.0,1.0,0.0,0.0255,0.12831858,0.0197,0.06335,0.0535,0.0474,-0.14401805,0.04775,0.04505,0.0459,0.03785,0.04045,0.31537792,1.2878788,0.0,0.67193675,0.7470449,0.31537792,0.1949487,-0.08276644,-0.11202346,0.7968421,1.9116162,0.88432837,0.47574627,0.67193675,0.76953125,0.5368421,0.0,-30.465961,-19.167221,11.298739,16.663748520417123,82.68992190320195,3,"{""geodesic"":false,""type"":""Point"",""coordinates"":[82.68992190320195,16.663748520417123]}"
22,0.0,1.0,0.0,0.02545,0.1323693,0.0195,0.0587,0.0476,0.0422,-0.16352825,0.0426,0.0397,0.04115,0.03785,0.0386,0.31996512,1.2984694,0.0,0.67061925,0.7176871,0.31996512,0.19589257,-0.049261082,-0.054341037,0.89479905,1.9311224,0.884696,0.533543,0.67061925,0.7632094,0.6016548,0.0,-31.029987,-19.653755,11.376232,16.663748520417123,82.7797534316139,3,"{""geodesic"":false,""type"":""Point"",""coordinates"":[82.7797534316139,16.663748520417123]}"
23,0.0,1.0,0.0,0.03615,0.16144578,0.0261,0.05625,0.05045,0.04395,-0.12275449,0.0465,0.04185,0.04235,0.03845,0.04115,0.19132456,1.379771,0.0,0.9377432,0.77994674,0.19132456,0.030831099,-0.06103822,-0.066747576,0.87287176,1.4675573,0.8694362,0.71513355,0.9377432,0.72,0.8206583,0.0,-31.717869,-19.20209,12.5157795,16.663748520417123,82.86958496002586,3,"{""geodesic"":false,""type"":""Point"",""coordinates"":[82.86958496002586,16.663748520417123]}"
24,0.0,1.0,0.0,0.01665,0.15625,0.01215,0.04285,0.0328,0.02605,-0.24383163,0.0257,0.01995,0.02255,0.0208,0.02165,0.26251897,1.3591837,0.0,0.7966507,0.6065192,0.26251897,0.11081442,-0.08553326,-0.112059765,0.7954111,1.6979592,0.7917933,0.506079,0.7966507,0.72537315,0.6367113,0.0,-31.893185,-18.972809,12.920377,16.663748520417123,82.95941648843781,3,"{""geodesic"":false,""type"":""Point"",""coordinates"":[82.95941648843781,16.663748520417123]}"
25,0.0,1.0,0.0,0.025,0.19904077,0.0167,0.0682,0.0619,0.0544,-0.112561174,0.0471,0.0476,0.0491,0.0431,0.0455,0.44147158,1.4880953,0.0,0.5787037,0.7964861,0.44147158,0.2657856,-0.017278617,-0.11589744,0.79082566,2.5654762,0.87741935,0.4032258,0.5787037,0.66533864,0.4587156,0.0,-31.337255,-19.413729,11.923527,16.753580048829075,82.68992190320195,3,"{""geodesic"":false,""type"":""Point"",""coordinates"":[82.68992190320195,16.753580048829075]}"
26,0.0,1.0,0.0,0.0304,0.15589353,0.0222,0.0567,0.0494,0.0414,-0.1559633,0.0442,0.0394,0.04,0.0349,0.0349,0.22241682,1.3632287,0.0,0.8685714,0.72887325,0.22241682,0.06891271,-0.117572695,-0.08519004,0.84096384,1.5650225,0.8363636,0.6141414,0.8685714,0.72786885,0.7325301,0.0,-31.290165,-19.376163,11.9140005,16.753580048829075,82.86958496002586,3,"{""geodesic"":false,""type"":""Point"",""coordinates"":[82.86958496002586,16.753580048829075]}"
27,0.0,1.0,0.0,0.03046,0.062681705,0.026866667,0.0699,0.0552,0.055933334,-0.11099338,0.0495,0.048433334,0.049333334,0.0435,0.04605,0.23638086,1.1295426,0.0,0.69862384,0.7990476,0.23638086,0.17631152,-0.03610675,-0.1250419,0.7763236,1.6131026,1.0114527,0.55081373,0.69862384,0.87914485,0.54360497,0.0,-31.657503,-18.95512,12.702383,16.753580048829075,82.95941648843781,3,"{""geodesic"":false,""type"":""Point"",""coordinates"":[82.95941648843781,16.753580048829075]}"
28,0.0,1.0,0.0,0.0315,0.14754099,0.0234,0.0672,0.0606,0.0504,-0.14285715,0.0579,0.0507,0.0482,0.0428,0.0477,0.29305136,1.3404255,0.0,0.73426574,0.7488856,0.29305136,0.15208614,-0.09659091,-0.08154506,0.84752476,1.8212765,0.830313,0.51894563,0.73426574,0.74050635,0.62376237,0.0,-32.104557,-19.884384,12.220173,16.843411577241028,82.68992190320195,3,"{""geodesic"":false,""type"":""Point"",""coordinates"":[82.68992190320195,16.843411577241028]}"
29,0.0,1.0,0.0,0.0315,0.1013986,0.0257,0.0674,0.06,0.0525,-0.12427022,0.0505,0.0469,0.0492,0.0439,0.0452,0.26149425,1.2209302,0.0,0.71590906,0.7777778,0.26149425,0.16445623,-0.0553814,-0.08921162,0.83460075,1.7015504,0.8735441,0.52412647,0.71590906,0.81329113,0.5988593,0.0,-30.967106,-19.624693,11.342414,16.843411577241028,82.7797534316139,3,"{""geodesic"":false,""type"":""Point"",""coordinates"":[82.7797534316139,16.843411577241028]}"
30,0.0,1.0,0.0,0.0311,0.19615385,0.0209,0.0684,0.0599,0.0544,-0.11400651,0.055,0.0499,0.0484,0.0441,0.0473,0.35692307,1.4809524,0.0,0.7036199,0.7941606,0.35692307,0.17287233,-0.07526882,-0.104568526,0.8091743,2.1,0.9066667,0.5183333,0.7036199,0.6698718,0.5706422,0.0,-30.34944,-19.102894,11.246545,16.93324310565298,82.7797534316139,3,"{""geodesic"":false,""type"":""Point"",""coordinates"":[82.7797534316139,16.93324310565298]}"
31,0.0,1.0,0.0,0.0637,0.06879195,0.0555,0.0778,0.0741,0.0665,-0.07830908,0.073,0.0692,0.0715,0.0723,0.072,0.13145539,1.1456834,0.0,0.87983423,0.85365856,0.13145539,0.0632353,-0.0068965517,0.041786745,1.0855856,1.3003597,0.8962264,0.8584906,0.87983423,0.86990595,0.9564565,0.0,-33.30836,-20.831186,12.477173,17.023074634064933,82.60009037479,3,"{""geodesic"":false,""type"":""Point"",""coordinates"":[82.60009037479,17.023074634064933]}"
32,0.0,1.0,0.0,0.0263,0.19274376,0.0178,0.0688,0.0596,0.0493,-0.16511431,0.0506,0.046,0.0438,0.0426,0.0439,0.410596,1.4692737,0.0,0.6159251,0.71552974,0.410596,0.23657474,-0.07089947,-0.07290533,0.8623482,2.3798883,0.82579565,0.44053602,0.6159251,0.67424244,0.5323887,0.0,-30.82315,-19.311354,11.511798,17.023074634064933,82.7797534316139,3,"{""geodesic"":false,""type"":""Point"",""coordinates"":[82.7797534316139,17.023074634064933]}"
33,0.0,1.0,0.0,0.0392,0.10422535,0.0318,0.0685,0.0646,0.0648,-0.027756939,0.0669,0.061,0.0582,0.0503,0.0514,0.22533496,1.2288401,0.0,0.7777778,0.9446064,0.22533496,0.12402235,-0.13102283,-0.12597741,0.77503854,1.5768025,1.0015455,0.6058733,0.7777778,0.8091603,0.6040062,0.0,-32.610706,-20.83896,11.771747,17.112906162476882,82.60009037479,3,"{""geodesic"":false,""type"":""Point"",""coordinates"":[82.60009037479,17.112906162476882]}"
34,0.0,1.0,0.0,0.025433334,0.17384616,0.0179,0.067483336,0.0544,0.04788333,-0.1698931,0.048825,0.040471427,0.040883332,0.0413,0.0415,0.39527026,1.4129629,0.0,0.6143317,0.708508,0.39527026,0.23776224,-0.081096046,-0.073817976,0.8607155,2.2944446,0.87859327,0.46666667,0.6143317,0.7010444,0.53004515,0.0,-31.397734,-19.265072,12.13266,17.112906162476882,82.7797534316139,3,"{""geodesic"":false,""type"":""Point"",""coordinates"":[82.7797534316139,17.112906162476882]}"
35,0.0,1.0,0.0,0.02838,0.15713412,0.020672223,0.073825,0.0677375,0.058,-0.12004551,0.05645,0.052833334,0.05256,0.044745833,0.047075,0.36799642,1.3662477,0.0,0.63283473,0.784579,0.36799642,0.22380371,-0.090557836,-0.12899956,0.77015203,2.1541188,0.85498434,0.4183527,0.63283473,0.7258505,0.48846817,0.0,-30.743608,-18.948082,11.795527,17.112906162476882,82.86958496002586,3,"{""geodesic"":false,""type"":""Point"",""coordinates"":[82.86958496002586,17.112906162476882]}"
36,0.0,1.0,0.0,0.0323,0.1505829,0.023845455,0.0734875,0.06777,0.05845,-0.11397442,0.060644444,0.055366665,0.05595,0.04892857,0.04937143,0.34467128,1.348899,0.0,0.6587995,0.7942925,0.34467128,0.20471333,-0.10246718,-0.08867159,0.8356716,2.0433345,0.8612052,0.47590983,0.6587995,0.7359708,0.55166525,0.0,-31.017254,-19.289156,11.728099,17.112906162476882,82.95941648843781,3,"{""geodesic"":false,""type"":""Point"",""coordinates"":[82.95941648843781,17.112906162476882]}"
37,0.0,1.0,0.0,0.02495,0.14580941,0.0186,0.0543,0.0434,0.03445,-0.22366197,0.0397,0.0349,0.0355,0.028,0.03065,0.20171674,1.3342246,0.0,0.88790035,0.63327205,0.20171674,0.05760151,-0.1286425,-0.10328262,0.8104197,1.4973263,0.79195404,0.5735632,0.88790035,0.74251497,0.7221418,0.0,-31.087648,-17.732246,13.355402,17.112906162476882,83.22891107367366,3,"{""geodesic"":false,""type"":""Point"",""coordinates"":[83.22891107367366,17.112906162476882]}"
38,0.0,1.0,0.0,0.0264,0.15536106,0.0193,0.0635,0.0496,0.04045,-0.22174121,0.0421,0.03745,0.0392,0.0342,0.03455,0.27850467,1.3608247,0.0,0.7696793,0.6360063,0.27850467,0.12871288,-0.09849967,-0.083724044,0.8434032,1.7628866,0.8138833,0.5311871,0.7696793,0.7283019,0.65104806,0.0,-31.172575,-17.505768,13.666806,17.112906162476882,83.31874260208562,3,"{""geodesic"":false,""type"":""Point"",""coordinates"":[83.31874260208562,17.112906162476882]}"
39,0.0,1.0,0.0,0.02305,0.124390244,0.01795,0.0564,0.04455,0.0351,-0.23278688,0.03525,0.0319,0.0319,0.02805,0.0277,0.21956521,1.2770083,0.0,0.8188277,0.62123895,0.21956521,0.09784736,-0.11993646,-0.111638956,0.796875,1.5540166,0.7861142,0.5162374,0.8188277,0.775378,0.65482956,0.0,-31.227299,-17.136196,14.0911045,17.112906162476882,83.40857413049757,3,"{""geodesic"":false,""type"":""Point"",""coordinates"":[83.40857413049757,17.112906162476882]}"
40,0.0,1.0,0.0,0.02745,0.22956327,0.0172,0.05825,0.0444,0.03735,-0.21861924,0.0419,0.03715,0.03845,0.0333,0.03675,0.3188119,1.5867052,0.0,0.82185626,0.6401028,0.3188119,0.096296296,-0.06547997,-0.05732484,0.8891856,1.9248555,0.83932585,0.61685395,0.82185626,0.62431943,0.73297733,0.0,-30.905437,-16.47441,14.431028,17.112906162476882,83.49840565890952,3,"{""geodesic"":false,""type"":""Point"",""coordinates"":[83.49840565890952,17.112906162476882]}"
41,0.0,1.0,0.0,0.02135,0.21306819,0.01385,0.04705,0.0386,0.0321,-0.18888187,0.03555,0.0313,0.0321,0.02615,0.0272,0.3075,1.530466,0.0,0.81333333,0.6808059,0.3075,0.101052634,-0.13306773,-0.102145925,0.8121118,1.874552,0.82945734,0.5516796,0.81333333,0.64568764,0.6630435,0.0,-29.880665,-15.928359,13.952306,17.112906162476882,83.58823718732147,3,"{""geodesic"":false,""type"":""Point"",""coordinates"":[83.58823718732147,17.112906162476882]}"
42,150.0,-0.8660254,0.5,0.053,0.08329075,0.04485,0.0714,0.06485,0.05675,-0.11431916,0.05985,0.0562,0.05695,0.0529,0.0552,0.08235294,1.1790879,0.0,1.0,0.7937063,0.08235294,-9.4428705E-4,-0.04041721,-0.035111718,0.9305189,1.1768632,0.873749,0.8160123,1.0,0.84463274,0.9322779,0.0,-32.51936,-20.710953,11.808407,17.202737690888835,82.60009037479,3,"{""geodesic"":false,""type"":""Point"",""coordinates"":[82.60009037479,17.202737690888835]}"
43,0.0,1.0,0.0,0.0505,0.019687027,0.04855,0.0772,0.0671,0.06065,-0.12005804,0.0609,0.04785,0.0475,0.0491,0.04395,0.0056323605,1.0380267,0.0,1.0264227,0.78460544,0.0056323605,-0.014056225,-0.16165951,-0.10523918,0.80823046,1.0092497,0.9025298,0.7514881,1.0264227,0.9594862,0.8312757,0.0,-32.186962,-20.25448,11.932483,17.202737690888835,82.68992190320195,3,"{""geodesic"":false,""type"":""Point"",""coordinates"":[82.68992190320195,17.202737690888835]}"
44,0.0,1.0,0.0,0.0213,0.14824797,0.0158,0.0585,0.05,0.042,-0.1641791,0.0483,0.0396,0.0381,0.0311,0.0327,0.32622603,1.3396226,0.0,0.6826923,0.71672356,0.32622603,0.1870229,-0.19259259,-0.14911081,0.7387173,1.9559748,0.83832335,0.4251497,0.6826923,0.7383177,0.50593823,0.0,-30.757471,-19.83613,10.921341,17.202737690888835,82.7797534316139,3,"{""geodesic"":false,""type"":""Point"",""coordinates"":[82.7797534316139,17.202737690888835]}"
45,0.0,1.0,0.0,0.0273,0.1375,0.0207,0.0636,0.054,0.0482,-0.13774598,0.051,0.0424,0.0417,0.0375,0.0383,0.28865978,1.3125,0.0,0.72606385,0.7566719,0.28865978,0.1574074,-0.14221725,-0.12485414,0.7763975,1.8028846,0.8909427,0.5046211,0.72606385,0.75547445,0.5652174,0.0,-30.87565,-19.535011,11.340638,17.202737690888835,82.86958496002586,3,"{""geodesic"":false,""type"":""Point"",""coordinates"":[82.86958496002586,17.202737690888835]}"
46,0.0,1.0,0.0,0.03255,0.14713657,0.0242,0.074,0.0672,0.0609,-0.09710897,0.063575,0.0556,0.054075,0.0471,0.047133334,0.3211781,1.3395061,0.0,0.68961865,0.82186234,0.3211781,0.1826742,-0.14851336,-0.12777779,0.77213115,1.9382716,0.9049034,0.48365527,0.68961865,0.7411945,0.5336065,0.0,-31.475323,-18.61376,12.861564,17.202737690888835,82.95941648843781,3,"{""geodesic"":false,""type"":""Point"",""coordinates"":[82.95941648843781,17.202737690888835]}"
47,0.0,1.0,0.0,0.0285,0.08159393,0.0242,0.0656,0.05005,0.04075,-0.23366244,0.0476,0.0416,0.0426,0.0357,0.03845,0.19198665,1.1728395,0.0,0.7960894,0.62024355,0.19198665,0.11214953,-0.106333524,-0.066056244,0.873929,1.4691358,0.8125623,0.5682951,0.7960894,0.84615386,0.6976744,0.0,-31.153019,-18.561922,12.591097,17.202737690888835,83.13907954526171,3,"{""geodesic"":false,""type"":""Point"",""coordinates"":[83.13907954526171,17.202737690888835]}"
48,0.0,1.0,0.0,0.028,0.14052953,0.0211,0.06175,0.0496,0.0417,-0.19381344,0.043,0.0375,0.0375,0.0344,0.03285,0.23963964,1.3207548,0.0,0.8115942,0.6742118,0.23963964,0.102564104,-0.13381675,-0.09592641,0.8229665,1.6226416,0.8390342,0.5633803,0.8115942,0.75088966,0.6698565,0.0,-31.14639,-18.169832,12.976559,17.202737690888835,83.22891107367366,3,"{""geodesic"":false,""type"":""Point"",""coordinates"":[83.22891107367366,17.202737690888835]}"
49,0.0,1.0,0.0,0.0292,0.17034069,0.0207,0.073,0.05995,0.0495,-0.19183673,0.05245,0.04665,0.04705,0.0403,0.041,0.32131147,1.4038461,0.0,0.7227723,0.6771546,0.32131147,0.15971223,-0.12252542,-0.10244989,0.8125,1.9375,0.82431304,0.48626146,0.7227723,0.7064846,0.58870965,0.0,-30.891926,-17.325617,13.566308,17.202737690888835,83.31874260208562,3,"{""geodesic"":false,""type"":""Point"",""coordinates"":[83.31874260208562,17.202737690888835]}"
50,0.0,1.0,0.0,0.02405,0.19950125,0.01605,0.0668,0.0508,0.04195,-0.22850575,0.04385,0.0386,0.0369,0.0326,0.03365,0.340185,1.4891641,0.0,0.735474,0.6270553,0.340185,0.15092674,-0.1316129,-0.12541918,0.77526754,2.018576,0.82416505,0.47249508,0.735474,0.66459626,0.57193816,0.0,-30.81805,-17.140238,13.677812,17.202737690888835,83.40857413049757,3,"{""geodesic"":false,""type"":""Point"",""coordinates"":[83.40857413049757,17.202737690888835]}"
51,0.0,1.0,0.0,0.0318,0.15531336,0.02325,0.0637,0.0526,0.0451,-0.17095588,0.04795,0.04395,0.04385,0.0395,0.04115,0.25896415,1.3618844,0.0,0.8030303,0.70689654,0.25896415,0.10799439,-0.07631874,-0.06619386,0.8738938,1.6916488,0.85578746,0.60341555,0.8030303,0.7288401,0.70353985,0.0,-30.906282,-16.530985,14.375297,17.202737690888835,83.49840565890952,3,"{""geodesic"":false,""type"":""Point"",""coordinates"":[83.49840565890952,17.202737690888835]}"
52,0.0,1.0,0.0,0.02665,0.15995647,0.0193,0.0653,0.04845,0.0422,-0.21488371,0.04955,0.0429,0.041,0.03605,0.03685,0.3026197,1.3737113,0.0,0.7372061,0.6452599,0.3026197,0.14992025,-0.14699075,-0.07859425,0.85224587,1.8582474,0.869207,0.54891866,0.7372061,0.72149533,0.63002366,0.0,-30.26835,-15.898335,14.370016,17.202737690888835,83.58823718732147,3,"{""geodesic"":false,""type"":""Point"",""coordinates"":[83.58823718732147,17.202737690888835]}"
53,152.0,-0.88294756,0.46947157,0.252,0.20964839,0.16465,0.05215,0.0773,0.0833,0.22997417,0.12475,0.1927,0.22215,0.23015,0.25175,0.16590679,1.5295902,11.0,1.0944625,1.5942584,0.16590679,-0.045317847,0.3373174,0.4684958,2.7595923,1.3969651,1.0762274,3.2558138,1.0944625,0.65311384,3.0215828,0.0,-16.293634,-9.786201,6.5074334,17.292569219300788,82.60009037479,3,"{""geodesic"":false,""type"":""Point"",""coordinates"":[82.60009037479,17.292569219300788]}"
54,180.0,-1.0,1.2246469E-16,0.0306,0.026845638,0.029,0.06125,0.05915,0.05055,-0.09570662,0.0517,0.0464,0.0459,0.03915,0.03975,0.14893617,1.0515463,0.0,0.77961785,0.8239609,0.14893617,0.12258065,-0.1306725,-0.1270903,0.7729516,1.3453609,0.85316455,0.5164557,0.77961785,0.9446254,0.6041461,0.0,-31.470226,-19.39376,12.076465,17.292569219300788,82.7797534316139,3,"{""geodesic"":false,""type"":""Point"",""coordinates"":[82.7797534316139,17.292569219300788]}"
55,0.0,1.0,0.0,0.0312,0.14917128,0.0231,0.0795,0.0714,0.0609,-0.13247864,0.064,0.0571,0.0551,0.0465,0.0493,0.33620688,1.3448275,0.0,0.6695279,0.7650754,0.33620688,0.1969112,-0.12974404,-0.13407822,0.76229507,2.0043104,0.8517482,0.43636364,0.6695279,0.73801917,0.5114754,0.0,-31.23887,-18.009104,13.229767,17.292569219300788,83.04924801684976,3,"{""geodesic"":false,""type"":""Point"",""coordinates"":[83.04924801684976,17.292569219300788]}"
56,0.0,1.0,0.0,0.02465,0.15186916,0.01815,0.0611,0.0477,0.03935,-0.21652563,0.04045,0.0352,0.03505,0.03205,0.03025,0.27689242,1.3506849,0.0,0.7667185,0.64297384,0.27689242,0.13051146,-0.14427157,-0.1022409,0.8124208,1.7561644,0.82322174,0.5156904,0.7667185,0.73333335,0.6248416,0.0,-31.242369,-17.539682,13.702686,17.292569219300788,83.31874260208562,3,"{""geodesic"":false,""type"":""Point"",""coordinates"":[83.31874260208562,17.292569219300788]}"
57,0.0,1.0,0.0,0.02945,0.17097415,0.02085,0.06125,0.04705,0.03865,-0.22622623,0.0437,0.03535,0.03485,0.03095,0.0306,0.1949807,1.405728,0.0,0.94847023,0.6299918,0.1949807,0.024834437,-0.17631225,-0.11063218,0.7987097,1.477327,0.81972426,0.6246023,0.94847023,0.70558375,0.76,0.0,-31.099173,-17.027096,14.072075,17.292569219300788,83.40857413049757,3,"{""geodesic"":false,""type"":""Point"",""coordinates"":[83.40857413049757,17.292569219300788]}"
58,0.0,1.0,0.0,0.0254,0.1883041,0.01735,0.0564,0.03985,0.03395,-0.24847814,0.03975,0.03445,0.0356,0.02985,0.03285,0.2648305,1.4555874,0.0,0.84808016,0.600885,0.2648305,0.08054299,-0.09504132,-0.06426332,0.876652,1.7106017,0.84981227,0.63579476,0.84808016,0.68039215,0.74596184,0.0,-30.014912,-16.058767,13.956144,17.292569219300788,83.58823718732147,3,"{""geodesic"":false,""type"":""Point"",""coordinates"":[83.58823718732147,17.292569219300788]}"
59,0.0,1.0,0.0,0.0212,0.17614424,0.01485,0.05475,0.03935,0.03115,-0.27473807,0.0313,0.02985,0.0298,0.026,0.0269,0.2729498,1.4180602,0.0,0.8122605,0.56791246,0.2729498,0.10169491,-0.07560138,-0.09011374,0.832,1.7391304,0.7896071,0.5373891,0.8122605,0.6971831,0.6784,0.0,-36.83524,-24.466143,12.3691,17.292569219300788,83.85773177255733,3,"{""geodesic"":false,""type"":""Point"",""coordinates"":[83.85773177255733,17.292569219300788]}"
60,0.0,1.0,0.0,0.0162,0.105802044,0.0131,0.0489,0.0366,0.028,-0.27178153,0.0258,0.0246,0.0243,0.0205,0.0203,0.22023809,1.2272727,0.0,0.78640777,0.5714286,0.22023809,0.11716621,-0.11930586,-0.15463917,0.72953737,1.5530303,0.7629428,0.4414169,0.78640777,0.80368096,0.57651246,0.0,-35.45431,-23.486313,11.9679985,17.292569219300788,83.94756330096928,3,"{""geodesic"":false,""type"":""Point"",""coordinates"":[83.94756330096928,17.292569219300788]}"
61,147.0,-0.83867055,0.54463905,0.23965,0.20140368,0.1593,0.05315,0.08085,0.08805,0.24716714,0.13205,0.21355,0.2487,0.24905,0.26975,0.21978694,1.5034504,57.0,0.9618704,1.6535212,0.21978694,0.019234704,0.3427078,0.47760308,2.8252978,1.5624216,1.0877085,2.9604695,0.9618704,0.6644421,2.7186613,1.0,-16.744984,-9.35688,7.3881035,17.38240074771274,82.60009037479,3,"{""geodesic"":false,""type"":""Point"",""coordinates"":[82.60009037479,17.38240074771274]}"
62,141.0,-0.777146,0.6293204,0.2405,0.20054911,0.16015,0.0446,0.0736,0.08255,0.29846638,0.12915,0.2112,0.2427,0.24735,0.26775,0.21398772,1.50078,14.0,0.9719135,1.8467561,0.21398772,0.014041201,0.34920636,0.4995453,2.9927404,1.5435257,1.1200814,3.2632294,0.9719135,0.6656276,2.9098608,0.0,-16.97301,-9.992654,6.9803553,17.38240074771274,82.68992190320195,3,"{""geodesic"":false,""type"":""Point"",""coordinates"":[82.68992190320195,17.38240074771274]}"
63,159.0,-0.9335804,0.35836795,0.0214,0.089058526,0.0179,0.058,0.0575,0.0419,-0.16116115,0.0446,0.0389,0.0376,0.0336,0.0347,0.30485436,1.1888889,0.0,0.63501483,0.7211704,0.30485436,0.22181818,-0.12484237,-0.10993377,0.8,1.8666667,0.7274306,0.3715278,0.63501483,0.83255816,0.5095238,0.0,-28.952383,-18.919706,10.032678,17.38240074771274,82.86958496002586,3,"{""geodesic"":false,""type"":""Point"",""coordinates"":[82.86958496002586,17.38240074771274]}"
64,0.0,1.0,0.0,0.02355,0.14320388,0.01765,0.0638,0.05075,0.04235,-0.20207255,0.0436,0.0381,0.03865,0.0334,0.0336,0.30852106,1.3267605,0.0,0.70298505,0.6627543,0.30852106,0.17295873,-0.12953368,-0.118151814,0.786808,1.8816901,0.8328417,0.46312684,0.70298505,0.7463002,0.5547703,0.0,-30.648972,-17.769955,12.879017,17.38240074771274,83.22891107367366,3,"{""geodesic"":false,""type"":""Point"",""coordinates"":[83.22891107367366,17.38240074771274]}"
65,0.0,1.0,0.0,0.025,0.19331743,0.0169,0.0682,0.0535,0.0452,-0.20282187,0.0516,0.0457,0.0458,0.0333,0.0411,0.32669324,1.4705882,0.0,0.74850297,0.66178626,0.32669324,0.14236706,-0.11326861,-0.15159236,0.7350993,1.9588236,0.8432836,0.4664179,0.74850297,0.67330676,0.55187637,0.0,-30.611044,-16.909262,13.701782,17.38240074771274,83.31874260208562,3,"{""geodesic"":false,""type"":""Point"",""coordinates"":[83.31874260208562,17.38240074771274]}"
66,0.0,1.0,0.0,0.024,0.18518518,0.0165,0.0583,0.0393,0.0401,-0.18495935,0.0422,0.0371,0.0372,0.0344,0.0337,0.35166994,1.4457831,0.0,0.6956522,0.68664384,0.35166994,0.1780822,-0.11198946,-0.076510064,0.8557214,2.0722892,1.0177665,0.60913706,0.6956522,0.6846473,0.5970149,0.0,-32.38528,-21.57001,10.81527,17.38240074771274,83.49840565890952,3,"{""geodesic"":false,""type"":""Point"",""coordinates"":[83.49840565890952,17.38240074771274]}"
67,0.0,1.0,0.0,0.0269,0.19821826,0.018,0.0557,0.0399,0.0358,-0.21748634,0.0396,0.0347,0.0353,0.0305,0.0335,0.25773194,1.4861878,0.0,0.87908494,0.64157706,0.25773194,0.06271777,-0.08344733,-0.07993967,0.8495822,1.6850829,0.895,0.6725,0.87908494,0.6666667,0.74930364,0.0,-32.707108,-20.587612,12.119496,17.38240074771274,83.58823718732147,3,"{""geodesic"":false,""type"":""Point"",""coordinates"":[83.58823718732147,17.38240074771274]}"
68,0.0,1.0,0.0,0.0304,0.15370019,0.0223,0.0643,0.0488,0.0433,-0.19516729,0.0447,0.0403,0.0406,0.0379,0.0364,0.2591362,1.3571428,0.0,0.8,0.67236024,0.2591362,0.10980967,-0.102342784,-0.06650246,0.8732719,1.6919643,0.8854806,0.62167686,0.8,0.7311475,0.70046085,0.0,-32.510452,-20.919765,11.590686,17.38240074771274,83.67806871573343,3,"{""geodesic"":false,""type"":""Point"",""coordinates"":[83.67806871573343,17.38240074771274]}"
69,0.0,1.0,0.0,0.0301,0.15105163,0.0222,0.0589,0.0423,0.0339,-0.26939654,0.0486,0.0316,0.0293,0.0282,0.0278,0.11904762,1.3497758,0.0,1.0636042,0.57457626,0.11904762,-0.03259005,-0.2722513,-0.09178744,0.82941175,1.2645739,0.7995283,0.7099057,1.0636042,0.7350993,0.88529414,0.0,-37.083553,-24.07891,13.0046425,17.38240074771274,83.76790024414538,3,"{""geodesic"":false,""type"":""Point"",""coordinates"":[83.76790024414538,17.38240074771274]}"
70,0.0,1.0,0.0,0.0143,0.13944224,0.0108,0.0468,0.0341,0.026,-0.2857143,0.0267,0.0233,0.0238,0.0194,0.0191,0.28476822,1.3119266,0.0,0.73333335,0.554371,0.28476822,0.15133531,-0.16593887,-0.14537445,0.743295,1.7798165,0.76023394,0.41812867,0.73333335,0.75,0.54789275,0.0,-35.83212,-23.23376,12.598357,17.38240074771274,83.94756330096928,3,"{""geodesic"":false,""type"":""Point"",""coordinates"":[83.94756330096928,17.38240074771274]}"
71,152.0,-0.88294756,0.46947157,0.22555,0.24099037,0.13795,0.0484,0.07355,0.07635,0.2240481,0.11805,0.19645,0.22625,0.2289,0.2512,0.2479215,1.6338283,13.0,0.9849345,1.5742269,0.2479215,0.007371548,0.3605958,0.4997543,2.9941137,1.6580949,1.0366598,3.0624576,0.9849345,0.611345,2.9502943,0.0,-15.540669,-7.7656302,7.775039,17.472232276124693,82.7797534316139,3,"{""geodesic"":false,""type"":""Point"",""coordinates"":[82.7797534316139,17.472232276124693]}"
72,170.0,-0.9848077,0.17364818,0.1598,0.28456593,0.089,0.0503,0.0758,0.0675,0.14601019,0.1149,0.2154,0.2595,0.2597,0.2729,0.48953256,1.7934904,11.0,0.6150885,1.3392857,0.48953256,0.23814064,0.4074265,0.5874083,3.841716,2.9147027,0.88932806,2.1054018,0.6150885,0.5565979,2.3639054,0.0,-16.007215,-9.653338,6.353877,17.472232276124693,82.86958496002586,3,"{""geodesic"":false,""type"":""Point"",""coordinates"":[82.86958496002586,17.472232276124693]}"
73,163.0,-0.9563047,0.2923717,0.3076,0.14797537,0.2283,0.07138,0.10107143,0.12358,0.26774722,0.15525,0.2027,0.2289,0.23804,0.257,0.020886049,1.34676,10.0,1.2916771,1.7288752,0.020886049,-0.12748332,0.24681625,0.3165201,1.9246442,1.0422066,1.2214911,3.040384,1.2916771,0.7419565,2.4870634,0.0,-15.817768,-9.463493,6.3542747,17.472232276124693,82.95941648843781,3,"{""geodesic"":false,""type"":""Point"",""coordinates"":[82.95941648843781,17.472232276124693]}"
74,170.0,-0.9848077,0.17364818,0.02485,0.15313224,0.01825,0.06805,0.0629,0.0469,-0.18399304,0.05045,0.04695,0.04675,0.04125,0.0424,0.38655463,1.3542235,0.0,0.60096735,0.68818784,0.38655463,0.24810892,-0.08669898,-0.06409529,0.87765956,2.2479565,0.74444443,0.39444444,0.60096735,0.73146296,0.5287234,0.0,-30.256556,-17.690928,12.565627,17.472232276124693,83.04924801684976,3,"{""geodesic"":false,""type"":""Point"",""coordinates"":[83.04924801684976,17.472232276124693]}"
75,0.0,1.0,0.0,0.0246,0.14418605,0.0184,0.0634,0.0513,0.0431,-0.19061033,0.0493,0.0422,0.0404,0.0345,0.0369,0.3043478,1.3297297,0.0,0.7109827,0.67874014,0.3043478,0.16751269,-0.1438515,-0.11082474,0.7986111,1.8648648,0.8385214,0.47859922,0.7109827,0.74493927,0.5694444,0.0,-30.89621,-18.122478,12.77373,17.472232276124693,83.22891107367366,3,"{""geodesic"":false,""type"":""Point"",""coordinates"":[83.22891107367366,17.472232276124693]}"
76,0.0,1.0,0.0,0.0188,0.16770187,0.0134,0.0632,0.0473,0.0385,-0.2428712,0.0406,0.0352,0.035,0.0294,0.0295,0.37383178,1.3925925,0.0,0.63728815,0.60821486,0.37383178,0.21991701,-0.15834522,-0.13402061,0.761658,2.1777778,0.8122363,0.39662448,0.63728815,0.7089947,0.48704663,0.0,-31.497826,-21.375181,10.122643,17.472232276124693,83.40857413049757,3,"{""geodesic"":false,""type"":""Point"",""coordinates"":[83.40857413049757,17.472232276124693]}"
77,0.0,1.0,0.0,0.0227,0.1761658,0.0159,0.0675,0.0515,0.0414,-0.23966943,0.0457,0.0405,0.0402,0.0361,0.0359,0.38846153,1.41875,0.0,0.6270718,0.61242604,0.38846153,0.22789116,-0.12009804,-0.0683871,0.86987954,2.25625,0.8023256,0.43992248,0.6270718,0.69736844,0.54698795,0.0,-32.132225,-19.942636,12.18959,17.472232276124693,83.49840565890952,3,"{""geodesic"":false,""type"":""Point"",""coordinates"":[83.49840565890952,17.472232276124693]}"
78,0.0,1.0,0.0,0.0294,0.22245322,0.0187,0.0642,0.0526,0.0442,-0.18450184,0.0526,0.0477,0.0467,0.0414,0.0432,0.37770382,1.5638298,0.0,0.70843375,0.6874028,0.37770382,0.16949153,-0.098121084,-0.03271028,0.93453723,2.2021277,0.83870965,0.55787474,0.70843375,0.6338983,0.6636569,0.0,-32.39692,-20.086428,12.310489,17.472232276124693,83.58823718732147,3,"{""geodesic"":false,""type"":""Point"",""coordinates"":[83.58823718732147,17.472232276124693]}"
79,0.0,1.0,0.0,0.0258,0.19444445,0.0174,0.0556,0.0372,0.0292,-0.31132075,0.0396,0.0353,0.0358,0.0218,0.033,0.1122449,1.4742857,0.0,1.1780822,0.524237,0.1122449,-0.084033616,-0.09090909,-0.14509805,0.7440273,1.2457143,0.7828418,0.691689,1.1780822,0.6718147,0.8805461,0.0,-32.05227,-20.186314,11.865956,17.472232276124693,83.67806871573343,3,"{""geodesic"":false,""type"":""Point"",""coordinates"":[83.67806871573343,17.472232276124693]}"
80,0.0,1.0,0.0,0.02075,0.17231639,0.01465,0.0504,0.03655,0.03205,-0.22255912,0.0282,0.02585,0.02605,0.02665,0.028,0.2905569,1.4067796,0.0,0.7757009,0.63465345,0.2905569,0.12447257,-0.0035587188,-0.09199318,0.8289269,1.8067796,0.8744884,0.56616646,0.7757009,0.7026379,0.64541215,0.0,-35.561436,-23.545837,12.015598,17.472232276124693,83.94756330096928,3,"{""geodesic"":false,""type"":""Point"",""coordinates"":[83.94756330096928,17.472232276124693]}"
81,302.0,0.52991927,-0.8480481,0.2549,0.17859207,0.17765,0.0607,0.0897,0.0896,0.1922821,0.13175,0.2162,0.24845,0.2535,0.26945,0.17592485,1.4340366,74.0,1.0051262,1.4736842,0.17592485,-0.0027537371,0.34322035,0.4777033,2.826087,1.4261603,0.9977728,2.83853,1.0051262,0.69666666,2.8416946,0.0,-15.487871,-8.706226,6.781645,17.562063804536646,82.68992190320195,3,"{""geodesic"":false,""type"":""Point"",""coordinates"":[82.68992190320195,17.562063804536646]}"
82,163.0,-0.9563047,0.2923717,0.18295,0.32644552,0.0929,0.03475,0.0576,0.0453,0.13179263,0.09855,0.20595,0.24525,0.2539,0.2739,0.4642445,1.9672043,181.0,0.7202756,1.2998565,0.4642445,0.16241273,0.47080144,0.6971925,5.592511,2.7301075,0.78509533,3.1707106,0.7202756,0.5075116,4.0297356,0.0,-11.868698,-5.7307057,6.1379924,17.562063804536646,82.7797534316139,3,"{""geodesic"":false,""type"":""Point"",""coordinates"":[82.7797534316139,17.562063804536646]}"
83,121.0,-0.5150381,0.8571673,0.3256,0.14941311,0.24095,0.0781,0.11083333,0.15186,0.32075143,0.19714,0.23812,0.2604,0.26052,0.28025,0.039025266,1.3507571,61.0,1.2493285,1.9419438,0.039025266,-0.11103528,0.17409246,0.26349485,1.7143985,1.0807716,1.3689303,2.9350963,1.2493285,0.7397912,2.1426692,0.0,-18.704695,-10.599609,8.105085,17.562063804536646,82.95941648843781,3,"{""geodesic"":false,""type"":""Point"",""coordinates"":[82.95941648843781,17.562063804536646]}"
84,159.0,-0.9335804,0.35836795,0.2492,0.20212252,0.1654,0.06135,0.08295,0.0895,0.18660921,0.13245,0.21155,0.24315,0.24715,0.26425,0.1981578,1.5057402,31.0,1.0078868,1.4564687,0.1981578,-0.00413015,0.332241,0.4682905,2.7583706,1.4933535,1.077664,3.000602,1.0078868,0.6634577,2.78125,0.0,-16.435026,-10.06396,6.3710666,17.562063804536646,83.04924801684976,3,"{""geodesic"":false,""type"":""Point"",""coordinates"":[83.04924801684976,17.562063804536646]}"
85,150.0,-0.8660254,0.5,0.2342,0.12718084,0.18135,0.07245,0.0908,0.09865,0.15312682,0.135,0.18865,0.21385,0.21745,0.23025,0.09052157,1.2907137,15.0,1.0765342,1.3597519,0.09052157,-0.03708624,0.26078027,0.37583044,2.2020254,1.1984018,1.0852585,2.5764577,1.0765342,0.7740077,2.3716455,0.0,-13.651747,-6.9449306,6.7068157,17.562063804536646,83.13907954526171,3,"{""geodesic"":false,""type"":""Point"",""coordinates"":[83.13907954526171,17.562063804536646]}"
86,167.0,-0.97437006,0.22495106,0.0247,0.15017462,0.01825,0.0594,0.04775,0.03875,-0.21039225,0.0412,0.03635,0.03635,0.0319,0.03285,0.27218345,1.3460491,0.0,0.771875,0.6512605,0.27218345,0.12720849,-0.11276165,-0.09695683,0.8211068,1.7384197,0.8098224,0.5161964,0.771875,0.7358871,0.63577867,0.0,-30.146988,-17.208921,12.9380665,17.562063804536646,83.31874260208562,3,"{""geodesic"":false,""type"":""Point"",""coordinates"":[83.31874260208562,17.562063804536646]}"
87,0.0,1.0,0.0,0.03025,0.1623439,0.0218,0.06555,0.0509,0.04315,-0.20607176,0.0474,0.0423,0.0425,0.0369,0.038,0.2572402,1.3812785,0.0,0.8175676,0.6572734,0.2572402,0.099032015,-0.11007026,-0.0780762,0.8531792,1.6849315,0.84607846,0.59313726,0.8175676,0.71828663,0.69942194,0.0,-30.617594,-19.66185,10.955744,17.562063804536646,83.40857413049757,3,"{""geodesic"":false,""type"":""Point"",""coordinates"":[83.40857413049757,17.562063804536646]}"
88,0.0,1.0,0.0,0.02745,0.10909091,0.02205,0.05305,0.04235,0.03995,-0.14086021,0.0457,0.04085,0.04065,0.03495,0.03785,0.2263158,1.2392776,0.0,0.7831669,0.7516463,0.2263158,0.120192304,-0.09395572,-0.066755675,0.87265915,1.5778781,0.9411072,0.6466431,0.7831669,0.800363,0.6853933,0.0,-36.68039,-24.83663,11.843758,17.562063804536646,83.76790024414538,3,"{""geodesic"":false,""type"":""Point"",""coordinates"":[83.76790024414538,17.562063804536646]}"
89,0.0,1.0,0.0,0.0276,0.14880332,0.02045,0.0521,0.0398,0.035,-0.19632606,0.03705,0.0342,0.0349,0.03085,0.033,0.20272905,1.3430657,0.0,0.8917609,0.6704981,0.20272905,0.05560308,-0.057815846,-0.06302202,0.8789174,1.5012165,0.877193,0.6917293,0.8917609,0.7382671,0.7863248,0.0,-36.73272,-24.044313,12.688404,17.562063804536646,83.85773177255733,3,"{""geodesic"":false,""type"":""Point"",""coordinates"":[83.85773177255733,17.562063804536646]}"
90,0.0,1.0,0.0,0.0214,0.17582418,0.015,0.05095,0.03655,0.0291,-0.2729544,0.03065,0.02785,0.02695,0.02255,0.0234,0.20106524,1.4172186,0.0,0.94481236,0.5700294,0.20106524,0.026166098,-0.13413507,-0.1268151,0.77226025,1.4933774,0.7939973,0.58390176,0.94481236,0.6976744,0.7328767,0.0,-35.98756,-23.68245,12.305109,17.562063804536646,83.94756330096928,3,"{""geodesic"":false,""type"":""Point"",""coordinates"":[83.94756330096928,17.562063804536646]}"
91,95.0,-0.087155744,0.9961947,0.26795,0.19794345,0.1794,0.0587,0.08585,0.09645,0.24331293,0.14425,0.2137,0.2451,0.25055,0.2722,0.16548435,1.4927577,107.0,1.0690205,1.6403061,0.16548435,-0.033558343,0.30723977,0.4440922,2.5950284,1.3958217,1.122164,3.11751,1.0690205,0.66927814,2.775246,1.0,-16.445908,-9.277896,7.168012,17.651895332948598,82.60009037479,3,"{""geodesic"":false,""type"":""Point"",""coordinates"":[82.60009037479,17.651895332948598]}"
92,341.0,0.94551855,-0.32556817,0.20565,0.27475592,0.117,0.03705,0.0596,0.0601,0.23726197,0.11145,0.19295,0.22305,0.23025,0.25525,0.3261339,1.7561913,128.0,0.89277184,1.6177658,0.3261339,0.056434963,0.39214617,0.5860169,3.824751,1.9662682,1.0067002,3.4447236,0.89277184,0.56865126,3.416113,0.0,-12.341019,-6.328597,6.0124216,17.651895332948598,82.7797534316139,3,"{""geodesic"":false,""type"":""Point"",""coordinates"":[82.7797534316139,17.651895332948598]}"
93,122.0,-0.52991927,0.8480481,0.2447,0.22426517,0.15505,0.0441,0.07225,0.08125,0.29637015,0.1282,0.21105,0.24175,0.2468,0.2681,0.22831902,1.5771834,108.0,0.9910895,1.8382353,0.22831902,0.0042726346,0.3530154,0.5046487,3.0338047,1.5907186,1.1230131,3.38217,0.9910895,0.63337415,3.0079901,0.0,-13.240968,-6.220639,7.020329,17.651895332948598,82.86958496002586,3,"{""geodesic"":false,""type"":""Point"",""coordinates"":[82.86958496002586,17.651895332948598]}"
94,198.0,-0.95105654,-0.309017,0.2561,0.20291217,0.1697,0.0582,0.0835,0.1006,0.26700252,0.1426,0.2094,0.2423,0.2434,0.2618,0.17840716,1.508245,56.0,1.0517454,1.7255574,0.17840716,-0.025425425,0.29475766,0.41511628,2.4170804,1.4334512,1.2033492,3.0633972,1.0517454,0.6623731,2.5431976,0.0,-16.253128,-9.471809,6.7813196,17.651895332948598,83.04924801684976,3,"{""geodesic"":false,""type"":""Point"",""coordinates"":[83.04924801684976,17.651895332948598]}"
95,137.0,-0.7313537,0.6819984,0.0238,0.14148681,0.0179,0.0554,0.04605,0.03745,-0.19332257,0.04085,0.0367,0.03665,0.0309,0.03245,0.26639345,1.3222222,27.0,0.7677419,0.67477477,0.26639345,0.1297989,-0.114597544,-0.095830284,0.8229028,1.7166667,0.8114843,0.51570964,0.7677419,0.748954,0.63382155,0.0,-28.820759,-18.085772,10.734987,17.651895332948598,83.31874260208562,3,"{""geodesic"":false,""type"":""Point"",""coordinates"":[83.31874260208562,17.651895332948598]}"
96,0.0,1.0,0.0,0.02515,0.17936695,0.0175,0.062,0.0487,0.04025,-0.21271394,0.0433,0.03855,0.0388,0.0329,0.03365,0.30555555,1.4289773,0.0,0.7621212,0.6481481,0.30555555,0.1335056,-0.1254061,-0.10047847,0.81536555,1.8693181,0.82479507,0.5153689,0.7621212,0.6930693,0.62329614,0.0,-31.287207,-20.80485,10.482358,17.651895332948598,83.49840565890952,3,"{""geodesic"":false,""type"":""Point"",""coordinates"":[83.49840565890952,17.651895332948598]}"
97,0.0,1.0,0.0,0.02405,0.1277843,0.0186,0.05785,0.04645,0.03905,-0.19401444,0.0434,0.0383,0.0377,0.0329,0.03405,0.2776699,1.2860962,0.0,0.7287879,0.6738568,0.2776699,0.15539947,-0.12072305,-0.085476026,0.8403576,1.7593583,0.8388829,0.51664877,0.7287879,0.77018636,0.61430395,0.0,-31.698128,-20.288748,11.409379,17.651895332948598,83.58823718732147,3,"{""geodesic"":false,""type"":""Point"",""coordinates"":[83.58823718732147,17.651895332948598]}"
98,0.0,1.0,0.0,0.02475,0.18562874,0.017,0.05195,0.0388,0.0323,-0.23323442,0.0404,0.03585,0.035,0.02565,0.0332,0.2028136,1.4473684,0.0,0.9611651,0.6205571,0.2028136,0.017857144,-0.097826086,-0.114754096,0.7916667,1.5,0.8303342,0.6362468,0.9611651,0.6841046,0.7638889,0.0,-31.830307,-21.209642,10.620664,17.651895332948598,83.67806871573343,3,"{""geodesic"":false,""type"":""Point"",""coordinates"":[83.67806871573343,17.651895332948598]}"
99,0.0,1.0,0.0,0.02455,0.17887154,0.0171,0.05065,0.0382,0.03205,-0.2249093,0.0454,0.04,0.03945,0.0287,0.03545,0.2532751,1.4273256,0.0,0.8524306,0.63152707,0.2532751,0.07793427,-0.12306741,-0.055144034,0.89269054,1.6686046,0.83681464,0.64099216,0.8524306,0.693712,0.7636081,0.0,-36.112167,-24.655561,11.456607,17.651895332948598,83.76790024414538,3,"{""geodesic"":false,""type"":""Point"",""coordinates"":[83.76790024414538,17.651895332948598]}"
100,0.0,1.0,0.0,0.0228,0.1632653,0.0164,0.04785,0.03365,0.0259,-0.29762712,0.0362,0.03255,0.03045,0.0236,0.0273,0.18,1.3818182,0.0,0.96202534,0.540146,0.18,0.01724138,-0.14015748,-0.046464648,0.9076923,1.430303,0.7674074,0.6755555,0.96202534,0.7161572,0.8769231,0.0,-36.497734,-24.539955,11.95778,17.651895332948598,83.85773177255733,3,"{""geodesic"":false,""type"":""Point"",""coordinates"":[83.85773177255733,17.651895332948598]}"
101,0.0,1.0,0.0,0.0299,0.085299455,0.0252,0.0525,0.04095,0.0354,-0.19453925,0.03815,0.03555,0.03565,0.03315,0.03195,0.13624679,1.1818181,0.0,0.8992481,0.6730038,0.13624679,0.05154639,-0.088445075,-0.032822758,0.93380284,1.3102766,0.862363,0.72838,0.8992481,0.84,0.8422535,0.0,-36.013157,-24.165129,11.848026,17.651895332948598,83.94756330096928,3,"{""geodesic"":false,""type"":""Point"",""coordinates"":[83.94756330096928,17.651895332948598]}"
102,140.0,-0.76604444,0.64278764,0.24085,0.22694854,0.15175,0.0598,0.08365,0.0918,0.21108179,0.1392,0.2008,0.2334,0.24025,0.2658,0.2257653,1.5861048,128.0,1.0020803,1.5325543,0.2257653,-0.001247142,0.3125926,0.44707122,2.6142547,1.5821534,1.0961194,2.8758209,1.0020803,0.6297987,2.6207836,2.0,-16.587511,-10.255624,6.3318877,17.741726861360547,82.60009037479,3,"{""geodesic"":false,""type"":""Point"",""coordinates"":[82.60009037479,17.741726861360547]}"
103,190.0,-0.9848077,-0.17364818,0.27,0.19760479,0.1809,0.0619,0.08795,0.09505,0.21121377,0.14405,0.2212,0.25185,0.25985,0.27945,0.17912649,1.4917127,99.0,1.0386612,1.5330645,0.17912649,-0.019156365,0.31971663,0.46435615,2.730951,1.4356353,1.0795003,3.0664396,1.0386612,0.66975194,2.8376248,1.0,-17.21785,-10.302847,6.9150033,17.741726861360547,82.68992190320195,3,"{""geodesic"":false,""type"":""Point"",""coordinates"":[82.68992190320195,17.741726861360547]}"
104,65.0,0.42261827,0.9063078,0.23935,0.19570376,0.161,0.0527,0.0764,0.083,0.22328666,0.12895,0.21075,0.2436,0.2468,0.26975,0.21039726,1.4857231,109.0,0.9694208,1.5719697,0.21039726,0.015324488,0.35314772,0.49666464,2.9699159,1.5319678,1.0849674,3.1287582,0.9694208,0.6723742,2.8802648,0.0,-16.890106,-10.757014,6.133092,17.741726861360547,82.86958496002586,3,"{""geodesic"":false,""type"":""Point"",""coordinates"":[82.86958496002586,17.741726861360547]}"
105,104.0,-0.2419219,0.9702957,0.2222,0.22205417,0.14145,0.053,0.07988,0.0795875,0.20052795,0.13040833,0.2323,0.2667,0.2736,0.29676,0.31839538,1.5697633,72.0,0.8118378,1.4988229,0.31839538,0.103670835,0.38942882,0.54931873,3.4334118,1.9328859,0.9950925,2.7781947,0.8118378,0.6363023,2.788392,0.0,-15.838244,-9.2729,6.565345,17.741726861360547,82.95941648843781,3,"{""geodesic"":false,""type"":""Point"",""coordinates"":[82.95941648843781,17.741726861360547]}"
106,227.0,-0.6819984,-0.7313537,0.2866,0.2029381,0.1899,0.0602,0.0901,0.1074,0.28162292,0.1536,0.2123,0.2428,0.2487,0.2723,0.13406293,1.5084211,73.0,1.1519293,1.7810946,0.13406293,-0.07080142,0.27870393,0.39679864,2.3134885,1.3089473,1.1906874,3.1773837,1.1519293,0.66236484,2.6660466,0.0,-17.32157,-10.380956,6.9406133,17.741726861360547,83.04924801684976,3,"{""geodesic"":false,""type"":""Point"",""coordinates"":[83.04924801684976,17.741726861360547]}"
107,88.0,0.034899496,0.99939084,0.2823,0.1617284,0.2037,0.0652,0.0944,0.1252,0.31512606,0.1667,0.2182,0.2434,0.2418,0.2624,0.085521884,1.3851815,84.0,1.1670111,1.9173048,0.085521884,-0.07727533,0.22302493,0.31771117,1.9297686,1.1864573,1.3248677,2.9873016,1.1670111,0.7213173,2.2529929,0.0,-16.711088,-9.001588,7.7095013,17.741726861360547,83.13907954526171,3,"{""geodesic"":false,""type"":""Point"",""coordinates"":[83.13907954526171,17.741726861360547]}"
108,0.0,1.0,0.0,0.02395,0.17690417,0.01675,0.0582,0.04545,0.0386,-0.20247933,0.04155,0.03645,0.0355,0.03045,0.0322,0.29025424,1.421365,0.0,0.7839607,0.6620926,0.29025424,0.1194853,-0.12677966,-0.118030414,0.7868217,1.8071216,0.8474204,0.5257958,0.7839607,0.6964657,0.61886305,0.0,-31.48463,-20.349712,11.134918,17.741726861360547,83.49840565890952,3,"{""geodesic"":false,""type"":""Point"",""coordinates"":[83.49840565890952,17.741726861360547]}"
109,0.0,1.0,0.0,0.02065,0.15202232,0.0152,0.05005,0.0392,0.0313,-0.23048556,0.03945,0.03455,0.03365,0.02455,0.02945,0.23522012,1.3496732,0.0,0.8377282,0.6241276,0.23522012,0.086283185,-0.14513788,-0.120859444,0.7818471,1.6045752,0.7964377,0.5254453,0.8377282,0.7325301,0.6576433,0.0,-31.89973,-20.728392,11.17134,17.741726861360547,83.58823718732147,3,"{""geodesic"":false,""type"":""Point"",""coordinates"":[83.58823718732147,17.741726861360547]}"
110,0.0,1.0,0.0,0.0349,0.11948677,0.02745,0.05605,0.0454,0.03975,-0.17014614,0.046,0.0411,0.0418,0.03345,0.03905,0.098522164,1.2667876,0.0,1.0402385,0.7079252,0.098522164,-0.021214338,-0.081716634,-0.086065575,0.8393977,1.214156,0.87362635,0.767033,1.0402385,0.7842857,0.8757842,0.0,-35.257,-23.49406,11.76294,17.741726861360547,83.76790024414538,3,"{""geodesic"":false,""type"":""Point"",""coordinates"":[83.76790024414538,17.741726861360547]}"
111,0.0,1.0,0.0,0.02435,0.16229117,0.01755,0.0568,0.0417,0.0315,-0.28652322,0.03675,0.0343,0.03405,0.0274,0.0291,0.21913236,1.3796034,0.0,0.88545454,0.5536028,0.21913236,0.0589372,-0.11617312,-0.06960951,0.8670886,1.552408,0.7535885,0.58253586,0.88545454,0.71779144,0.7705696,0.0,-36.5717,-24.179564,12.3921385,17.741726861360547,83.85773177255733,3,"{""geodesic"":false,""type"":""Point"",""coordinates"":[83.85773177255733,17.741726861360547]}"
112,0.0,1.0,0.0,0.02755,0.18113612,0.0191,0.04925,0.0403,0.0346,-0.17471676,0.03915,0.0345,0.03435,0.02805,0.02935,0.18981972,1.4348959,0.0,0.9786856,0.7011145,0.18981972,0.008992806,-0.14306569,-0.10454908,0.80835736,1.4609375,0.85643566,0.6819307,0.9786856,0.6907776,0.7939481,0.0,-36.233788,-24.10798,12.125808,17.741726861360547,83.94756330096928,3,"{""geodesic"":false,""type"":""Point"",""coordinates"":[83.94756330096928,17.741726861360547]}"
113,158.0,-0.92718387,0.37460658,0.2233,0.25449437,0.1327,0.0579,0.07785,0.0766,0.13903345,0.12105,0.1936,0.22595,0.23215,0.2569,0.27257776,1.6814759,844.0,0.9614639,1.3206897,0.27257776,0.019431332,0.35943907,0.5038057,3.0267274,1.7481174,0.9826812,2.864657,0.9614639,0.59400177,2.9113429,3.0,-13.999793,-7.190294,6.809499,17.8315583897725,82.60009037479,3,"{""geodesic"":false,""type"":""Point"",""coordinates"":[82.60009037479,17.8315583897725]}"
114,140.0,-0.76604444,0.64278764,0.2694,0.18067273,0.18695,0.0637,0.08815,0.10245,0.23322299,0.1493,0.2099,0.2405,0.2442,0.2668,0.13278441,1.4402566,65.0,1.1027426,1.6057993,0.13278441,-0.049065422,0.28238404,0.40891388,2.3812773,1.3055333,1.1609066,3.0526912,1.1027426,0.693692,2.6270113,0.0,-16.756462,-10.127104,6.629359,17.8315583897725,82.86958496002586,3,"{""geodesic"":false,""type"":""Point"",""coordinates"":[82.86958496002586,17.8315583897725]}"
115,187.0,-0.99254614,-0.12186934,0.26605,0.18538596,0.18283333,0.0663,0.09395,0.104975,0.22580644,0.1513375,0.2124,0.2418,0.24442,0.2639375,0.14414555,1.454355,58.0,1.08805,1.5809488,0.14414555,-0.042372715,0.2711456,0.39910418,2.326148,1.3361151,1.1161616,2.8288145,1.08805,0.686956,2.532001,0.0,-17.151375,-10.5123825,6.638992,17.8315583897725,82.95941648843781,3,"{""geodesic"":false,""type"":""Point"",""coordinates"":[82.95941648843781,17.8315583897725]}"
116,175.0,-0.9961947,0.087155744,0.196,0.28482464,0.1091,0.044,0.0628,0.0566,0.1252485,0.1077,0.1861,0.2114,0.2214,0.2458,0.3397882,1.7948718,130.0,0.88487583,1.2834467,0.3397882,0.0608529,0.3906648,0.59280574,3.9047618,2.0274725,0.899841,3.1160572,0.88487583,0.5563488,3.4567902,0.0,-11.684813,-5.8322177,5.8525944,17.8315583897725,83.04924801684976,3,"{""geodesic"":false,""type"":""Point"",""coordinates"":[83.04924801684976,17.8315583897725]}"
117,136.0,-0.7193398,0.6946584,0.275,0.16352867,0.1977,0.0617,0.0874,0.1032,0.25166768,0.1496,0.2087,0.2346,0.2347,0.2575,0.08556892,1.3902932,71.0,1.1712096,1.6699029,0.08556892,-0.07906612,0.26504543,0.38916838,2.2720232,1.186552,1.1794286,3.142857,1.1712096,0.7186478,2.6621492,0.0,-17.165869,-9.131173,8.034696,17.8315583897725,83.13907954526171,3,"{""geodesic"":false,""type"":""Point"",""coordinates"":[83.13907954526171,17.8315583897725]}"
118,231.0,-0.6293204,-0.777146,0.2727,0.14076553,0.2054,0.0683,0.0974,0.1207,0.27724868,0.1632,0.2168,0.2462,0.2523,0.2673,0.10246886,1.3270073,90.0,1.0804279,1.7646198,0.10246886,-0.038857143,0.24181184,0.352815,2.088576,1.2277372,1.2379488,2.7969232,1.0804279,0.75293255,2.2574503,0.0,-16.125217,-3.4696276,12.65559,17.8315583897725,83.22891107367366,3,"{""geodesic"":false,""type"":""Point"",""coordinates"":[83.22891107367366,17.8315583897725]}"
119,5.0,0.9961947,0.087155744,0.19045,0.2827075,0.1065,0.0574,0.07525,0.06455,0.058630586,0.11465,0.20795,0.2434,0.2588,0.26615,0.4169176,1.7865853,119.0,0.7356122,1.1226087,0.4169176,0.15214247,0.39784664,0.6007422,4.0030937,2.4277673,0.8566689,2.527538,0.7356122,0.5589084,2.9458623,0.0,-12.496779,-6.4996047,5.9971747,17.8315583897725,83.31874260208562,3,"{""geodesic"":false,""type"":""Point"",""coordinates"":[83.31874260208562,17.8315583897725]}"
120,98.0,-0.1391731,0.99026805,0.24585,0.21783282,0.1579,0.0687,0.08665,0.09085,0.13882795,0.13555,0.18765,0.2111,0.2132,0.2287,0.14901644,1.5560126,24.0,1.152602,1.3204942,0.14901644,-0.07112515,0.25573096,0.4024009,2.344145,1.3493671,1.0472622,2.8340058,1.152602,0.6420004,2.7031336,0.0,-15.673574,-8.769865,6.9037094,17.8315583897725,83.40857413049757,3,"{""geodesic"":false,""type"":""Point"",""coordinates"":[83.40857413049757,17.8315583897725]}"
121,139.0,-0.7547096,0.656059,0.0224,0.13850063,0.01695,0.0605,0.0479,0.0385,-0.22222222,0.0432,0.0379,0.03745,0.03105,0.033,0.29375,1.313783,0.0,0.71910113,0.6353135,0.29375,0.1618335,-0.13385826,-0.10711718,0.80440414,1.8211144,0.8020833,0.46666667,0.71910113,0.75333333,0.5803109,0.0,-31.213074,-20.723011,10.490062,17.8315583897725,83.49840565890952,3,"{""geodesic"":false,""type"":""Point"",""coordinates"":[83.49840565890952,17.8315583897725]}"
122,180.0,-1.0,1.2246469E-16,0.02415,0.16666667,0.01725,0.0583,0.04355,0.03565,-0.24108568,0.04265,0.03755,0.03625,0.0281,0.0338,0.23925027,1.3919308,0.0,0.85638297,0.6104452,0.23925027,0.07559808,-0.115761936,-0.118431374,0.78601396,1.6195966,0.81672394,0.5532646,0.85638297,0.7113402,0.6755245,0.0,-31.773714,-22.009085,9.764629,17.8315583897725,83.58823718732147,3,"{""geodesic"":false,""type"":""Point"",""coordinates"":[83.58823718732147,17.8315583897725]}"
123,0.0,1.0,0.0,0.02835,0.13855422,0.02145,0.0535,0.04325,0.0389,-0.15800866,0.0467,0.04175,0.042,0.03135,0.03845,0.1875,1.3155452,0.0,0.90143085,0.7257463,0.1875,0.050251257,-0.09688784,-0.10747331,0.8038462,1.4547564,0.89734715,0.65397924,0.90143085,0.7539543,0.72692305,0.0,-31.907,-22.20222,9.704778,17.8315583897725,83.67806871573343,3,"{""geodesic"":false,""type"":""Point"",""coordinates"":[83.67806871573343,17.8315583897725]}"
124,0.0,1.0,0.0,0.02675,0.112266116,0.02135,0.05045,0.0387,0.0315,-0.23123856,0.0435,0.0382,0.03925,0.0286,0.03405,0.14514515,1.2470863,0.0,0.9320558,0.6231454,0.14514515,0.033423666,-0.12185687,-0.04825291,0.9050633,1.3333334,0.8118557,0.689433,0.9320558,0.79515827,0.846519,0.0,-31.597002,-20.104124,11.492877,17.8315583897725,83.76790024414538,3,"{""geodesic"":false,""type"":""Point"",""coordinates"":[83.76790024414538,17.8315583897725]}"
125,0.0,1.0,0.0,0.0246,0.16449705,0.01765,0.05735,0.04075,0.03525,-0.2386609,0.04,0.0369,0.0355,0.02925,0.02855,0.24733475,1.3859155,0.0,0.83816016,0.613577,0.24733475,0.08635098,-0.16703136,-0.093023255,0.8274399,1.6478873,0.8629131,0.6022032,0.83816016,0.7145749,0.6958982,0.0,-36.15436,-23.718126,12.4362335,17.8315583897725,83.94756330096928,3,"{""geodesic"":false,""type"":""Point"",""coordinates"":[83.94756330096928,17.8315583897725]}"
126,138.0,-0.7431448,0.6691306,0.2412,0.20569858,0.1589,0.04875,0.06655,0.0694,0.17477782,0.1145,0.18825,0.21555,0.22955,0.2424,0.18187669,1.5169811,1170.0,1.0502939,1.4206755,0.18187669,-0.024747742,0.3583637,0.5357083,3.3028777,1.4437107,1.0412604,3.6189048,1.0502939,0.65851635,3.4705036,1.0,-13.5339775,-7.175088,6.3588896,17.921389918184452,82.60009037479,3,"{""geodesic"":false,""type"":""Point"",""coordinates"":[82.60009037479,17.921389918184452]}"
127,143.0,-0.7986355,0.60181504,0.21275,0.2014683,0.1414,0.06225,0.0845,0.08655,0.16330644,0.1309,0.1957,0.2254,0.229,0.24905,0.23650108,1.5035336,307.0,0.9286338,1.3881315,0.23650108,0.036785513,0.31096196,0.45143402,2.6428158,1.6183746,1.0230496,2.5147755,0.9286338,0.6643176,2.4552798,3.0,-12.449531,-6.2018895,6.2476406,17.921389918184452,82.68992190320195,3,"{""geodesic"":false,""type"":""Point"",""coordinates"":[82.68992190320195,17.921389918184452]}"
128,162.0,-0.95105654,0.309017,0.26045,0.1899486,0.1773,0.065,0.0884,0.10365,0.22917284,0.1438,0.19915,0.22475,0.23075,0.25105,0.13098885,1.4681511,342.0,1.1282218,1.592166,0.13098885,-0.06046417,0.27162212,0.38008374,2.2240963,1.3007329,1.1711864,2.9429379,1.1282218,0.6804836,2.5103614,2.0,-16.211153,-9.218802,6.992351,17.921389918184452,82.7797534316139,3,"{""geodesic"":false,""type"":""Point"",""coordinates"":[82.7797534316139,17.921389918184452]}"
129,145.0,-0.81915206,0.57357645,0.24905,0.2073688,0.1635,0.06225,0.08575,0.09195,0.192607,0.13475,0.1955,0.2206,0.22665,0.24975,0.16186082,1.5223105,133.0,1.0983462,1.4747394,0.16186082,-0.0470885,0.29908973,0.4227872,2.4622488,1.3853912,1.0710542,2.90099,1.0983462,0.65623116,2.7055948,1.0,-16.523113,-9.803397,6.719715,17.921389918184452,82.86958496002586,3,"{""geodesic"":false,""type"":""Point"",""coordinates"":[82.86958496002586,17.921389918184452]}"
130,161.0,-0.94551855,0.32556817,0.2898,0.17948718,0.2016,0.06852,0.1006875,0.11647143,0.25920892,0.1558,0.2195875,0.2516,0.26063332,0.274275,0.12771328,1.4367874,124.0,1.1114805,1.6973394,0.12771328,-0.052988555,0.2754752,0.3822861,2.235825,1.2921832,1.1556138,2.8753567,1.1114805,0.6954122,2.4860294,1.0,-17.136786,-10.562366,6.57442,17.921389918184452,82.95941648843781,3,"{""geodesic"":false,""type"":""Point"",""coordinates"":[82.95941648843781,17.921389918184452]}"
131,346.0,0.9702957,-0.2419219,0.2813,0.17330553,0.1982,0.0605,0.0857,0.1007,0.24937965,0.1442,0.2138,0.2453,0.2499,0.2675,0.11537603,1.4185578,99.0,1.1252,1.6617162,0.11537603,-0.059111446,0.29948992,0.42555618,2.4791667,1.2602118,1.1736597,3.2785547,1.1252,0.70433545,2.7906747,0.0,-16.98928,-9.937786,7.0514946,17.921389918184452,83.04924801684976,3,"{""geodesic"":false,""type"":""Point"",""coordinates"":[83.04924801684976,17.921389918184452]}"
132,291.0,0.35836795,-0.9335804,0.2074,0.2128655,0.1346,0.0525,0.0733,0.0764,0.18541504,0.1195,0.1787,0.204,0.2054,0.2243,0.2082353,1.5397179,87.0,1.0092458,1.4524715,0.2082353,-0.004844961,0.30482838,0.45777148,2.6849673,1.52487,1.040872,2.825613,1.0092458,0.6486747,2.711111,0.0,-16.03043,-9.0080185,7.0224104,17.921389918184452,83.13907954526171,3,"{""geodesic"":false,""type"":""Point"",""coordinates"":[83.13907954526171,17.921389918184452]}"
133,48.0,0.6691306,0.7431448,0.26135,0.25664142,0.1546,0.0771,0.1012,0.0969,0.113793105,0.1606,0.26145,0.2953,0.30595,0.32255,0.3286288,1.6893989,100.0,0.85394543,1.2551813,0.3286288,0.07861801,0.3351961,0.51892763,3.1541238,1.9776988,0.95656466,2.5799606,0.85394543,0.59131765,2.69433,0.0,-15.576017,-9.285418,6.2906,17.921389918184452,83.31874260208562,3,"{""geodesic"":false,""type"":""Point"",""coordinates"":[83.31874260208562,17.921389918184452]}"
134,180.0,-1.0,1.2246469E-16,0.2785,0.17004517,0.19755,0.0791,0.10375,0.11695,0.19306299,0.16035,0.2262,0.2586,0.26345,0.2786,0.1429501,1.4090564,19.0,1.0567255,1.4766414,0.1429501,-0.027770089,0.26939288,0.38512093,2.2507474,1.3329117,1.1261435,2.6817524,1.0567255,0.7090811,2.3793252,0.0,-16.902174,-9.486244,7.415929,17.921389918184452,83.40857413049757,3,"{""geodesic"":false,""type"":""Point"",""coordinates"":[83.40857413049757,17.921389918184452]}"
135,146.0,-0.82903755,0.5591929,0.02115,0.17174515,0.01495,0.0609,0.05965,0.04055,-0.20059143,0.048,0.0452,0.04625,0.03625,0.0395,0.41601562,1.4053156,29.0,0.5818432,0.6647541,0.41601562,0.2630662,-0.09714286,-0.055989582,0.8917589,2.4086378,0.6786611,0.3539749,0.5818432,0.7035294,0.5202952,0.0,-27.049417,-19.637701,7.411716,17.921389918184452,83.49840565890952,3,"{""geodesic"":false,""type"":""Point"",""coordinates"":[83.49840565890952,17.921389918184452]}"
136,105.0,-0.25881904,0.9659258,0.0188,0.13423832,0.01435,0.05715,0.0465,0.0349,-0.24171646,0.04145,0.03635,0.03595,0.02595,0.03085,0.2878412,1.301038,1.0,0.72168905,0.609607,0.2878412,0.15977654,-0.14661135,-0.14708298,0.74142855,1.7958478,0.74892706,0.40343347,0.72168905,0.7592593,0.5371429,0.0,-31.882572,-22.305857,9.5767145,17.921389918184452,83.58823718732147,3,"{""geodesic"":false,""type"":""Point"",""coordinates"":[83.58823718732147,17.921389918184452]}"
137,90.0,6.123234E-17,1.0,0.02255,0.15345268,0.01655,0.05805,0.0469,0.0373,-0.2176193,0.04255,0.0375,0.0369,0.031,0.0325,0.30389065,1.3543544,0.0,0.7250804,0.64144456,0.30389065,0.15779646,-0.13391073,-0.09224012,0.82887703,1.8618618,0.793617,0.47978723,0.7250804,0.73068434,0.60294116,0.0,-31.912184,-21.779596,10.132587,17.921389918184452,83.67806871573343,3,"{""geodesic"":false,""type"":""Point"",""coordinates"":[83.67806871573343,17.921389918184452]}"
138,0.0,1.0,0.0,0.0275,0.15911485,0.01995,0.0631,0.05095,0.04585,-0.1583295,0.05135,0.0451,0.0438,0.0378,0.0392,0.3090909,1.3715711,0.0,0.7255937,0.72547466,0.3090909,0.15773354,-0.13418001,-0.09623431,0.8226333,1.8852868,0.89813906,0.5386876,0.7255937,0.72282606,0.5984766,0.0,-36.517982,-23.449244,13.068737,17.921389918184452,83.85773177255733,3,"{""geodesic"":false,""type"":""Point"",""coordinates"":[83.85773177255733,17.921389918184452]}"
139,0.0,1.0,0.0,0.0333,0.13169074,0.02555,0.06665,0.0524,0.0457,-0.18647085,0.0525,0.0468,0.044,0.03905,0.03945,0.20897833,1.2982457,0.0,0.85057473,0.6846442,0.20897833,0.07947478,-0.14192496,-0.07846608,0.85262007,1.5224172,0.8704762,0.6342857,0.85057473,0.76497006,0.72707427,0.0,-36.117195,-23.318937,12.798258,17.921389918184452,83.94756330096928,3,"{""geodesic"":false,""type"":""Point"",""coordinates"":[83.94756330096928,17.921389918184452]}"
140,342.0,0.95105654,-0.309017,0.2377,0.18494517,0.1635,0.0449,0.0639,0.0751,0.25166667,0.1119,0.1757,0.2027,0.2093,0.2277,0.12285408,1.452934,1148.0,1.135148,1.6688889,0.12285408,-0.06353468,0.3409894,0.4718706,2.7832446,1.2793399,1.1734375,3.7140625,1.135148,0.6875526,3.1609042,0.0,-14.367453,-8.014173,6.35328,18.011221446596405,82.60009037479,3,"{""geodesic"":false,""type"":""Point"",""coordinates"":[82.60009037479,18.011221446596405]}"
141,151.0,-0.8746197,0.4848096,0.2323,0.19896774,0.1552,0.0588,0.071,0.0792,0.14782609,0.1148,0.164,0.1937,0.1985,0.2194,0.12242013,1.4958146,851.0,1.1696879,1.3446519,0.12242013,-0.07845868,0.31298622,0.4296003,2.5031526,1.2781713,1.113924,3.2672293,1.1696879,0.66781414,2.929382,3.0,-13.681244,-7.2854257,6.3958178,18.011221446596405,82.68992190320195,3,"{""geodesic"":false,""type"":""Point"",""coordinates"":[82.68992190320195,18.011221446596405]}"
142,147.0,-0.83867055,0.54463905,0.2236,0.1576495,0.1627,0.0566,0.0689,0.0753,0.14177407,0.1104,0.1807,0.2044,0.2111,0.2366,0.129481,1.3734643,678.0,1.0587121,1.3280423,0.129481,-0.028755464,0.36368877,0.474162,2.7997348,1.2966831,1.0913043,3.2405796,1.0587121,0.72731334,2.9655173,3.0,-14.485833,-8.297705,6.188129,18.011221446596405,82.7797534316139,3,"{""geodesic"":false,""type"":""Point"",""coordinates"":[82.7797534316139,18.011221446596405]}"
143,147.0,-0.83867055,0.54463905,0.2218,0.23910615,0.1362,0.0573,0.0748,0.0796,0.16289262,0.1235,0.1899,0.2188,0.223,0.2477,0.24164811,1.6272928,388.0,0.994173,1.3867596,0.24164811,0.0026978417,0.33459052,0.47389293,2.7979925,1.6360968,1.0627503,2.9612818,0.994173,0.61379,2.782936,3.0,-12.974631,-6.772759,6.2018723,18.011221446596405,82.86958496002586,3,"{""geodesic"":false,""type"":""Point"",""coordinates"":[82.86958496002586,18.011221446596405]}"
144,141.0,-0.777146,0.6293204,0.25267777,0.2031002,0.16736667,0.057051852,0.07950435,0.08612667,0.20306689,0.13063334,0.21433,0.2462125,0.25086874,0.27313334,0.19965331,1.5088243,223.0,1.0068097,1.5069795,0.19965331,-0.0035925733,0.3529266,0.48885557,2.9094102,1.498022,1.0819342,3.1741705,1.0068097,0.6621099,2.9303901,1.0,-14.635808,-8.3665285,6.26928,18.011221446596405,82.95941648843781,3,"{""geodesic"":false,""type"":""Point"",""coordinates"":[82.95941648843781,18.011221446596405]}"
145,80.0,0.17364818,0.9848077,0.30506667,0.13944224,0.2304,0.07925,0.10558421,0.13245,0.251299,0.17094444,0.21765,0.24174,0.2494375,0.2651775,0.03967489,1.3234997,64.0,1.2225283,1.6691872,0.03967489,-0.10032236,0.21607043,0.30634022,1.881837,1.0821583,1.2532619,2.886587,1.2225283,0.75499725,2.3015215,0.0,-18.634556,-11.273243,7.3613133,18.011221446596405,83.13907954526171,3,"{""geodesic"":false,""type"":""Point"",""coordinates"":[83.13907954526171,18.011221446596405]}"
146,24.0,0.9135454,0.40673664,0.214,0.17808974,0.1493,0.0626,0.08485,0.08801667,0.16875069,0.12928,0.17931041,0.2027,0.206175,0.2227,0.15999718,1.4323963,57.0,1.03745,1.4037746,0.15999718,-0.018623192,0.2654128,0.40163726,2.3397958,1.38002,1.0360997,2.5191288,1.03745,0.6973377,2.4285984,0.0,-17.908018,-10.56169,7.346327,18.011221446596405,83.22891107367366,3,"{""geodesic"":false,""type"":""Point"",""coordinates"":[83.22891107367366,18.011221446596405]}"
147,12.0,0.9781476,0.20791169,0.2561,0.17571445,0.17955,0.072,0.10055,0.104,0.18181819,0.14955,0.23455,0.2744,0.28,0.29845,0.21858339,1.4255496,37.0,0.9143163,1.4424411,0.21858339,0.044581234,0.33236608,0.45833334,2.6897213,1.5585861,1.0332837,2.544461,0.9143163,0.7008197,2.4601345,0.0,-16.47021,-9.161663,7.308547,18.011221446596405,83.31874260208562,3,"{""geodesic"":false,""type"":""Point"",""coordinates"":[83.31874260208562,18.011221446596405]}"
148,153.0,-0.8910065,0.4539905,0.29215,0.13412267,0.22305,0.08025,0.1056,0.1297,0.23553227,0.1658,0.20675,0.23045,0.23225,0.24905,0.020206457,1.3092091,33.0,1.2573704,1.614188,0.020206457,-0.11422578,0.20067494,0.28332642,1.7892913,1.0407797,1.2270577,2.7639546,1.2573704,0.76321644,2.2507703,0.0,-17.750359,-10.135812,7.6145463,18.011221446596405,83.40857413049757,3,"{""geodesic"":false,""type"":""Point"",""coordinates"":[83.40857413049757,18.011221446596405]}"
149,75.0,0.25881904,0.9659258,0.2855,0.14693181,0.21235,0.0788,0.10835,0.1232,0.21980198,0.1637,0.21945,0.24995,0.2514,0.27055,0.08420485,1.3438456,28.0,1.1351888,1.5614703,0.08420485,-0.06351276,0.24605642,0.34223172,2.0389295,1.1833372,1.1360074,2.6325495,1.1351888,0.7435224,2.3154907,0.0,-17.558105,-10.926939,6.6311655,18.011221446596405,83.49840565890952,3,"{""geodesic"":false,""type"":""Point"",""coordinates"":[83.49840565890952,18.011221446596405]}"
150,154.0,-0.89879405,0.43837115,0.0201,0.1754386,0.0141,0.0595,0.05145,0.0356,-0.2513144,0.04155,0.03655,0.0356,0.02845,0.0312,0.3372503,1.415493,0.0,0.704028,0.59731543,0.3372503,0.17198764,-0.14226805,-0.111631535,0.79691875,2.0035212,0.69059163,0.3899127,0.704028,0.6980198,0.56302524,0.0,-31.992834,-21.817513,10.175323,18.011221446596405,83.67806871573343,3,"{""geodesic"":false,""type"":""Point"",""coordinates"":[83.67806871573343,18.011221446596405]}"
151,0.0,1.0,0.0,0.02285,0.13540372,0.0174,0.0598,0.0487,0.0395,-0.20443101,0.04335,0.0375,0.03725,0.0283,0.03195,0.23851204,1.3057142,0.0,0.80457747,0.6594324,0.23851204,0.10654937,-0.15139443,-0.16519174,0.71464646,1.6171429,0.80942625,0.4682377,0.80457747,0.75816995,0.5770202,0.0,-31.636232,-20.165562,11.47067,18.011221446596405,83.76790024414538,3,"{""geodesic"":false,""type"":""Point"",""coordinates"":[83.76790024414538,18.011221446596405]}"
152,61.0,0.4848096,0.8746197,0.278,0.17696866,0.1944,0.0519,0.074,0.0947,0.29195088,0.1342,0.1935,0.2181,0.2261,0.2462,0.07538644,1.4293059,1046.0,1.2290009,1.8211539,0.07538644,-0.102955766,0.29442692,0.409601,2.3850212,1.1624678,1.2780027,3.7516868,1.2290009,0.69902915,2.9324894,1.0,-16.807888,-9.992944,6.8149443,18.101052975008358,82.60009037479,3,"{""geodesic"":false,""type"":""Point"",""coordinates"":[82.60009037479,18.101052975008358]}"
153,213.0,-0.83867055,-0.54463905,0.2828,0.13986295,0.2134,0.0679,0.0926,0.1182,0.2702848,0.1526,0.1986,0.2224,0.2309,0.251,0.0393878,1.3245902,1128.0,1.2242424,1.7382352,0.0393878,-0.10103173,0.24380575,0.32283014,1.9518174,1.0814989,1.2750809,3.0507011,1.2242424,0.75433016,2.3905325,1.0,-18.38459,-11.255424,7.1291656,18.101052975008358,82.68992190320195,3,"{""geodesic"":false,""type"":""Point"",""coordinates"":[82.68992190320195,18.101052975008358]}"
154,146.0,-0.82903755,0.5591929,0.2871,0.17399305,0.202,0.0662,0.0949,0.1111,0.2532431,0.1496,0.1967,0.2224,0.2283,0.2489,0.06112015,1.4205838,1105.0,1.2570052,1.6757164,0.06112015,-0.11408614,0.24918444,0.34531525,2.0530577,1.1296388,1.1694736,3.0221052,1.2570052,0.7033426,2.5818346,2.0,-16.32617,-10.015395,6.310775,18.101052975008358,82.7797534316139,3,"{""geodesic"":false,""type"":""Point"",""coordinates"":[82.7797534316139,18.101052975008358]}"
155,137.0,-0.7313537,0.6819984,0.2573,0.19286045,0.1741,0.0572,0.0718,0.0818,0.17697842,0.1233,0.1877,0.2123,0.2204,0.2373,0.11736375,1.4770379,870.0,1.1668935,1.4275742,0.11736375,-0.07724513,0.31613976,0.45863667,2.6910868,1.2652124,1.1376913,3.5785813,1.1668935,0.6763792,3.1416361,4.0,-14.580822,-7.4982324,7.082589,18.101052975008358,82.86958496002586,3,"{""geodesic"":false,""type"":""Point"",""coordinates"":[82.86958496002586,18.101052975008358]}"
156,144.0,-0.809017,0.58778524,0.2311,0.2225896,0.14695,0.0482,0.06785,0.07485,0.21657863,0.1177,0.18695,0.21965,0.2263,0.2476,0.2125921,1.5715743,437.0,1.0207597,1.5496894,0.2125921,-0.010494097,0.35559815,0.50290555,3.0193462,1.5389323,1.1015452,3.40103,1.0207597,0.6355969,3.083389,3.0,-11.931288,-5.576108,6.3551803,18.101052975008358,82.95941648843781,3,"{""geodesic"":false,""type"":""Point"",""coordinates"":[82.95941648843781,18.101052975008358]}"
157,145.0,-0.81915206,0.57357645,0.222,0.23780318,0.1367,0.0376,0.0578,0.0638,0.25838265,0.1084,0.1881,0.2238,0.2307,0.2514,0.25585192,1.622807,307.0,0.96187174,1.6923077,0.25585192,0.019218026,0.39744303,0.5667233,3.6103287,1.6864035,1.1018999,3.8341968,0.96187174,0.6154885,3.4741783,2.0,-13.147315,-6.967073,6.1802416,18.101052975008358,83.04924801684976,3,"{""geodesic"":false,""type"":""Point"",""coordinates"":[83.04924801684976,18.101052975008358]}"
158,101.0,-0.190809,0.98162717,0.2891,0.17317642,0.20375,0.07225,0.0952,0.11125,0.21253406,0.1534,0.21495,0.2447,0.2535,0.27265,0.108802624,1.4181997,79.0,1.1399843,1.5376642,0.108802624,-0.06561003,0.27989674,0.38999313,2.2766054,1.2435614,1.1673663,3.0335782,1.1399843,0.70452976,2.596318,1.0,-16.65852,-7.8313317,8.8271885,18.101052975008358,83.13907954526171,3,"{""geodesic"":false,""type"":""Point"",""coordinates"":[83.13907954526171,18.101052975008358]}"
159,121.0,-0.5150381,0.8571673,0.26,0.14689016,0.1934,0.07375,0.1019,0.12375,0.25316456,0.15555,0.19675,0.21715,0.2286,0.2417,0.08341232,1.3436693,52.0,1.1368605,1.675694,0.08341232,-0.06426525,0.21686596,0.29757345,1.8457812,1.1813953,1.2132353,2.5490196,1.1368605,0.7435602,2.0993137,0.0,-17.156673,-9.49452,7.662153,18.101052975008358,83.22891107367366,3,"{""geodesic"":false,""type"":""Point"",""coordinates"":[83.22891107367366,18.101052975008358]}"
160,154.0,-0.89879405,0.43837115,0.27355,0.13130687,0.21005,0.10325,0.12785,0.1428,0.16073969,0.18275,0.2474,0.27125,0.26955,0.28365,0.12406172,1.3016893,54.0,1.0144632,1.3817127,0.12406172,-0.007365126,0.2163379,0.3073845,1.8862841,1.2826552,1.116061,2.1379445,1.0144632,0.76758635,1.9142758,0.0,-16.116053,-5.110451,11.005601,18.101052975008358,83.40857413049757,3,"{""geodesic"":false,""type"":""Point"",""coordinates"":[83.40857413049757,18.101052975008358]}"
161,159.0,-0.9335804,0.35836795,0.2185,0.1896012,0.14885,0.06485,0.0843,0.08775,0.15006553,0.1216,0.2524,0.30825,0.3131,0.3362,0.35555795,1.4669352,22.0,0.6976373,1.3510393,0.35555795,0.17795335,0.46876365,0.56218034,3.5640297,2.1020477,1.0396919,2.5888627,0.6976373,0.68092406,2.487194,0.0,-16.313416,-9.256004,7.0574107,18.101052975008358,83.49840565890952,3,"{""geodesic"":false,""type"":""Point"",""coordinates"":[83.49840565890952,18.101052975008358]}"
162,176.0,-0.9975641,0.06975647,0.2288,0.13972603,0.1727,0.08025,0.1,0.1075,0.14513981,0.1425,0.19465,0.2208,0.21995,0.23805,0.120336175,1.324074,36.0,1.0397637,1.3378967,0.120336175,-0.019721448,0.25108397,0.3434112,2.0441449,1.2728587,1.0739261,2.2857144,1.0397637,0.7544779,2.126394,0.0,-16.52539,-6.3189807,10.206409,18.101052975008358,83.58823718732147,3,"{""geodesic"":false,""type"":""Point"",""coordinates"":[83.58823718732147,18.101052975008358]}"
163,142.0,-0.7880108,0.6156615,0.17515,0.24175824,0.10695,0.0564,0.07225,0.07295,0.12794743,0.10555,0.1761,0.2026,0.2042,0.2173,0.31255022,1.6361513,17.0,0.8573177,1.2911505,0.31255022,0.07657836,0.34613597,0.47357026,2.7953455,1.9075198,1.008293,2.4208708,0.8573177,0.61027104,2.397673,0.0,-17.042807,-9.520039,7.5227675,18.101052975008358,83.67806871573343,3,"{""geodesic"":false,""type"":""Point"",""coordinates"":[83.67806871573343,18.101052975008358]}"
164,167.0,-0.97437006,0.22495106,0.02265,0.19053876,0.0154,0.06155,0.0575,0.0431,-0.17630196,0.04645,0.0403,0.038,0.03135,0.03195,0.34117648,1.4612904,0.0,0.72019076,0.6991079,0.34117648,0.16111112,-0.18494898,-0.15782404,0.7256944,2.0225806,0.7482639,0.39322916,0.72019076,0.6769231,0.5243056,0.0,-31.199999,-21.865732,9.334266,18.101052975008358,83.76790024414538,3,"{""geodesic"":false,""type"":""Point"",""coordinates"":[83.76790024414538,18.101052975008358]}"
165,0.0,1.0,0.0,0.0168,0.12941177,0.01295,0.0512,0.03945,0.0307,-0.25030527,0.0309,0.0269,0.0266,0.02295,0.0227,0.27855152,1.2873564,0.0,0.7288503,0.5984405,0.27855152,0.15471698,-0.15298508,-0.1444548,0.7451299,1.7586207,0.7762326,0.42477876,0.7288503,0.7662722,0.54545456,0.0,-35.788807,-22.654446,13.134362,18.101052975008358,83.94756330096928,3,"{""geodesic"":false,""type"":""Point"",""coordinates"":[83.94756330096928,18.101052975008358]}"
166,0.0,1.0,0.0,0.0226,0.16645162,0.01615,0.05635,0.04495,0.0394,-0.1770235,0.04365,0.0375,0.0368,0.0313,0.03285,0.31928346,1.3907692,0.0,0.7197452,0.6979628,0.31928346,0.16141002,-0.14117648,-0.1145686,0.79240507,1.9261539,0.8745838,0.5016648,0.7197452,0.71145374,0.5721519,0.0,-35.24025,-22.733175,12.507072,18.101052975008358,84.03739482938123,3,"{""geodesic"":false,""type"":""Point"",""coordinates"":[84.03739482938123,18.101052975008358]}"
167,0.0,1.0,0.0,0.0272,0.1724138,0.0192,0.06155,0.05195,0.04735,-0.13039486,0.0532,0.0476,0.04685,0.0403,0.0431,0.35462186,1.4093264,0.0,0.6732673,0.7680454,0.35462186,0.19407408,-0.10488058,-0.08043354,0.84931505,2.0880828,0.9097022,0.5225744,0.6732673,0.7032967,0.573235,0.0,-33.937397,-22.237852,11.699545,18.101052975008358,84.12722635779319,3,"{""geodesic"":false,""type"":""Point"",""coordinates"":[84.12722635779319,18.101052975008358]}"
168,0.0,1.0,0.0,0.0251,0.11061947,0.0201,0.0566,0.0422,0.0366,-0.21459228,0.0369,0.0319,0.0338,0.0269,0.0296,0.14468086,1.2425742,0.0,0.9296296,0.6455026,0.14468086,0.034615386,-0.10977443,-0.1527559,0.73297,1.3316832,0.8652482,0.59338063,0.9296296,0.79761904,0.6839237,0.0,-32.119232,-21.517399,10.601832,18.101052975008358,84.21705788620514,3,"{""geodesic"":false,""type"":""Point"",""coordinates"":[84.21705788620514,18.101052975008358]}"
169,0.0,1.0,0.0,0.0313,0.11785714,0.0247,0.0642,0.0556,0.0511,-0.11361665,0.0588,0.053,0.0515,0.0455,0.0501,0.2962963,1.2620968,0.0,0.6864035,0.7947123,0.2962963,0.18489583,-0.079889804,-0.057971016,0.8886719,1.8346775,0.9174147,0.56193894,0.6864035,0.7866242,0.6113281,0.0,-32.783283,-22.06993,10.713355,18.101052975008358,84.30688941461709,3,"{""geodesic"":false,""type"":""Point"",""coordinates"":[84.30688941461709,18.101052975008358]}"
170,0.0,1.0,0.0,0.037,0.102831595,0.0301,0.0706,0.0571,0.0526,-0.14610389,0.0579,0.0528,0.0533,0.0468,0.0519,0.21716514,1.2251656,0.0,0.7889126,0.7439887,0.21716514,0.11694511,-0.05464481,-0.0583501,0.88804555,1.5496689,0.9195804,0.64685315,0.7889126,0.8113208,0.7020873,0.0,-33.627922,-21.81944,11.808482,18.101052975008358,84.39672094302904,3,"{""geodesic"":false,""type"":""Point"",""coordinates"":[84.39672094302904,18.101052975008358]}"
171,0.0,1.0,0.0,0.035,0.08695652,0.0294,0.0623,0.0505,0.0419,-0.19577736,0.0529,0.0479,0.0483,0.0417,0.0466,0.17299578,1.1864407,0.0,0.83732057,0.67147434,0.17299578,0.08735333,-0.06331658,-0.0023923444,0.99285716,1.4135593,0.82806325,0.6916996,0.83732057,0.83760685,0.8333333,0.0,-33.52527,-21.240839,12.28443,18.101052975008358,84.48655247144099,3,"{""geodesic"":false,""type"":""Point"",""coordinates"":[84.48655247144099,18.101052975008358]}"
172,0.0,1.0,0.0,0.0393,0.16964285,0.0279,0.0623,0.0494,0.0432,-0.18104266,0.0557,0.0513,0.0525,0.0443,0.0509,0.22714682,1.4035715,0.0,0.8851351,0.6923077,0.22714682,0.059808612,-0.045028143,0.012571429,1.0230947,1.5821428,0.8727273,0.7939394,0.8851351,0.70812184,0.90762126,0.0,-34.12681,-21.734222,12.392588,18.101052975008358,84.57638399985295,3,"{""geodesic"":false,""type"":""Point"",""coordinates"":[84.57638399985295,18.101052975008358]}"
173,0.0,1.0,0.0,0.0365,0.0960961,0.0301,0.0519,0.0408,0.0393,-0.13815789,0.0415,0.0389,0.0392,0.0352,0.0396,0.07810107,1.2086092,0.0,1.0339943,0.75576925,0.07810107,-0.018131102,-0.023427866,-0.055033557,0.893401,1.1655629,0.9608802,0.89242053,1.0339943,0.8224044,0.92639595,0.0,-33.94912,-21.061401,12.88772,18.101052975008358,84.6662155282649,3,"{""geodesic"":false,""type"":""Point"",""coordinates"":[84.6662155282649,18.101052975008358]}"
174,0.0,1.0,0.0,0.0347,0.07098766,0.0301,0.0522,0.0398,0.0359,-0.18501702,0.0404,0.0349,0.0364,0.0309,0.0331,0.013114754,1.1490066,0.0,1.1193548,0.6864245,0.013114754,-0.05792683,-0.099319726,-0.0748503,0.85833335,1.0231788,0.8997494,0.8696742,1.1193548,0.86494255,0.9638889,0.0,-33.655144,-21.227995,12.427148,18.101052975008358,84.75604705667685,3,"{""geodesic"":false,""type"":""Point"",""coordinates"":[84.75604705667685,18.101052975008358]}"
175,0.0,1.0,0.0,0.039,0.083333336,0.033,0.0528,0.0439,0.0436,-0.09543569,0.0502,0.0472,0.0466,0.0427,0.0458,0.12813738,1.1782477,0.0,0.91121495,0.8241966,0.12813738,0.04528764,-0.045833334,-0.010428737,0.9771167,1.2900302,0.9909091,0.8863636,0.91121495,0.8439898,0.8924485,0.0,-33.496284,-20.521307,12.9749775,18.101052975008358,84.8458785850888,3,"{""geodesic"":false,""type"":""Point"",""coordinates"":[84.8458785850888,18.101052975008358]}"
176,0.0,1.0,0.0,0.0267,0.16976999,0.01895,0.04835,0.0405,0.03615,-0.14437869,0.0361,0.0323,0.03245,0.02875,0.03025,0.20545073,1.4015749,0.0,0.9254766,0.74613005,0.20545073,0.036970243,-0.0881688,-0.11402157,0.79310346,1.5091864,0.8903941,0.65763545,0.9254766,0.70708954,0.7365517,0.0,-32.80713,-20.352106,12.455021,18.101052975008358,84.93571011350076,3,"{""geodesic"":false,""type"":""Point"",""coordinates"":[84.93571011350076,18.101052975008358]}"
177,19.0,0.94551855,0.32556817,0.2221,0.1976274,0.1488,0.04925,0.0691,0.06995,0.17365772,0.11625,0.1884,0.21545,0.22285,0.24265,0.1992466,1.4916052,1097.0,0.9961875,1.4174266,0.1992466,0.0016855827,0.35218725,0.52219945,3.181299,1.496642,1.0108382,3.2095375,0.9961875,0.66966695,3.1705925,0.0,-13.499064,-6.2219725,7.277092,18.19088450342031,82.7797534316139,3,"{""geodesic"":false,""type"":""Point"",""coordinates"":[82.7797534316139,18.19088450342031]}"
178,329.0,0.8571673,-0.5150381,0.21585,0.2437338,0.13125,0.05015,0.06775,0.06785,0.15,0.11865,0.2139,0.2446,0.25195,0.27335,0.31497914,1.6433194,1141.0,0.8563777,1.3502488,0.31497914,0.07716973,0.39464286,0.57567227,3.7078733,1.9181576,1.0,3.1812823,0.8563777,0.60777956,3.1766005,0.0,-15.407069,-8.831053,6.576016,18.19088450342031,82.86958496002586,3,"{""geodesic"":false,""type"":""Point"",""coordinates"":[82.86958496002586,18.19088450342031]}"
179,108.0,-0.309017,0.95105654,0.21705,0.24152724,0.1326,0.0447,0.0656,0.06195,0.16174403,0.10825,0.173,0.20035,0.206,0.22625,0.21677496,1.6356443,1156.0,1.0531296,1.3828125,0.21677496,-0.026119843,0.35276532,0.5376003,3.3199034,1.5523738,0.94292235,3.303653,1.0531296,0.6106378,3.4979856,1.0,-11.903094,-5.3046045,6.5984898,18.19088450342031,82.95941648843781,3,"{""geodesic"":false,""type"":""Point"",""coordinates"":[82.95941648843781,18.19088450342031]}"
180,98.0,-0.1391731,0.99026805,0.2202,0.24617997,0.1332,0.03935,0.0668,0.06335,0.23369037,0.11315,0.2052,0.23835,0.2424,0.2676,0.29073483,1.6519129,458.0,0.90804124,1.6058302,0.29073483,0.047989625,0.40564674,0.58560914,3.8203309,1.8184546,0.9469357,3.2914798,0.90804124,0.60463005,3.4704492,2.0,-12.226965,-5.3604736,6.866492,18.19088450342031,83.04924801684976,3,"{""geodesic"":false,""type"":""Point"",""coordinates"":[83.04924801684976,18.19088450342031]}"
181,142.0,-0.7880108,0.6156615,0.2528,0.23543067,0.15645,0.0539,0.0749,0.0779,0.18209408,0.12285,0.1989,0.231,0.2395,0.2619,0.2097487,1.6148195,319.0,1.0550919,1.4425926,0.2097487,-0.027016047,0.3614035,0.50913674,3.0705128,1.5298626,1.0386667,3.3706667,1.0550919,0.618624,3.2410257,1.0,-14.33349,-7.6775084,6.6559815,18.19088450342031,83.13907954526171,3,"{""geodesic"":false,""type"":""Point"",""coordinates"":[83.13907954526171,18.19088450342031]}"
182,84.0,0.104528464,0.9945219,0.2982,0.16758026,0.2126,0.0788,0.10685,0.126,0.23046875,0.17325,0.22915,0.25835,0.2634,0.283,0.10672269,1.4019746,52.0,1.1316888,1.5969582,0.10672269,-0.061965812,0.24054794,0.35285053,2.0888183,1.2383639,1.1781206,2.7882187,1.1316888,0.7127053,2.36479,0.0,-15.781134,-8.571519,7.2096143,18.19088450342031,83.40857413049757,3,"{""geodesic"":false,""type"":""Point"",""coordinates"":[83.40857413049757,18.19088450342031]}"
183,255.0,-0.25881904,-0.9659258,0.2606,0.1786522,0.1816,0.076,0.1005,0.1124,0.19320594,0.1489,0.2242,0.2574,0.262,0.2816,0.18124436,1.4342322,74.0,0.994277,1.4770039,0.18124436,0.002678913,0.30824623,0.39957264,2.328889,1.4419372,1.1172962,2.5904572,0.994277,0.69658613,2.3164444,0.0,-15.838713,-8.966244,6.8724685,18.19088450342031,83.58823718732147,3,"{""geodesic"":false,""type"":""Point"",""coordinates"":[83.58823718732147,18.19088450342031]}"
184,155.0,-0.9063078,0.42261827,0.2336,0.2013371,0.1553,0.0659,0.0872,0.0999,0.20506634,0.1415,0.2219,0.263,0.2657,0.2852,0.26223278,1.5032175,30.0,0.8788563,1.5136364,0.26223278,0.06429001,0.33677056,0.4535011,2.657,1.7097812,1.1443299,2.6758304,0.8788563,0.6645272,2.336,0.0,-14.8471155,-7.9078383,6.9392767,18.19088450342031,83.76790024414538,3,"{""geodesic"":false,""type"":""Point"",""coordinates"":[83.76790024414538,18.19088450342031]}"
185,117.0,-0.4539905,0.8910065,0.021,0.17154811,0.01485,0.05875,0.058,0.0429,-0.1559272,0.0446,0.03925,0.0389,0.0339,0.03435,0.39076924,1.4046823,6.0,0.61764705,0.72897196,0.39076924,0.23497267,-0.129829,-0.1171875,0.7883721,2.2675586,0.7383821,0.36144578,0.61764705,0.70379144,0.4883721,0.0,-33.256104,-22.146648,11.109455,18.19088450342031,83.94756330096928,3,"{""geodesic"":false,""type"":""Point"",""coordinates"":[83.94756330096928,18.19088450342031]}"
186,171.0,-0.98768836,0.15643446,0.0187,0.12650603,0.0145,0.05545,0.04555,0.03305,-0.25310734,0.03385,0.029,0.02855,0.0244,0.0253,0.25449872,1.2808219,0.0,0.7632653,0.5949595,0.25449872,0.13225058,-0.14454776,-0.15056571,0.7360483,1.6712328,0.72398686,0.40963855,0.7632653,0.7712766,0.5641026,0.0,-34.80385,-22.438972,12.364873,18.19088450342031,84.03739482938123,3,"{""geodesic"":false,""type"":""Point"",""coordinates"":[84.03739482938123,18.19088450342031]}"
187,180.0,-1.0,1.2246469E-16,0.0203,0.15014164,0.015,0.0501,0.04065,0.03175,-0.2241906,0.03305,0.02845,0.02845,0.024,0.02565,0.23076923,1.3443708,0.0,0.84232366,0.63247013,0.23076923,0.08352145,-0.12606473,-0.13901345,0.7535322,1.589404,0.7791411,0.4981595,0.84232366,0.7352941,0.63736266,0.0,-34.183872,-22.575567,11.608304,18.19088450342031,84.12722635779319,3,"{""geodesic"":false,""type"":""Point"",""coordinates"":[84.12722635779319,18.19088450342031]}"
188,0.0,1.0,0.0,0.0243,0.18248175,0.0168,0.0533,0.043,0.0355,-0.20045045,0.036,0.0315,0.0325,0.0268,0.0293,0.2293578,1.4378698,0.0,0.9033457,0.664794,0.2293578,0.04892368,-0.10260337,-0.13964687,0.752809,1.5857989,0.8236659,0.5638051,0.9033457,0.6885246,0.6825843,0.0,-32.757908,-21.637365,11.1205435,18.19088450342031,84.21705788620514,3,"{""geodesic"":false,""type"":""Point"",""coordinates"":[84.21705788620514,18.19088450342031]}"
189,0.0,1.0,0.0,0.0297,0.13575526,0.0226,0.0602,0.0477,0.0448,-0.14666666,0.0489,0.0433,0.0419,0.0354,0.0391,0.22068965,1.30837,0.0,0.83661973,0.7429519,0.22068965,0.08755761,-0.111363634,-0.11720698,0.7884187,1.5594714,0.9372385,0.6213389,0.83661973,0.75838923,0.66146994,0.0,-32.82539,-21.29894,11.526447,18.19088450342031,84.30688941461709,3,"{""geodesic"":false,""type"":""Point"",""coordinates"":[84.30688941461709,18.19088450342031]}"
190,0.0,1.0,0.0,0.0319,0.115384616,0.0253,0.0616,0.0528,0.0497,-0.10691824,0.0599,0.0549,0.0533,0.0468,0.0513,0.29819694,1.2559055,0.0,0.6801706,0.8055105,0.29819694,0.18932655,-0.07733813,-0.030051814,0.939759,1.8425196,0.9395085,0.6030246,0.6801706,0.790625,0.64056224,0.0,-33.421616,-21.487843,11.933772,18.19088450342031,84.39672094302904,3,"{""geodesic"":false,""type"":""Point"",""coordinates"":[84.39672094302904,18.19088450342031]}"
191,0.0,1.0,0.0,0.0416,0.083333336,0.0352,0.0629,0.0592,0.0571,-0.048333332,0.0634,0.0586,0.0584,0.0507,0.052,0.18044238,1.1784703,0.0,0.81889766,0.9063492,0.18044238,0.09859155,-0.09878683,-0.059369203,0.8863636,1.4362606,0.9629005,0.7015177,0.81889766,0.8441247,0.72727275,0.0,-33.93844,-21.50446,12.433978,18.19088450342031,84.48655247144099,3,"{""geodesic"":false,""type"":""Point"",""coordinates"":[84.48655247144099,18.19088450342031]}"
192,0.0,1.0,0.0,0.038,0.07648725,0.0326,0.0712,0.0575,0.0521,-0.15490673,0.059,0.0537,0.0525,0.0466,0.0482,0.17676768,1.1620795,0.0,0.8137045,0.7307153,0.17676768,0.10165485,-0.10074627,-0.055724416,0.8927203,1.4250765,0.9045139,0.6597222,0.8137045,0.85564303,0.72796935,0.0,-34.044197,-21.35084,12.693358,18.19088450342031,84.57638399985295,3,"{""geodesic"":false,""type"":""Point"",""coordinates"":[84.57638399985295,18.19088450342031]}"
193,0.0,1.0,0.0,0.042,0.05,0.038,0.0627,0.0543,0.0466,-0.147301,0.0514,0.0469,0.0469,0.0407,0.0451,0.0343075,1.1023622,0.0,1.0294118,0.7420382,0.0343075,-0.015719468,-0.065284975,-0.06758305,0.87152034,1.0682415,0.8566176,0.77205884,1.0294118,0.9026128,0.8993576,0.0,-33.743954,-20.553545,13.190408,18.19088450342031,84.75604705667685,3,"{""geodesic"":false,""type"":""Point"",""coordinates"":[84.75604705667685,18.19088450342031]}"
194,0.0,1.0,0.0,0.0425,0.049382716,0.0385,0.0606,0.0504,0.0495,-0.10081744,0.0581,0.0525,0.0534,0.0464,0.052,0.09305065,1.1010363,0.0,0.9139785,0.815486,0.09305065,0.043869518,-0.05540418,-0.03232534,0.9354839,1.2020725,0.980198,0.84158415,0.9139785,0.90375584,0.85685486,0.0,-33.24019,-20.492693,12.747497,18.19088450342031,84.8458785850888,3,"{""geodesic"":false,""type"":""Point"",""coordinates"":[84.8458785850888,18.19088450342031]}"
195,0.0,1.0,0.0,0.037,0.21911038,0.0237,0.0572,0.0471,0.04655,-0.102650605,0.0527,0.04895,0.0486,0.0457,0.04775,0.3170029,1.5546218,0.0,0.80786026,0.8123909,0.3170029,0.105199516,-0.049278248,-0.009214092,0.9796356,1.920168,0.9862288,0.7838983,0.80786026,0.63881403,0.7931404,0.0,-32.708084,-19.965319,12.742765,18.19088450342031,84.93571011350076,3,"{""geodesic"":false,""type"":""Point"",""coordinates"":[84.93571011350076,18.19088450342031]}"
196,2.0,0.99939084,0.034899496,0.3056,0.18760322,0.20905,0.05255,0.07465,0.1026,0.32259104,0.1421,0.1928,0.21905,0.2232,0.24585,0.032735687,1.4611523,1015.0,1.3685625,1.948718,0.032735687,-0.15582451,0.26743138,0.37016574,2.1733203,1.0671767,1.3725753,4.0882945,1.3685625,0.6838404,2.9756572,0.0,-16.214113,-10.024476,6.1896367,18.280716031832263,82.7797534316139,3,"{""geodesic"":false,""type"":""Point"",""coordinates"":[82.7797534316139,18.280716031832263]}"
197,349.0,0.98162717,-0.190809,0.22815,0.25339925,0.1359,0.04635,0.0692,0.06755,0.18612818,0.115,0.2131,0.24665,0.2576,0.2758,0.30927572,1.6775736,1051.0,0.8853318,1.4542519,0.30927572,0.060627896,0.41146368,0.5844995,3.8078344,1.8941176,0.9747475,3.2922077,0.8853318,0.5953998,3.3725054,0.0,-14.664105,-8.024705,6.6394005,18.280716031832263,82.86958496002586,3,"{""geodesic"":false,""type"":""Point"",""coordinates"":[82.86958496002586,18.280716031832263]}"
198,118.0,-0.46947157,0.88294756,0.2232,0.27433628,0.1271,0.04635,0.06525,0.05655,0.09912536,0.1109,0.2164,0.24995,0.25825,0.28325,0.34033996,1.754717,384.0,0.86394423,1.2174381,0.34033996,0.07280091,0.43727008,0.64072424,4.558694,2.0302672,0.8653405,3.4154553,0.86394423,0.5691894,3.9399824,1.0,-13.125329,-6.2984457,6.8268833,18.280716031832263,83.13907954526171,3,"{""geodesic"":false,""type"":""Point"",""coordinates"":[83.13907954526171,18.280716031832263]}"
199,82.0,0.1391731,0.99026805,0.23905,0.26064602,0.1402,0.05295,0.0744,0.0741,0.16646989,0.12875,0.2355,0.27165,0.2799,0.3029,0.3325399,1.7038488,281.0,0.85375,1.3967955,0.3325399,0.078716636,0.40345186,0.5813559,3.7722373,1.9950107,0.9946309,3.2087247,0.85375,0.5862429,3.221698,1.0,-14.942958,-8.529779,6.4131784,18.280716031832263,83.22891107367366,3,"{""geodesic"":false,""type"":""Point"",""coordinates"":[83.22891107367366,18.280716031832263]}"
200,94.0,-0.06975647,0.9975641,0.27415,0.19416313,0.185,0.06665,0.08885,0.0993,0.196746,0.14105,0.2073,0.2371,0.246,0.2665,0.14153132,1.4810913,106.0,1.113978,1.4876405,0.14153132,-0.054119006,0.307815,0.42484796,2.474849,1.3290113,1.1163574,3.0820687,1.113978,0.674567,2.7580483,1.0,-16.745249,-9.405519,7.3397303,18.280716031832263,83.31874260208562,3,"{""geodesic"":false,""type"":""Point"",""coordinates"":[83.31874260208562,18.280716031832263]}"
201,190.0,-0.9848077,-0.17364818,0.2905,0.18547235,0.1996,0.0722,0.0933,0.1099,0.2070291,0.1546,0.2177,0.2493,0.256,0.2736,0.1237928,1.454682,101.0,1.1343225,1.5200553,0.1237928,-0.063129,0.27790752,0.39928943,2.3272727,1.2819229,1.1766596,3.1102784,1.1343225,0.6868548,2.6409092,0.0,-17.404844,-10.364178,7.040665,18.280716031832263,83.40857413049757,3,"{""geodesic"":false,""type"":""Point"",""coordinates"":[83.40857413049757,18.280716031832263]}"
202,173.0,-0.99254614,0.12186934,0.2474,0.16314058,0.178,0.0699,0.0944,0.0973,0.1638756,0.1398,0.2161,0.2441,0.2501,0.2681,0.1684186,1.3891072,86.0,0.98880893,1.39,0.1684186,0.0054271356,0.31453788,0.4398388,2.567762,1.4042673,1.0296296,2.6179893,0.98880893,0.7191919,2.540041,0.0,-16.512955,-9.272072,7.240883,18.280716031832263,83.49840565890952,3,"{""geodesic"":false,""type"":""Point"",""coordinates"":[83.49840565890952,18.280716031832263]}"
203,87.0,0.052335955,0.9986295,0.2382,0.24516466,0.1444,0.066,0.0936,0.1004,0.20673077,0.146,0.2368,0.2735,0.2778,0.3015,0.31596398,1.6484429,81.0,0.85714287,1.5189108,0.31596398,0.076744184,0.34748602,0.469064,2.764179,1.9224913,1.0715048,2.5421557,0.85714287,0.6059589,2.3701491,0.0,-16.270163,-9.310729,6.959433,18.280716031832263,83.67806871573343,3,"{""geodesic"":false,""type"":""Point"",""coordinates"":[83.67806871573343,18.280716031832263]}"
204,97.0,-0.12186934,0.99254614,0.2255,0.19596924,0.1516,0.0675,0.0872,0.0981,0.18478261,0.1315,0.1882,0.2175,0.2222,0.244,0.18887106,1.4864864,57.0,1.014395,1.4511834,0.18887106,-0.0073710075,0.29960054,0.38744926,2.2627292,1.464733,1.1237113,2.583047,1.014395,0.6719858,2.296334,0.0,-16.859339,-10.550393,6.3089466,18.280716031832263,83.76790024414538,3,"{""geodesic"":false,""type"":""Point"",""coordinates"":[83.76790024414538,18.280716031832263]}"
205,80.0,0.17364818,0.9848077,0.2396,0.19501247,0.1614,0.0762,0.1025,0.1043,0.15567867,0.1486,0.1957,0.2212,0.2216,0.2387,0.15718016,1.4835913,27.0,1.0807397,1.3669724,0.15718016,-0.039028622,0.2326362,0.35992634,2.1226053,1.3721362,1.0165693,2.3352826,1.0807397,0.6733417,2.2950191,0.0,-16.962639,-10.588926,6.3737116,18.280716031832263,83.85773177255733,3,"{""geodesic"":false,""type"":""Point"",""coordinates"":[83.85773177255733,18.280716031832263]}"
206,129.0,-0.6293204,0.777146,0.2478,0.2173913,0.1593,0.0714,0.0965,0.1018,0.17551963,0.1453,0.2142,0.248,0.2506,0.2742,0.22273725,1.5545796,7.0,0.9884324,1.4237763,0.22273725,0.0056179776,0.30727056,0.42224744,2.4592738,1.5721456,1.0538303,2.5652175,0.9884324,0.6425978,2.4317958,0.0,-16.2027,-9.794867,6.4078336,18.280716031832263,84.03739482938123,3,"{""geodesic"":false,""type"":""Point"",""coordinates"":[84.03739482938123,18.280716031832263]}"
207,112.0,-0.37460658,0.92718387,0.0215,0.16531165,0.0154,0.0548,0.0548,0.0346,-0.22595078,0.0392,0.033,0.0346,0.0273,0.0302,0.27868852,1.3870968,1.0,0.78467155,0.6302368,0.27868852,0.11885246,-0.129683,-0.11793215,0.7867435,1.7612903,0.6302368,0.39162114,0.78467155,0.712963,0.61959654,0.0,-32.33659,-21.724478,10.61211,18.280716031832263,84.12722635779319,3,"{""geodesic"":false,""type"":""Point"",""coordinates"":[84.12722635779319,18.280716031832263]}"
208,90.0,6.123234E-17,1.0,0.0249,0.12669684,0.0193,0.0627,0.0523,0.0376,-0.25024927,0.04,0.0344,0.0363,0.0284,0.0316,0.19077568,1.2835052,0.0,0.8736842,0.5987261,0.19077568,0.06566604,-0.11731844,-0.13939394,0.7533156,1.4639175,0.71755725,0.47519085,0.8736842,0.772,0.66047746,0.0,-32.19969,-22.218702,9.98099,18.280716031832263,84.21705788620514,3,"{""geodesic"":false,""type"":""Point"",""coordinates"":[84.21705788620514,18.280716031832263]}"
209,0.0,1.0,0.0,0.0268,0.2072072,0.0176,0.0565,0.0451,0.0355,-0.22826087,0.0359,0.0314,0.0308,0.0262,0.0297,0.19634703,1.5141243,0.0,1.0190114,0.6272085,0.19634703,-0.011320755,-0.094512194,-0.15072933,0.73595506,1.480226,0.78539824,0.59292036,1.0190114,0.6542751,0.752809,0.0,-32.349133,-21.915442,10.433692,18.280716031832263,84.30688941461709,3,"{""geodesic"":false,""type"":""Point"",""coordinates"":[84.30688941461709,18.280716031832263]}"
210,0.0,1.0,0.0,0.0309,0.11956522,0.0243,0.0621,0.0516,0.0442,-0.16839135,0.0488,0.0424,0.0439,0.0351,0.0394,0.18181819,1.2663934,0.0,0.87784094,0.7106109,0.18181819,0.06363636,-0.106575966,-0.114754096,0.7923251,1.4385246,0.8549323,0.5976789,0.87784094,0.783871,0.6975169,0.0,-33.095825,-21.794626,11.301199,18.280716031832263,84.39672094302904,3,"{""geodesic"":false,""type"":""Point"",""coordinates"":[84.39672094302904,18.280716031832263]}"
211,0.0,1.0,0.0,0.0369,0.071117565,0.032,0.0682,0.0582,0.0531,-0.12448475,0.0599,0.0542,0.0528,0.0465,0.0502,0.18471338,1.1495327,0.0,0.7918455,0.7774524,0.18471338,0.11510792,-0.08810172,-0.06626506,0.87406015,1.4485981,0.9108062,0.6329331,0.7918455,0.8648649,0.693609,0.0,-33.52235,-20.942583,12.579767,18.280716031832263,84.48655247144099,3,"{""geodesic"":false,""type"":""Point"",""coordinates"":[84.48655247144099,18.280716031832263]}"
212,0.0,1.0,0.0,0.0303,0.1160221,0.024,0.064,0.0532,0.0488,-0.13475177,0.0606,0.0549,0.0535,0.0455,0.0514,0.30935252,1.2572614,0.0,0.6644737,0.76131046,0.30935252,0.2005277,-0.08214286,-0.0349947,0.93047035,1.8879668,0.9155722,0.5684803,0.6644737,0.7894737,0.6196319,0.0,-33.893787,-21.09197,12.801817,18.280716031832263,84.57638399985295,3,"{""geodesic"":false,""type"":""Point"",""coordinates"":[84.57638399985295,18.280716031832263]}"
213,0.0,1.0,0.0,0.0273,0.13043478,0.021,0.0619,0.0492,0.0414,-0.19845112,0.0502,0.0412,0.0416,0.0342,0.0369,0.23913044,1.2938389,0.0,0.79591835,0.66774195,0.23913044,0.11219512,-0.15269805,-0.0952381,0.8240964,1.6208531,0.8397566,0.55375254,0.79591835,0.76642334,0.6578313,0.0,-34.04792,-21.153639,12.8942795,18.280716031832263,84.6662155282649,3,"{""geodesic"":false,""type"":""Point"",""coordinates"":[84.6662155282649,18.280716031832263]}"
214,0.0,1.0,0.0,0.0521,0.07867495,0.0445,0.0728,0.0617,0.0611,-0.08737864,0.0674,0.0624,0.0624,0.0535,0.0554,0.091836736,1.1681614,0.0,0.9720149,0.8381344,0.091836736,0.013257576,-0.09771987,-0.066317625,0.874183,1.1995516,0.98867315,0.8430421,0.9720149,0.8524904,0.8513072,0.0,-33.62129,-20.29598,13.325308,18.280716031832263,84.8458785850888,3,"{""geodesic"":false,""type"":""Point"",""coordinates"":[84.8458785850888,18.280716031832263]}"
215,0.0,1.0,0.0,0.0359,0.20570949,0.02365,0.05665,0.04625,0.0451,-0.113513514,0.04855,0.045,0.04525,0.04195,0.04385,0.27896342,1.5115789,0.0,0.8537455,0.7947137,0.27896342,0.07771355,-0.0508658,-0.0361861,0.92809737,1.7663158,0.9730313,0.77454156,0.8537455,0.65694445,0.7942478,0.0,-33.0659,-19.94464,13.12126,18.280716031832263,84.93571011350076,3,"{""geodesic"":false,""type"":""Point"",""coordinates"":[84.93571011350076,18.280716031832263]}"
216,176.0,-0.9975641,0.06975647,0.2645,0.17975022,0.1839,0.0606,0.0822,0.1023,0.25598526,0.1405,0.2007,0.2264,0.2316,0.2495,0.114801444,1.4375,1015.0,1.1415623,1.6853378,0.114801444,-0.066317275,0.2794872,0.3872417,2.2617188,1.2586956,1.2430134,3.2138517,1.1415623,0.6950113,2.5830078,0.0,-16.855206,-10.165499,6.6897078,18.370547560244216,82.86958496002586,3,"{""geodesic"":false,""type"":""Point"",""coordinates"":[82.86958496002586,18.370547560244216]}"
217,83.0,0.12186934,0.99254614,0.22715,0.27648216,0.12875,0.03925,0.0618,0.05495,0.16666667,0.1143,0.20085,0.23425,0.24035,0.2649,0.30235708,1.7629026,990.0,0.94468707,1.3964422,0.30235708,0.028235294,0.3971519,0.6278361,4.3660307,1.8653473,0.88772213,3.6696284,0.94468707,0.56655663,4.126249,1.0,-14.204544,-7.774564,6.4299803,18.370547560244216,82.95941648843781,3,"{""geodesic"":false,""type"":""Point"",""coordinates"":[82.95941648843781,18.370547560244216]}"
218,60.0,0.5,0.8660254,0.2532,0.2184793,0.1624,0.0408,0.0607,0.0656,0.23308271,0.1131,0.1921,0.2205,0.2328,0.2514,0.17813765,1.5581539,870.0,1.0871619,1.603912,0.17813765,-0.04197531,0.37942386,0.5603217,3.543379,1.4326154,1.0789474,4.1644735,1.0871619,0.641137,3.8538814,1.0,-15.645375,-9.282776,6.3625994,18.370547560244216,83.04924801684976,3,"{""geodesic"":false,""type"":""Point"",""coordinates"":[83.04924801684976,18.370547560244216]}"
219,80.0,0.17364818,0.9848077,0.2566,0.19459963,0.173,0.0499,0.06965,0.07645,0.21013059,0.11845,0.1782,0.2035,0.2131,0.2312,0.103859104,1.4823802,505.0,1.2035648,1.529,0.103859104,-0.092612304,0.32246533,0.4719392,2.7838016,1.2310803,1.0960573,3.678853,1.2035648,0.67393845,3.3520575,3.0,-12.874099,-4.6752405,8.198858,18.370547560244216,83.13907954526171,3,"{""geodesic"":false,""type"":""Point"",""coordinates"":[83.13907954526171,18.370547560244216]}"
220,99.0,-0.15643446,0.98768836,0.2801,0.22141066,0.17855,0.0662,0.09115,0.09455,0.17636082,0.1458,0.23195,0.26485,0.2699,0.29325,0.20370165,1.5678701,219.0,1.0374074,1.4260935,0.20370165,-0.018545454,0.33583874,0.48113596,2.8515584,1.5107752,1.0361644,3.0695891,1.0374074,0.6372234,2.959324,2.0,-16.152382,-9.481359,6.671023,18.370547560244216,83.22891107367366,3,"{""geodesic"":false,""type"":""Point"",""coordinates"":[83.22891107367366,18.370547560244216]}"
221,202.0,-0.92718387,-0.37460658,0.2767,0.18172112,0.1916,0.0646,0.083,0.1007,0.21839081,0.1453,0.21,0.2426,0.2499,0.2621,0.13204983,1.4434011,119.0,1.1068,1.5564142,0.13204983,-0.050892517,0.28669614,0.42555618,2.4791667,1.3035994,1.2117931,3.3297231,1.1068,0.69219655,2.7450397,0.0,-16.414637,-9.017916,7.396721,18.370547560244216,83.40857413049757,3,"{""geodesic"":false,""type"":""Point"",""coordinates"":[83.40857413049757,18.370547560244216]}"
222,196.0,-0.9612617,-0.27563736,0.2416,0.19249754,0.1636,0.06485,0.0917,0.0862,0.14134392,0.1303,0.2049,0.23625,0.24175,0.2559,0.19279635,1.4758705,117.0,0.9989663,1.3271748,0.19279635,3.1033412E-4,0.3252201,0.4743101,2.8012745,1.4767869,0.9389978,2.6318083,0.9989663,0.67687213,2.7995365,0.0,-16.575462,-9.346262,7.2292004,18.370547560244216,83.49840565890952,3,"{""geodesic"":false,""type"":""Point"",""coordinates"":[83.49840565890952,18.370547560244216]}"
223,89.0,0.017452406,0.9998477,0.27435,0.20500714,0.181,0.07055,0.0972,0.0964,0.15483677,0.1445,0.2297,0.2687,0.2784,0.29895,0.21201567,1.5149089,88.0,0.9850987,1.3644727,0.21201567,0.0073270015,0.3482918,0.4855923,2.884974,1.5372722,0.99075025,2.81963,0.9850987,0.65950084,2.8430052,0.0,-16.573606,-9.171306,7.402301,18.370547560244216,83.67806871573343,3,"{""geodesic"":false,""type"":""Point"",""coordinates"":[83.67806871573343,18.370547560244216]}"
224,58.0,0.52991927,0.8480481,0.2823,0.19479421,0.19025,0.07835,0.1043,0.10725,0.1557112,0.1536,0.2277,0.2642,0.2715,0.2946,0.17596102,1.4830575,34.0,1.0393962,1.3671128,0.17596102,-0.019501625,0.3145917,0.43366337,2.5291104,1.42632,1.0272988,2.704023,1.0393962,0.6736898,2.629716,0.0,-17.271519,-9.934505,7.337014,18.370547560244216,83.76790024414538,3,"{""geodesic"":false,""type"":""Point"",""coordinates"":[83.76790024414538,18.370547560244216]}"
225,124.0,-0.5591929,0.82903755,0.2671,0.16995181,0.1895,0.0836,0.1063,0.1165,0.16441779,0.1588,0.2193,0.2465,0.2497,0.2714,0.13706739,1.4087553,19.0,1.0692554,1.3918757,0.13706739,-0.03366873,0.26173872,0.36373568,2.1415095,1.3169831,1.0949248,2.5103383,1.0692554,0.7092066,2.2907376,0.0,-15.963176,-9.226269,6.736907,18.370547560244216,83.85773177255733,3,"{""geodesic"":false,""type"":""Point"",""coordinates"":[83.85773177255733,18.370547560244216]}"
226,158.0,-0.92718387,0.37460658,0.2253,0.18829113,0.1539,0.0717,0.0949,0.0941,0.13510254,0.1373,0.2245,0.255,0.2542,0.2797,0.24577309,1.4629871,12.0,0.8859615,1.3105849,0.24577309,0.060271114,0.3414868,0.45966122,2.6985137,1.6506493,0.9905263,2.371579,0.8859615,0.68278617,2.3917198,0.0,-16.284033,-8.873594,7.410439,18.370547560244216,84.03739482938123,3,"{""geodesic"":false,""type"":""Point"",""coordinates"":[84.03739482938123,18.370547560244216]}"
227,161.0,-0.94551855,0.32556817,0.0198,0.118644066,0.0156,0.0591,0.0535,0.041,-0.18081918,0.0405,0.0365,0.0345,0.031,0.0314,0.3304721,1.2611465,0.0,0.6366559,0.6925676,0.3304721,0.22047244,-0.12656467,-0.1388889,0.7542579,1.9745224,0.76492536,0.36940297,0.6366559,0.7839196,0.48175183,0.0,-32.131863,-22.225521,9.906343,18.370547560244216,84.21705788620514,3,"{""geodesic"":false,""type"":""Point"",""coordinates"":[84.21705788620514,18.370547560244216]}"
228,0.0,1.0,0.0,0.0224,0.10617284,0.0181,0.0543,0.0494,0.0337,-0.23409091,0.0372,0.0313,0.032,0.0257,0.0287,0.17351598,1.2307693,0.0,0.86821705,0.6194853,0.17351598,0.06860707,-0.1289833,-0.13468014,0.76035506,1.4120879,0.68080807,0.45252526,0.86821705,0.80444443,0.6627219,0.0,-32.304886,-22.16111,10.143777,18.370547560244216,84.30688941461709,3,"{""geodesic"":false,""type"":""Point"",""coordinates"":[84.30688941461709,18.370547560244216]}"
229,0.0,1.0,0.0,0.0267,0.13617021,0.0203,0.0606,0.0483,0.0392,-0.21442886,0.0409,0.0349,0.0363,0.0296,0.0319,0.18637274,1.3088236,0.0,0.8989899,0.64579904,0.18637274,0.051509768,-0.12362637,-0.13953489,0.7531807,1.4509804,0.80991733,0.5516529,0.8989899,0.7574627,0.6793893,0.0,-33.07256,-21.868563,11.203996,18.370547560244216,84.39672094302904,3,"{""geodesic"":false,""type"":""Point"",""coordinates"":[84.39672094302904,18.370547560244216]}"
230,0.0,1.0,0.0,0.0329,0.08045977,0.028,0.0621,0.051,0.0446,-0.16401124,0.0545,0.0497,0.049,0.0451,0.0457,0.23392613,1.1708184,0.0,0.7278761,0.7170418,0.23392613,0.15641026,-0.08782435,0.005574136,1.0089486,1.6049823,0.87279844,0.6438356,0.7278761,0.8484849,0.7360179,0.0,-33.967545,-21.38793,12.579614,18.370547560244216,84.6662155282649,3,"{""geodesic"":false,""type"":""Point"",""coordinates"":[84.6662155282649,18.370547560244216]}"
231,0.0,1.0,0.0,0.0344,0.1524288,0.0253,0.0568,0.0468,0.0444,-0.12252964,0.0467,0.0432,0.043,0.0366,0.0405,0.1825525,1.3543307,0.0,0.9373297,0.78031635,0.1825525,0.030985916,-0.07110092,-0.096296296,0.8224719,1.4409449,0.9466951,0.7334755,0.9373297,0.73333335,0.7730337,0.0,-33.69193,-21.05332,12.63861,18.370547560244216,84.75604705667685,3,"{""geodesic"":false,""type"":""Point"",""coordinates"":[84.75604705667685,18.370547560244216]}"
232,264.0,-0.104528464,-0.9945219,0.309,0.1702329,0.2191,0.0501,0.073,0.1063,0.35933504,0.1464,0.1882,0.2128,0.2207,0.2419,0.0036380172,1.4096715,868.0,1.3994565,2.1175299,0.0036380172,-0.16669813,0.24594386,0.3498471,2.074248,1.0068431,1.4541724,4.227086,1.3994565,0.7088321,2.9041352,0.0,-18.235168,-11.281547,6.953622,18.460379088656165,82.60009037479,3,"{""geodesic"":false,""type"":""Point"",""coordinates"":[82.60009037479,18.460379088656165]}"
233,269.0,-0.017452406,-0.9998477,0.283,0.14877208,0.2097,0.0558,0.0853,0.1101,0.32730561,0.1475,0.1951,0.2206,0.2256,0.2441,0.036526535,1.3489038,1000.0,1.2538768,1.9695885,0.036526535,-0.112858824,0.24668029,0.3440572,2.0471869,1.0753099,1.2892271,3.3138173,1.2538768,0.74072766,2.568058,1.0,-18.000895,-10.582802,7.4180927,18.460379088656165,82.68992190320195,3,"{""geodesic"":false,""type"":""Point"",""coordinates"":[82.68992190320195,18.460379088656165]}"
234,69.0,0.35836795,0.9335804,0.2596,0.20408164,0.1716,0.04,0.0602,0.0689,0.2653811,0.1104,0.1649,0.1892,0.1976,0.2219,0.07042254,1.5119394,1141.0,1.3131007,1.7182045,0.07042254,-0.13560805,0.33554018,0.48292682,2.863768,1.1508445,1.1426202,4.305141,1.3131007,0.6607624,3.7623188,1.0,-13.525521,-6.011783,7.5137377,18.460379088656165,82.86958496002586,3,"{""geodesic"":false,""type"":""Point"",""coordinates"":[82.86958496002586,18.460379088656165]}"
235,97.0,-0.12186934,0.99254614,0.27285,0.16652416,0.19495,0.0612,0.0822,0.09285,0.20545277,0.1328,0.18315,0.20495,0.2101,0.22715,0.03740279,1.3988721,1009.0,1.2980494,1.5146819,0.03740279,-0.12993063,0.26211974,0.38702756,2.260355,1.0771596,1.1281896,3.3153098,1.2980494,0.7142334,2.9354491,1.0,-13.383535,-5.7600064,7.623529,18.460379088656165,82.95941648843781,3,"{""geodesic"":false,""type"":""Point"",""coordinates"":[82.95941648843781,18.460379088656165]}"
236,53.0,0.60181504,0.7986355,0.2516,0.15161918,0.18535,0.0589,0.0762,0.0859,0.18646409,0.12065,0.168,0.18885,0.1929,0.21785,0.019960344,1.3567,441.0,1.3036269,1.4559323,0.019960344,-0.13205849,0.2871492,0.38378766,2.2430232,1.0401726,1.1258191,3.29751,1.3036269,0.73639256,2.9255815,2.0,-11.104264,-1.7974916,9.306772,18.460379088656165,83.04924801684976,3,"{""geodesic"":false,""type"":""Point"",""coordinates"":[83.04924801684976,18.460379088656165]}"
237,18.0,0.95105654,0.309017,0.2375,0.196775,0.1594,0.0574,0.0799,0.0898,0.2201087,0.1298,0.2197,0.2645,0.2631,0.2867,0.24544379,1.4890282,262.0,0.9023556,1.5617391,0.24544379,0.051138632,0.37671068,0.49107397,2.9265852,1.6495298,1.1225,2.96875,0.9023556,0.67087543,2.6418242,1.0,-16.428408,-8.698844,7.7295637,18.460379088656165,83.13907954526171,3,"{""geodesic"":false,""type"":""Point"",""coordinates"":[83.13907954526171,18.460379088656165]}"
238,67.0,0.39073113,0.92050487,0.2447,0.15479,0.1791,0.0701,0.0864,0.0975,0.16348448,0.1394,0.1916,0.2131,0.2183,0.2374,0.098641165,1.3655134,348.0,1.1204213,1.3888888,0.098641165,-0.05701944,0.26008493,0.3825206,2.2366803,1.218192,1.1271676,2.8289018,1.1204213,0.7316176,2.507172,0.0,-12.435641,-5.951033,6.484608,18.460379088656165,83.22891107367366,3,"{""geodesic"":false,""type"":""Point"",""coordinates"":[83.22891107367366,18.460379088656165]}"
239,97.0,-0.12186934,0.99254614,0.2598,0.18901601,0.1772,0.071,0.0907,0.1011,0.17489831,0.1441,0.2059,0.232,0.2416,0.2576,0.15377268,1.4653131,155.0,1.0748862,1.4219409,0.15377268,-0.036298364,0.28254917,0.40997958,2.3873518,1.3626622,1.1134361,2.8612335,1.0748862,0.68180066,2.5671937,1.0,-16.642426,-9.081282,7.561144,18.460379088656165,83.31874260208562,3,"{""geodesic"":false,""type"":""Point"",""coordinates"":[83.31874260208562,18.460379088656165]}"
240,274.0,0.06975647,-0.9975641,0.27055,0.1756654,0.1897,0.0682,0.09345,0.1034,0.20512821,0.15135,0.21855,0.2449,0.25145,0.2702,0.13997507,1.4254478,166.0,1.0755317,1.5139092,0.13997507,-0.03659004,0.28193572,0.41721854,2.4294686,1.3248156,1.1052912,2.8920364,1.0755317,0.7009052,2.6140096,0.0,-15.626404,-9.360066,6.266338,18.460379088656165,83.40857413049757,3,"{""geodesic"":false,""type"":""Point"",""coordinates"":[83.40857413049757,18.460379088656165]}"
241,61.0,0.4848096,0.8746197,0.33065,0.15379918,0.2425,0.0803,0.10705,0.1214,0.20376797,0.16605,0.22005,0.2475,0.2546,0.2757,0.024341179,1.3629432,141.0,1.2981939,1.5099503,0.024341179,-0.12994447,0.24821731,0.35425532,2.0954733,1.0494641,1.1329911,3.085861,1.2981939,0.73318213,2.721399,0.0,-17.08303,-9.9519005,7.1311297,18.460379088656165,83.49840565890952,3,"{""geodesic"":false,""type"":""Point"",""coordinates"":[83.49840565890952,18.460379088656165]}"
242,59.0,0.5150381,0.8571673,0.28565,0.18281573,0.19735,0.0709,0.09985,0.10945,0.21375103,0.1535,0.20575,0.23365,0.2402,0.2582,0.09793167,1.4466953,121.0,1.1887224,1.5415493,0.09793167,-0.08643149,0.25431138,0.3739454,2.1926062,1.2165105,1.0950475,2.857929,1.1887224,0.69063866,2.607485,0.0,-17.737898,-10.341989,7.39591,18.460379088656165,83.58823718732147,3,"{""geodesic"":false,""type"":""Point"",""coordinates"":[83.58823718732147,18.460379088656165]}"
243,166.0,-0.9702957,0.2419219,0.2868,0.18487915,0.1973,0.0735,0.0971,0.1107,0.2019544,0.1536,0.2064,0.2375,0.242,0.265,0.10175279,1.4528875,32.0,1.1846344,1.5040761,0.10175279,-0.08472012,0.26612517,0.37227106,2.1841154,1.2259371,1.1388888,2.9506173,1.1846344,0.68769604,2.5884476,0.0,-17.93707,-10.80487,7.1322017,18.460379088656165,83.85773177255733,3,"{""geodesic"":false,""type"":""Point"",""coordinates"":[83.85773177255733,18.460379088656165]}"
244,103.0,-0.22495106,0.97437006,0.3565,0.18242122,0.2465,0.1051,0.1342,0.1589,0.20378788,0.1991,0.2488,0.2749,0.2851,0.308,0.07261099,1.445661,25.0,1.25,1.5104563,0.07261099,-0.111284286,0.21475054,0.28423423,1.7930818,1.1561233,1.183172,2.6545048,1.25,0.6912507,2.2421384,0.0,-19.829205,-11.9122,7.9170046,18.460379088656165,83.94756330096928,3,"{""geodesic"":false,""type"":""Point"",""coordinates"":[83.94756330096928,18.460379088656165]}"
245,126.0,-0.58778524,0.809017,0.2604,0.1876853,0.1781,0.0787,0.1053,0.1147,0.18614271,0.1603,0.2276,0.2562,0.2619,0.283,0.19045454,1.4612795,9.0,0.99389315,1.4555838,0.19045454,0.0028719127,0.27678773,0.39086565,2.281359,1.469697,1.0882353,2.4705882,0.99389315,0.68368524,2.2682927,0.0,-17.725521,-10.575044,7.1504784,18.460379088656165,84.21705788620514,3,"{""geodesic"":false,""type"":""Point"",""coordinates"":[84.21705788620514,18.460379088656165]}"
246,0.0,1.0,0.0,0.025,0.14155251,0.0188,0.0534,0.0457,0.0369,-0.18272425,0.0413,0.0346,0.0367,0.0277,0.0321,0.19139785,1.3227513,0.0,0.89928055,0.6897196,0.19139785,0.051233396,-0.1253406,-0.14241487,0.74864864,1.4656085,0.8056769,0.5458515,0.89928055,0.749004,0.6756757,0.0,-32.770454,-22.01311,10.757345,18.460379088656165,84.39672094302904,3,"{""geodesic"":false,""type"":""Point"",""coordinates"":[84.39672094302904,18.460379088656165]}"
247,0.0,1.0,0.0,0.0272,0.14046122,0.0205,0.0557,0.0458,0.0362,-0.21218716,0.0387,0.0337,0.0332,0.0285,0.0314,0.1632653,1.3203883,0.0,0.951049,0.64874554,0.1632653,0.023339318,-0.104136944,-0.11901082,0.78512394,1.3834951,0.788671,0.5925926,0.951049,0.75091577,0.74931127,0.0,-33.746506,-21.529686,12.216819,18.460379088656165,84.57638399985295,3,"{""geodesic"":false,""type"":""Point"",""coordinates"":[84.57638399985295,18.460379088656165]}"
248,0.0,1.0,0.0,0.0291,0.13009709,0.0224,0.0526,0.0448,0.0365,-0.18069585,0.0381,0.0343,0.0338,0.0317,0.0325,0.17190388,1.2933333,0.0,0.9150943,0.6925996,0.17190388,0.04276316,-0.07932011,-0.07038123,0.8661202,1.4088889,0.8129176,0.64810693,0.9150943,0.7671233,0.795082,0.0,-34.074482,-21.313585,12.760899,18.460379088656165,84.6662155282649,3,"{""geodesic"":false,""type"":""Point"",""coordinates"":[84.6662155282649,18.460379088656165]}"
249,0.0,1.0,0.0,0.0332,0.23191094,0.0207,0.0596,0.0477,0.0493,-0.094582185,0.0606,0.0558,0.057,0.0479,0.055,0.39650145,1.5961539,0.0,0.69166666,0.82579565,0.39650145,0.18125771,-0.048442908,-0.014403292,0.9696356,2.3028846,1.0313808,0.69456065,0.69166666,0.6216216,0.6720648,0.0,-34.066395,-21.004667,13.061727,18.460379088656165,84.75604705667685,3,"{""geodesic"":false,""type"":""Point"",""coordinates"":[84.75604705667685,18.460379088656165]}"
250,0.0,1.0,0.0,0.0346,0.17887564,0.0241,0.0616,0.0499,0.047,-0.1344383,0.0575,0.0535,0.0547,0.0461,0.0553,0.3133903,1.4297521,0.0,0.74891776,0.7617504,0.3133903,0.1425031,-0.019503547,-0.009667025,0.9787686,1.9049587,0.94,0.692,0.74891776,0.69452447,0.7346072,0.0,-33.534336,-21.33894,12.195397,18.460379088656165,84.8458785850888,3,"{""geodesic"":false,""type"":""Point"",""coordinates"":[84.8458785850888,18.460379088656165]}"
251,0.0,1.0,0.0,0.04365,0.08447205,0.03685,0.07005,0.0616,0.0588,-0.08731083,0.0641,0.05915,0.05985,0.05165,0.05915,0.16723163,1.1813262,0.0,0.84347826,0.83820385,0.16723163,0.08394544,-0.040162273,-0.064735174,0.87691003,1.3978349,0.9529984,0.70745546,0.84347826,0.8422857,0.7410866,0.0,-33.35547,-20.211254,13.144214,18.460379088656165,84.93571011350076,3,"{""geodesic"":false,""type"":""Point"",""coordinates"":[84.93571011350076,18.460379088656165]}"
252,358.0,0.99939084,-0.034899496,0.2025,0.25309405,0.1207,0.0364,0.0588,0.0596,0.24166666,0.11,0.2004,0.2319,0.239,0.2587,0.32888517,1.6763245,972.0,0.846926,1.6328768,0.32888517,0.08267271,0.40330893,0.60080373,4.0033503,1.9784768,1.0118846,3.4380305,0.846926,0.59575516,3.39196,1.0,-15.129738,-9.168506,5.9612317,18.550210617068117,82.7797534316139,3,"{""geodesic"":false,""type"":""Point"",""coordinates"":[82.7797534316139,18.550210617068117]}"
253,326.0,0.82903755,-0.5591929,0.2546,0.16255708,0.1834,0.049,0.0774,0.1029,0.3548387,0.1408,0.1938,0.2131,0.2117,0.2245,0.07162744,1.387466,937.0,1.2020774,2.095723,0.07162744,-0.09200086,0.22912675,0.34583598,2.0553398,1.1536784,1.327742,3.2851613,1.2020774,0.7200628,2.4718447,0.0,-16.566494,-9.432608,7.133887,18.550210617068117,82.86958496002586,3,"{""geodesic"":false,""type"":""Point"",""coordinates"":[82.86958496002586,18.550210617068117]}"
254,105.0,-0.25881904,0.9659258,0.2473,0.19786873,0.1656,0.0502,0.0702,0.0745,0.19486769,0.1227,0.1799,0.202,0.2053,0.2296,0.10703694,1.4924562,500.0,1.2039922,1.4811133,0.10703694,-0.092797175,0.30343458,0.46747676,2.7520108,1.2389861,1.059744,3.517781,1.2039922,0.66936135,3.3150134,3.0,-15.143218,-8.347773,6.795446,18.550210617068117,83.04924801684976,3,"{""geodesic"":false,""type"":""Point"",""coordinates"":[83.04924801684976,18.550210617068117]}"
255,98.0,-0.1391731,0.99026805,0.2336,0.20195523,0.1551,0.0662,0.0863,0.0834,0.11497326,0.1322,0.2288,0.2627,0.2674,0.2936,0.2657988,1.5051546,313.0,0.87327105,1.2579186,0.2657988,0.06746507,0.3790512,0.5245154,3.2023952,1.7229382,0.9652778,2.7037036,0.87327105,0.6636714,2.7976048,1.0,-12.426802,-3.0704753,9.356326,18.550210617068117,83.13907954526171,3,"{""geodesic"":false,""type"":""Point"",""coordinates"":[83.13907954526171,18.550210617068117]}"
256,91.0,-0.017452406,0.9998477,0.2341,0.19866872,0.1565,0.0647,0.081,0.0871,0.14756258,0.1246,0.1889,0.2145,0.2202,0.2417,0.16910008,1.4948914,192.0,1.0626419,1.3441358,0.16910008,-0.030596523,0.3196833,0.43312722,2.5252295,1.4061303,1.0739827,2.8865597,1.0626419,0.66823226,2.684633,0.0,-16.787922,-9.927375,6.8605475,18.550210617068117,83.22891107367366,3,"{""geodesic"":false,""type"":""Point"",""coordinates"":[83.22891107367366,18.550210617068117]}"
257,103.0,-0.22495106,0.97437006,0.2294,0.15479487,0.1679,0.0678,0.0869,0.0998,0.19093078,0.1304,0.1726,0.1914,0.1966,0.2122,0.078738,1.3654761,212.0,1.166243,1.4698086,0.078738,-0.076995306,0.23876241,0.32658568,1.967968,1.1702381,1.1471264,2.6367817,1.166243,0.7315904,2.2962964,0.0,-16.463215,-9.449972,7.013243,18.550210617068117,83.31874260208562,3,"{""geodesic"":false,""type"":""Point"",""coordinates"":[83.31874260208562,18.550210617068117]}"
258,66.0,0.40673664,0.9135454,0.24945,0.15888502,0.18105,0.0846,0.10455,0.11505,0.1525169,0.1571,0.20045,0.2214,0.2225,0.2413,0.10271342,1.3770356,105.0,1.1206199,1.3583235,0.10271342,-0.057103507,0.21134537,0.31832322,1.9322623,1.2282639,1.0993788,2.3836598,1.1206199,0.7255059,2.1663048,0.0,-17.242346,-9.750574,7.491772,18.550210617068117,83.40857413049757,3,"{""geodesic"":false,""type"":""Point"",""coordinates"":[83.40857413049757,18.550210617068117]}"
259,80.0,0.17364818,0.9848077,0.2913,0.19888878,0.19465,0.0873,0.1083,0.1139,0.13220675,0.1571,0.24545,0.2859,0.2909,0.30845,0.1982288,1.4957638,85.0,1.0010309,1.3032037,0.1982288,-6.870491E-4,0.32509935,0.43725297,2.5517545,1.4937099,1.050738,2.6872694,1.0010309,0.66798216,2.555263,0.0,-16.635647,-8.755178,7.8804674,18.550210617068117,83.49840565890952,3,"{""geodesic"":false,""type"":""Point"",""coordinates"":[83.49840565890952,18.550210617068117]}"
260,106.0,-0.27563736,0.9612617,0.2606,0.20815948,0.1708,0.07915,0.1051,0.1021,0.1266207,0.1519,0.22975,0.25575,0.25805,0.2791,0.2034511,1.5248684,65.0,1.0094906,1.288328,0.2034511,-0.0049166107,0.2951276,0.43301404,2.524951,1.5099473,0.9705323,2.4771862,1.0094906,0.6551592,2.5499022,0.0,-16.58692,-10.299031,6.2878885,18.550210617068117,83.67806871573343,3,"{""geodesic"":false,""type"":""Point"",""coordinates"":[83.67806871573343,18.550210617068117]}"
261,241.0,-0.4848096,-0.8746197,0.3444,0.1495327,0.2548,0.0895,0.12105,0.1447,0.23569599,0.18415,0.24635,0.2751,0.28055,0.30615,0.048099373,1.3511181,93.0,1.2271513,1.6149553,0.048099373,-0.10216817,0.24882725,0.31945914,1.9375,1.1006277,1.1943871,2.842757,1.2271513,0.73962265,2.378453,1.0,-17.73484,-10.215298,7.5195427,18.550210617068117,83.76790024414538,3,"{""geodesic"":false,""type"":""Point"",""coordinates"":[83.76790024414538,18.550210617068117]}"
262,172.0,-0.99026805,0.1391731,0.2398,0.24700987,0.1448,0.0489,0.0741,0.0678,0.16195373,0.1253,0.2164,0.2517,0.2643,0.2821,0.29210463,1.6549344,270.0,0.9069592,1.3836734,0.29210463,0.048601467,0.38487974,0.5916892,3.892489,1.8240166,0.91374665,3.231806,0.9069592,0.6035848,3.5316641,1.0,-12.922312,-7.052235,5.8700767,18.550210617068117,83.85773177255733,3,"{""geodesic"":false,""type"":""Point"",""coordinates"":[83.85773177255733,18.550210617068117]}"
263,95.0,-0.087155744,0.9961947,0.334,0.15911852,0.2423,0.0909,0.1193,0.1389,0.20887728,0.1826,0.2206,0.2427,0.2491,0.2658,0.013838014,1.3778878,54.0,1.3402889,1.5263736,0.013838014,-0.1456011,0.18554862,0.28402063,1.7920864,1.0276402,1.1633166,2.79732,1.3402889,0.72523195,2.4028778,1.0,-18.954144,-11.26842,7.6857224,18.550210617068117,83.94756330096928,3,"{""geodesic"":false,""type"":""Point"",""coordinates"":[83.94756330096928,18.550210617068117]}"
264,182.0,-0.99939084,-0.034899496,0.2378,0.25820106,0.1402,0.0683,0.0974,0.0879,0.12548016,0.1417,0.2285,0.259,0.266,0.2874,0.30969965,1.6949394,84.0,0.893649,1.2850877,0.30969965,0.05597459,0.3395479,0.5032495,3.0227273,1.8959373,0.9015385,2.4389744,0.893649,0.5893232,2.7022727,0.0,-15.701953,-9.511281,6.1906714,18.550210617068117,84.03739482938123,3,"{""geodesic"":false,""type"":""Point"",""coordinates"":[84.03739482938123,18.550210617068117]}"
265,148.0,-0.8480481,0.52991927,0.2931,0.14963718,0.2168,0.0823,0.1121,0.133,0.23548537,0.1744,0.2148,0.2403,0.2439,0.2683,0.05882353,1.351314,63.0,1.2012295,1.6140777,0.05882353,-0.09162011,0.21210752,0.2942425,1.8324568,1.1244813,1.1853832,2.6122994,1.2012295,0.73942703,2.2021036,0.0,-17.639914,-10.742837,6.897077,18.550210617068117,84.12722635779319,3,"{""geodesic"":false,""type"":""Point"",""coordinates"":[84.12722635779319,18.550210617068117]}"
266,154.0,-0.89879405,0.43837115,0.3023,0.18039829,0.2099,0.095,0.1242,0.1346,0.17247386,0.1838,0.249,0.2782,0.2822,0.3006,0.14692135,1.4395238,27.0,1.0708466,1.4153522,0.14692135,-0.034388367,0.24112304,0.3541267,2.095026,1.3438095,1.082864,2.4320192,1.0708466,0.69411373,2.2442465,0.0,-18.011497,-10.825981,7.1855164,18.550210617068117,84.21705788620514,3,"{""geodesic"":false,""type"":""Point"",""coordinates"":[84.21705788620514,18.550210617068117]}"
267,140.0,-0.76604444,0.64278764,0.2071,0.14927858,0.1533,0.0947,0.1205,0.1299,0.15672307,0.1616,0.1863,0.2014,0.1992,0.2119,0.13021277,1.3500652,10.0,1.039137,1.3702532,0.13021277,-0.019443762,0.13467202,0.2105743,1.5323077,1.2985659,1.0771145,1.7172471,1.039137,0.7398649,1.593077,0.0,-20.305557,-12.868822,7.4367347,18.550210617068117,84.30688941461709,3,"{""geodesic"":false,""type"":""Point"",""coordinates"":[84.30688941461709,18.550210617068117]}"
268,155.0,-0.9063078,0.42261827,0.0247,0.17619048,0.0173,0.0529,0.0477,0.035,-0.2036405,0.036,0.0314,0.0309,0.0264,0.0291,0.20823799,1.4195403,0.0,0.9320755,0.6603774,0.20823799,0.0332681,-0.10599078,-0.14006515,0.75213677,1.5172414,0.73221755,0.5167364,0.9320755,0.69758064,0.7037037,0.0,-32.315956,-21.989115,10.326841,18.550210617068117,84.39672094302904,3,"{""geodesic"":false,""type"":""Point"",""coordinates"":[84.39672094302904,18.550210617068117]}"
269,0.0,1.0,0.0,0.0268,0.2321839,0.0167,0.0512,0.0439,0.0355,-0.1810842,0.0368,0.0332,0.033,0.0289,0.0317,0.26754385,1.5952381,0.0,0.92413795,0.6920078,0.26754385,0.037701976,-0.07445256,-0.10248447,0.81179774,1.7202381,0.8068182,0.6090909,0.92413795,0.62081784,0.752809,0.0,-33.485287,-21.601408,11.883879,18.550210617068117,84.48655247144099,3,"{""geodesic"":false,""type"":""Point"",""coordinates"":[84.48655247144099,18.550210617068117]}"
270,0.0,1.0,0.0,0.0256,0.16363636,0.0184,0.0489,0.0445,0.0361,-0.15058823,0.0396,0.034,0.033,0.027,0.0301,0.18942732,1.3837838,0.0,0.94464946,0.7367347,0.18942732,0.02661597,-0.13629842,-0.14421552,0.74585634,1.4594594,0.80941707,0.57399106,0.94464946,0.7159533,0.70718235,0.0,-33.880318,-21.664598,12.215717,18.550210617068117,84.57638399985295,3,"{""geodesic"":false,""type"":""Point"",""coordinates"":[84.57638399985295,18.550210617068117]}"
271,0.0,1.0,0.0,0.0346,0.13815789,0.0262,0.0575,0.0468,0.0447,-0.12524462,0.0476,0.0428,0.0424,0.0359,0.0395,0.15619968,1.3155893,0.0,0.9611111,0.7760417,0.15619968,0.018439716,-0.09299655,-0.10918114,0.80133927,1.365019,0.9530917,0.73773986,0.9611111,0.7550432,0.7723214,0.0,-33.672585,-20.963665,12.70892,18.550210617068117,84.75604705667685,3,"{""geodesic"":false,""type"":""Point"",""coordinates"":[84.75604705667685,18.550210617068117]}"
272,0.0,1.0,0.0,0.0356,0.18272425,0.0246,0.0602,0.0495,0.0462,-0.13157895,0.0501,0.0469,0.0465,0.0423,0.0462,0.264574,1.4412955,0.0,0.8396226,0.76616913,0.264574,0.0860077,-0.040498443,-0.044067796,0.9136069,1.7125506,0.9314516,0.7177419,0.8396226,0.68907565,0.7688985,0.0,-33.60184,-20.863188,12.738654,18.550210617068117,84.8458785850888,3,"{""geodesic"":false,""type"":""Point"",""coordinates"":[84.8458785850888,18.550210617068117]}"
273,0.0,1.0,0.0,0.0335,0.18374558,0.0231,0.06235,0.0519,0.0462,-0.14877936,0.0539,0.0497,0.0495,0.0443,0.0463,0.31454006,1.4439656,0.0,0.7545045,0.7397918,0.31454006,0.13881747,-0.075848304,-0.020994475,0.95680344,1.9094827,0.88846153,0.6442308,0.7545045,0.6875,0.7235421,0.0,-33.046787,-20.213095,12.8336935,18.550210617068117,84.93571011350076,3,"{""geodesic"":false,""type"":""Point"",""coordinates"":[84.93571011350076,18.550210617068117]}"
274,341.0,0.94551855,-0.32556817,0.2732,0.16503198,0.1958,0.0462,0.0736,0.1041,0.38522953,0.143,0.2031,0.2301,0.2319,0.2526,0.08440496,1.3945891,913.0,1.1775862,2.2483802,0.08440496,-0.08176599,0.27704751,0.38035715,2.2255278,1.1837672,1.4124831,3.70692,1.1775862,0.7164288,2.621881,0.0,-15.938427,-9.39099,6.547437,18.64004214548007,82.68992190320195,3,"{""geodesic"":false,""type"":""Point"",""coordinates"":[82.68992190320195,18.64004214548007]}"
275,283.0,0.22495106,-0.97437006,0.295,0.18545309,0.2027,0.0483,0.0738,0.1048,0.36903983,0.1455,0.1867,0.209,0.2127,0.2325,0.024073182,1.4546351,924.0,1.3862782,2.1652892,0.024073182,-0.16210361,0.23015873,0.33984253,2.0276453,1.0488166,1.4181327,3.991881,1.3862782,0.6868858,2.8122022,1.0,-16.91745,-10.307657,6.609792,18.64004214548007,82.86958496002586,3,"{""geodesic"":false,""type"":""Point"",""coordinates"":[82.86958496002586,18.64004214548007]}"
276,282.0,0.20791169,-0.9781476,0.2428,0.2205605,0.15505,0.04225,0.06845,0.07465,0.27715996,0.1237,0.2021,0.23,0.2384,0.25835,0.21184394,1.5649371,1072.0,1.0180293,1.7626919,0.21184394,-0.009143807,0.35244077,0.5230794,3.1892977,1.5365775,1.0889862,3.5419402,1.0180293,0.63832855,3.2481606,1.0,-16.279997,-9.763066,6.5169306,18.64004214548007,82.95941648843781,3,"{""geodesic"":false,""type"":""Point"",""coordinates"":[82.95941648843781,18.64004214548007]}"
277,121.0,-0.5150381,0.8571673,0.2236,0.26078376,0.1311,0.0435,0.0625,0.0613,0.16984732,0.1164,0.2064,0.2352,0.2405,0.2634,0.29440257,1.7042683,678.0,0.9293433,1.4059633,0.29440257,0.036414567,0.3870458,0.5937707,3.916938,1.8330792,0.9792332,3.5718849,0.9293433,0.5860528,3.6416938,4.0,-14.14442,-7.381839,6.7625813,18.64004214548007,83.04924801684976,3,"{""geodesic"":false,""type"":""Point"",""coordinates"":[83.04924801684976,18.64004214548007]}"
278,88.0,0.034899496,0.99939084,0.282,0.16480793,0.2022,0.0756,0.1004,0.1185,0.22102009,0.1579,0.2148,0.2473,0.2514,0.2696,0.10846561,1.3939693,172.0,1.1212723,1.5653898,0.10846561,-0.057367828,0.26128656,0.3592863,2.1197302,1.2427088,1.1791044,2.8059702,1.1212723,0.71676713,2.3777404,0.0,-16.391378,-9.206393,7.184986,18.64004214548007,83.22891107367366,3,"{""geodesic"":false,""type"":""Point"",""coordinates"":[83.22891107367366,18.64004214548007]}"
279,41.0,0.7547096,0.656059,0.2778,0.18490084,0.1911,0.0762,0.0969,0.1036,0.15239155,0.1543,0.2232,0.2503,0.2567,0.2817,0.14649397,1.4529289,155.0,1.0817757,1.3577982,0.14649397,-0.039476145,0.29220185,0.4249237,2.4754097,1.3425732,1.0680412,2.8639176,1.0817757,0.6876574,2.6788814,0.0,-15.197955,-8.747867,6.450088,18.64004214548007,83.31874260208562,3,"{""geodesic"":false,""type"":""Point"",""coordinates"":[83.31874260208562,18.64004214548007]}"
280,111.0,-0.35836795,0.9335804,0.30535,0.15237287,0.2246,0.08605,0.11225,0.1325,0.21253717,0.1724,0.2238,0.24925,0.2553,0.27215,0.06397166,1.358923,85.0,1.1955756,1.5380151,0.06397166,-0.08927138,0.2243842,0.31665808,1.9253393,1.1361816,1.1793503,2.717846,1.1955756,0.7353086,2.3027904,0.0,-17.570526,-10.451026,7.1195006,18.64004214548007,83.49840565890952,3,"{""geodesic"":false,""type"":""Point"",""coordinates"":[83.49840565890952,18.64004214548007]}"
281,141.0,-0.777146,0.6293204,0.33895,0.13247578,0.25965,0.09275,0.1259,0.1622,0.27240634,0.20155,0.2453,0.27245,0.2803,0.3014,0.03824428,1.3049085,73.0,1.2088089,1.7469037,0.03824428,-0.09471134,0.19852868,0.26689264,1.7270486,1.0791146,1.2873015,2.6900795,1.2088089,0.7658163,2.0884166,0.0,-18.265003,-10.192982,8.0720215,18.64004214548007,83.58823718732147,3,"{""geodesic"":false,""type"":""Point"",""coordinates"":[83.58823718732147,18.64004214548007]}"
282,202.0,-0.92718387,-0.37460658,0.3235,0.12688322,0.25065,0.08895,0.1209,0.14885,0.25189236,0.1852,0.23675,0.26375,0.2693,0.29115,0.035868835,1.2901297,75.0,1.2008166,1.6715329,0.035868835,-0.0914305,0.22242048,0.28805453,1.8079892,1.0739781,1.2301652,2.6735537,1.2008166,0.77456737,2.1718698,0.0,-17.680927,-10.512792,7.168135,18.64004214548007,83.67806871573343,3,"{""geodesic"":false,""type"":""Point"",""coordinates"":[83.67806871573343,18.64004214548007]}"
283,214.0,-0.82903755,-0.5591929,0.32635,0.159531,0.23655,0.08345,0.10955,0.12865,0.21310702,0.1762,0.2441,0.2705,0.27995,0.29895,0.084027104,1.3790407,163.0,1.1653277,1.5397965,0.084027104,-0.07652977,0.25833946,0.3702888,2.1743689,1.1829706,1.1732786,2.976288,1.1653277,0.72461325,2.5347574,2.0,-17.341553,-10.055038,7.2865143,18.64004214548007,83.76790024414538,3,"{""geodesic"":false,""type"":""Point"",""coordinates"":[83.76790024414538,18.64004214548007]}"
284,61.0,0.4848096,0.8746197,0.236,0.25866666,0.139,0.0484,0.0708,0.0617,0.12079927,0.117,0.2207,0.2543,0.2662,0.2855,0.31391904,1.6966212,347.0,0.88621855,1.272165,0.31391904,0.060135406,0.41863355,0.62366575,4.307443,1.9137311,0.8702398,3.3286319,0.88621855,0.5887336,3.8187702,0.0,-15.441971,-8.6305065,6.8114643,18.64004214548007,83.85773177255733,3,"{""geodesic"":false,""type"":""Point"",""coordinates"":[83.85773177255733,18.64004214548007]}"
285,236.0,-0.5591929,-0.82903755,0.2789,0.19289991,0.1887,0.0677,0.0971,0.1058,0.21959653,0.1488,0.2177,0.247,0.2557,0.2658,0.15076508,1.4772246,115.0,1.090305,1.560472,0.15076508,-0.04339693,0.2821997,0.41466114,2.414542,1.3543432,1.0884774,2.8693416,1.090305,0.6763441,2.6336167,0.0,-14.900252,-8.545726,6.354526,18.64004214548007,84.03739482938123,3,"{""geodesic"":false,""type"":""Point"",""coordinates"":[84.03739482938123,18.64004214548007]}"
286,189.0,-0.98768836,-0.15643446,0.3152,0.15500183,0.2306,0.0786,0.1092,0.1372,0.27154773,0.1779,0.2168,0.2405,0.2495,0.2694,0.0393668,1.3662765,137.0,1.2628205,1.743329,0.0393668,-0.11634496,0.2045607,0.290406,1.8171886,1.0814911,1.2552607,2.883806,1.2628205,0.73136693,2.295703,0.0,-16.061214,-9.923901,6.1373143,18.64004214548007,84.12722635779319,3,"{""geodesic"":false,""type"":""Point"",""coordinates"":[84.12722635779319,18.64004214548007]}"
287,147.0,-0.83867055,0.54463905,0.2749,0.20069884,0.183,0.0599,0.0813,0.0987,0.2446406,0.1446,0.2068,0.2322,0.2381,0.2626,0.13084778,1.5013654,130.0,1.1540722,1.645,0.13084778,-0.07173489,0.2897839,0.4138955,2.409919,1.3003823,1.2125307,3.3771498,1.1540722,0.66545457,2.7823887,1.0,-13.725433,-7.996487,5.7289457,18.64004214548007,84.21705788620514,3,"{""geodesic"":false,""type"":""Point"",""coordinates"":[84.21705788620514,18.64004214548007]}"
288,124.0,-0.5591929,0.82903755,0.3344,0.14090754,0.2518,0.0878,0.1218,0.1521,0.26802835,0.1911,0.2325,0.2555,0.2628,0.2848,0.021375826,1.327511,33.0,1.2719666,1.7303754,0.021375826,-0.119892836,0.1968901,0.26681128,1.7266754,1.0432712,1.2477441,2.7432323,1.2719666,0.7527653,2.197109,0.0,-18.587885,-11.048047,7.539839,18.64004214548007,84.30688941461709,3,"{""geodesic"":false,""type"":""Point"",""coordinates"":[84.30688941461709,18.64004214548007]}"
289,123.0,-0.54463905,0.83867055,0.1806,0.23444976,0.112,0.0515,0.0719,0.0676,0.13518052,0.1108,0.1959,0.2457,0.2462,0.2645,0.37465104,1.6110616,9.0,0.7332521,1.3100775,0.37465104,0.15370196,0.40953904,0.56915236,3.6366322,2.1962533,0.9388889,2.5083334,0.7332521,0.61981183,2.6676514,0.0,-14.532896,-8.127887,6.4050097,18.64004214548007,84.39672094302904,3,"{""geodesic"":false,""type"":""Point"",""coordinates"":[84.39672094302904,18.64004214548007]}"
290,136.0,-0.7193398,0.6946584,0.0247,0.13824885,0.0187,0.052,0.0464,0.0363,-0.17780295,0.037,0.0323,0.0338,0.0287,0.0305,0.21097046,1.3138298,0.0,0.8576389,0.69673705,0.21097046,0.074906364,-0.096296296,-0.11692308,0.78846157,1.5265957,0.78064513,0.53118277,0.8576389,0.75403225,0.6785714,0.0,-32.070663,-21.672636,10.398027,18.64004214548007,84.48655247144099,3,"{""geodesic"":false,""type"":""Point"",""coordinates"":[84.48655247144099,18.64004214548007]}"
291,0.0,1.0,0.0,0.0249,0.1717647,0.0176,0.0503,0.0412,0.0337,-0.19761905,0.0366,0.0312,0.0319,0.0279,0.029,0.22637363,1.4067796,0.0,0.88928574,0.6686508,0.22637363,0.056818184,-0.11585366,-0.09415584,0.8254438,1.5762712,0.8159806,0.6029056,0.88928574,0.704,0.7366864,0.0,-33.663723,-21.35503,12.308694,18.64004214548007,84.57638399985295,3,"{""geodesic"":false,""type"":""Point"",""coordinates"":[84.57638399985295,18.64004214548007]}"
292,0.0,1.0,0.0,0.0286,0.2248394,0.0181,0.0516,0.0452,0.042,-0.102564104,0.0465,0.0408,0.0389,0.0337,0.0352,0.3011583,1.5714285,0.0,0.84615386,0.8123791,0.3011583,0.08186196,-0.1383109,-0.109643325,0.80047506,1.8516483,0.92715234,0.6313466,0.84615386,0.630662,0.67933494,0.0,-33.835964,-21.392357,12.443607,18.64004214548007,84.6662155282649,3,"{""geodesic"":false,""type"":""Point"",""coordinates"":[84.6662155282649,18.64004214548007]}"
293,0.0,1.0,0.0,0.034,0.20781527,0.0223,0.0608,0.0487,0.0446,-0.15370019,0.0437,0.0401,0.0403,0.0362,0.0396,0.23760684,1.5178572,0.0,0.93663913,0.7323481,0.23760684,0.03133903,-0.049219687,-0.103960395,0.8098434,1.6160715,0.9139344,0.6967213,0.93663913,0.6539589,0.7606264,0.0,-33.464058,-20.268427,13.19563,18.64004214548007,84.8458785850888,3,"{""geodesic"":false,""type"":""Point"",""coordinates"":[84.8458785850888,18.64004214548007]}"
294,0.0,1.0,0.0,0.0354,0.15309446,0.026,0.0634,0.05075,0.0443,-0.17734447,0.04545,0.0421,0.04205,0.03725,0.04015,0.17786561,1.3563218,0.0,0.94779116,0.6976378,0.17786561,0.025464555,-0.06191589,-0.08645003,0.838964,1.427203,0.8711898,0.6961652,0.94779116,0.73239434,0.7972973,0.0,-33.34344,-20.134592,13.20885,18.64004214548007,84.93571011350076,3,"{""geodesic"":false,""type"":""Point"",""coordinates"":[84.93571011350076,18.64004214548007]}"
295,295.0,0.42261827,-0.9063078,0.241,0.23558062,0.1491,0.0403,0.0669,0.0659,0.24105461,0.12,0.1926,0.219,0.2266,0.2486,0.2062816,1.6152815,889.0,1.063079,1.6311882,0.2062816,-0.030795552,0.34888768,0.5494017,3.4333334,1.5187668,0.9835821,3.597015,1.063079,0.6184156,3.6515152,1.0,-15.542986,-9.5055275,6.0374584,18.729873673892023,82.60009037479,3,"{""geodesic"":false,""type"":""Point"",""coordinates"":[82.60009037479,18.729873673892023]}"
296,358.0,0.99939084,-0.034899496,0.1749,0.16212624,0.1261,0.0684,0.098,0.0924,0.14925373,0.1025,0.1111,0.1184,0.1172,0.1246,-0.036580354,1.3858954,885.0,1.4910486,1.3489051,-0.036580354,-0.1975351,0.097313955,0.118320614,1.267027,0.92868465,0.941896,1.7828746,1.4910486,0.72057146,1.8908108,0.0,-18.159235,-11.436515,6.72272,18.729873673892023,82.68992190320195,3,"{""geodesic"":false,""type"":""Point"",""coordinates"":[82.68992190320195,18.729873673892023]}"
297,270.0,-1.8369701E-16,-1.0,0.2978,0.16146646,0.215,0.0516,0.0752,0.1062,0.34600762,0.1418,0.1853,0.2112,0.216,0.2407,0.0023201855,1.3844724,896.0,1.3780657,2.0541587,0.0023201855,-0.15920591,0.2585621,0.34078214,2.031985,1.0041841,1.4103585,3.9548473,1.3780657,0.72171867,2.801505,0.0,-19.392664,-12.248003,7.1446605,18.729873673892023,82.86958496002586,3,"{""geodesic"":false,""type"":""Point"",""coordinates"":[82.86958496002586,18.729873673892023]}"
298,293.0,0.39073113,-0.92050487,0.2408,0.19563058,0.162,0.04175,0.0678,0.0801,0.31473124,0.1202,0.1951,0.2225,0.2278,0.24495,0.16880451,1.4855027,945.0,1.0566038,1.9139785,0.16880451,-0.02774221,0.3416404,0.4797012,2.840399,1.4053054,1.1796759,3.5463917,1.0566038,0.6724782,3.0024939,1.0,-17.607895,-10.545754,7.0621405,18.729873673892023,82.95941648843781,3,"{""geodesic"":false,""type"":""Point"",""coordinates"":[82.95941648843781,18.729873673892023]}"
299,117.0,-0.4539905,0.8910065,0.2676,0.17265557,0.1888,0.0524,0.0687,0.0819,0.21965748,0.1218,0.1616,0.1788,0.1814,0.2037,-0.019989194,1.4166225,1071.0,1.4743801,1.56,-0.019989194,-0.19198218,0.2516129,0.37789592,2.2121952,0.96029645,1.1904069,3.889535,1.4743801,0.7052671,3.2634146,3.0,-15.174091,-9.094947,6.0791445,18.729873673892023,83.04924801684976,3,"{""geodesic"":false,""type"":""Point"",""coordinates"":[83.04924801684976,18.729873673892023]}"
300,123.0,-0.54463905,0.83867055,0.218,0.2780302,0.12315,0.05055,0.0716,0.06205,0.10213144,0.116,0.2334,0.27655,0.28725,0.30605,0.3998538,1.7687627,542.0,0.7586567,1.225074,0.3998538,0.13706087,0.4503021,0.644718,4.6218824,2.3306289,0.86541146,3.0404463,0.7586567,0.5646492,3.5076427,4.0,-11.838944,-5.463177,6.3757677,18.729873673892023,83.13907954526171,3,"{""geodesic"":false,""type"":""Point"",""coordinates"":[83.13907954526171,18.729873673892023]}"
301,118.0,-0.46947157,0.88294756,0.2469,0.22288261,0.1569,0.0556,0.0817,0.0845,0.20628123,0.1331,0.2214,0.2544,0.2601,0.283,0.24748202,1.5726115,188.0,0.9488855,1.5170556,0.24748202,0.026035503,0.36024994,0.5095763,3.0744681,1.6566879,1.0330074,3.0183375,0.9488855,0.6352227,2.9184396,2.0,-16.466234,-9.467849,6.9983854,18.729873673892023,83.22891107367366,3,"{""geodesic"":false,""type"":""Point"",""coordinates"":[83.22891107367366,18.729873673892023]}"
302,148.0,-0.8480481,0.52991927,0.3357,0.1494607,0.2484,0.085,0.114,0.1466,0.26597583,0.185,0.2217,0.2482,0.2555,0.2738,0.0140900975,1.3509054,147.0,1.3133802,1.7226793,0.0140900975,-0.1356563,0.19354838,0.27082816,1.7416496,1.028169,1.2848378,2.942156,1.3133802,0.739726,2.2883437,0.0,-18.180662,-10.821481,7.3591814,18.729873673892023,83.31874260208562,3,"{""geodesic"":false,""type"":""Point"",""coordinates"":[83.31874260208562,18.729873673892023]}"
303,135.0,-0.70710677,0.70710677,0.3129,0.15291083,0.2299,0.0843,0.1109,0.1367,0.23710407,0.1739,0.211,0.2333,0.2405,0.2609,0.022534013,1.3604348,120.0,1.3004987,1.6196682,0.022534013,-0.1308276,0.200092,0.27518559,1.7580409,1.0456522,1.2315315,2.818919,1.3004987,0.7345048,2.2872808,0.0,-17.183155,-9.785354,7.397802,18.729873673892023,83.40857413049757,3,"{""geodesic"":false,""type"":""Point"",""coordinates"":[83.40857413049757,18.729873673892023]}"
304,122.0,-0.52991927,0.8480481,0.28285,0.15732406,0.20595,0.08935,0.1112,0.12245,0.1562795,0.16345,0.2163,0.23965,0.2448,0.26115,0.08618969,1.372725,95.0,1.1549612,1.3689212,0.08618969,-0.072112195,0.23009892,0.33315182,1.997552,1.1880611,1.1001797,2.5413296,1.1549612,0.7278671,2.3080375,0.0,-16.976904,-9.42365,7.5532537,18.729873673892023,83.49840565890952,3,"{""geodesic"":false,""type"":""Point"",""coordinates"":[83.49840565890952,18.729873673892023]}"
305,253.0,-0.2923717,-0.9563047,0.2926,0.15446834,0.2143,0.0794,0.1083,0.12315,0.21599606,0.1639,0.22435,0.24915,0.2562,0.27465,0.0890542,1.3647388,85.0,1.1416309,1.5490566,0.0890542,-0.06632653,0.25253677,0.35073152,2.0787017,1.1949627,1.1360701,2.699262,1.1416309,0.73214895,2.3740366,0.0,-16.936886,-9.101917,7.834969,18.729873673892023,83.58823718732147,3,"{""geodesic"":false,""type"":""Point"",""coordinates"":[83.58823718732147,18.729873673892023]}"
306,238.0,-0.52991927,-0.8480481,0.2499,0.26228058,0.14605,0.05365,0.0715,0.0738,0.15810122,0.12125,0.21285,0.2471,0.25765,0.2777,0.27644292,1.7098871,186.0,0.9695441,1.3730233,0.27644292,0.015269431,0.3921544,0.554684,3.4864683,1.7629148,1.0307263,3.4902234,0.9695441,0.5842,3.3815968,2.0,-14.334165,-8.189673,6.1444917,18.729873673892023,83.67806871573343,3,"{""geodesic"":false,""type"":""Point"",""coordinates"":[83.67806871573343,18.729873673892023]}"
307,146.0,-0.82903755,0.5591929,0.2334,0.26675713,0.1351,0.04665,0.07295,0.06535,0.16696429,0.1233,0.23145,0.2629,0.27055,0.2938,0.33390853,1.7263314,446.0,0.86236835,1.397861,0.33390853,0.07371763,0.40877488,0.6108961,4.13369,2.0011094,0.89459276,3.195072,0.86236835,0.5785867,3.566081,2.0,-13.2767105,-7.0447917,6.2319183,18.729873673892023,83.76790024414538,3,"{""geodesic"":false,""type"":""Point"",""coordinates"":[83.76790024414538,18.729873673892023]}"
308,59.0,0.5150381,0.8571673,0.2534,0.24981505,0.1521,0.06,0.0856,0.0809,0.14833215,0.133,0.2554,0.2948,0.3047,0.3268,0.33406305,1.6649146,203.0,0.8313648,1.3460898,0.33406305,0.09191901,0.4214876,0.5803942,3.7617283,2.001971,0.94399065,2.9568262,0.8313648,0.6,3.128395,2.0,-13.043533,-6.393514,6.650019,18.729873673892023,83.85773177255733,3,"{""geodesic"":false,""type"":""Point"",""coordinates"":[83.85773177255733,18.729873673892023]}"
309,93.0,-0.052335955,0.9986295,0.3012,0.15380195,0.2209,0.0778,0.1073,0.1281,0.24429335,0.1708,0.2213,0.2406,0.2474,0.2617,0.05658766,1.362896,71.0,1.2169697,1.644416,0.05658766,-0.09806781,0.21017341,0.3177097,1.9297972,1.119457,1.1927375,2.8044693,1.2169697,0.7331563,2.349454,1.0,-18.39149,-10.626646,7.764846,18.729873673892023,83.94756330096928,3,"{""geodesic"":false,""type"":""Point"",""coordinates"":[83.94756330096928,18.729873673892023]}"
310,282.0,0.20791169,-0.9781476,0.2762,0.18693598,0.1892,0.0731,0.1024,0.117,0.23093109,0.1614,0.2183,0.2435,0.2478,0.2658,0.13409612,1.4590597,89.0,1.114159,1.5983607,0.13409612,-0.054198474,0.24438202,0.35855263,2.1161401,1.3090333,1.1414634,2.6946342,1.114159,0.68476295,2.3586679,0.0,-17.662731,-8.675533,8.987199,18.729873673892023,84.03739482938123,3,"{""geodesic"":false,""type"":""Point"",""coordinates"":[84.03739482938123,18.729873673892023]}"
311,296.0,0.43837115,-0.89879405,0.283,0.1808888,0.1963,0.0546,0.0749,0.0909,0.24948454,0.1356,0.1887,0.2189,0.2247,0.2473,0.067458436,1.4409369,168.0,1.2588968,1.6617916,0.067458436,-0.1148316,0.29172108,0.42395437,2.4692307,1.1440936,1.212,3.7733333,1.2588968,0.69339454,3.1098902,0.0,-16.198757,-10.071356,6.1274014,18.729873673892023,84.12722635779319,3,"{""geodesic"":false,""type"":""Point"",""coordinates"":[84.12722635779319,18.729873673892023]}"
312,137.0,-0.7313537,0.6819984,0.2805,0.15408352,0.2056,0.0732,0.0974,0.1174,0.23189926,0.1503,0.1909,0.2079,0.2131,0.2309,0.017912587,1.3636364,80.0,1.3156661,1.6016371,0.017912587,-0.13654782,0.21143757,0.28956127,1.813617,1.0359747,1.2041025,2.876923,1.3156661,0.7327156,2.387234,1.0,-18.496763,-11.17981,7.3169546,18.729873673892023,84.30688941461709,3,"{""geodesic"":false,""type"":""Point"",""coordinates"":[84.30688941461709,18.729873673892023]}"
313,124.0,-0.5591929,0.82903755,0.0246,0.15492958,0.018,0.05,0.0442,0.0342,-0.18764846,0.0358,0.0323,0.0323,0.0293,0.0308,0.23890063,1.3591161,0.0,0.8367347,0.6826347,0.23890063,0.08719852,-0.075075075,-0.07716536,0.8542274,1.6187845,0.772009,0.55530477,0.8367347,0.7287449,0.7172012,0.0,-32.849514,-21.629147,11.220366,18.729873673892023,84.57638399985295,3,"{""geodesic"":false,""type"":""Point"",""coordinates"":[84.57638399985295,18.729873673892023]}"
314,0.0,1.0,0.0,0.0276,0.13580246,0.021,0.0489,0.0444,0.0363,-0.14788732,0.0366,0.0335,0.0331,0.0299,0.0328,0.17485265,1.3080568,0.0,0.92,0.74081635,0.17485265,0.04,-0.054755043,-0.09667674,0.8214286,1.4170616,0.81573033,0.6202247,0.92,0.75812274,0.7582418,0.0,-33.6088,-20.911758,12.6970415,18.729873673892023,84.6662155282649,3,"{""geodesic"":false,""type"":""Point"",""coordinates"":[84.6662155282649,18.729873673892023]}"
315,0.0,1.0,0.0,0.03,0.084990956,0.0253,0.0529,0.0523,0.0458,-0.071935154,0.0487,0.0437,0.0417,0.0363,0.0375,0.17857143,1.1811024,0.0,0.82417583,0.86415094,0.17857143,0.095022626,-0.12993039,-0.115712546,0.7908497,1.4291339,0.8740458,0.57251906,0.82417583,0.8405316,0.6535948,0.0,-33.60939,-21.14083,12.468561,18.729873673892023,84.75604705667685,3,"{""geodesic"":false,""type"":""Point"",""coordinates"":[84.75604705667685,18.729873673892023]}"
316,0.0,1.0,0.0,0.0357,0.12974684,0.0275,0.0569,0.0461,0.0433,-0.13572854,0.0445,0.0395,0.0378,0.0338,0.0372,0.10277325,1.2934783,0.0,1.0530974,0.7596491,0.10277325,-0.02733813,-0.08935128,-0.1232166,0.77880186,1.2246376,0.93722945,0.77272725,1.0530974,0.7681564,0.82258064,0.0,-33.390205,-20.611698,12.778505,18.729873673892023,84.8458785850888,3,"{""geodesic"":false,""type"":""Point"",""coordinates"":[84.8458785850888,18.729873673892023]}"
317,0.0,1.0,0.0,0.03815,0.07238229,0.033,0.0624,0.0503,0.0448,-0.1641791,0.05185,0.0481,0.04865,0.0414,0.04835,0.11290322,1.152568,0.0,0.91927713,0.7168,0.11290322,0.040854808,-0.03493014,-0.039443154,0.922049,1.2507553,0.8888889,0.7569444,0.91927713,0.8627451,0.84966594,0.0,-32.95307,-20.164782,12.78829,18.729873673892023,84.93571011350076,3,"{""geodesic"":false,""type"":""Point"",""coordinates"":[84.93571011350076,18.729873673892023]}"
318,313.0,0.6819984,-0.7313537,0.2643,0.18096514,0.1833,0.0516,0.0749,0.091,0.27629733,0.1303,0.1873,0.2123,0.2177,0.2386,0.08578554,1.4411123,810.0,1.2134986,1.7601547,0.08578554,-0.0966805,0.2935755,0.41043085,2.3896816,1.1870229,1.2133334,3.524,1.2134986,0.69326776,2.9012074,1.0,-14.961897,-8.290517,6.6713805,18.819705202303975,82.60009037479,3,"{""geodesic"":false,""type"":""Point"",""coordinates"":[82.60009037479,18.819705202303975]}"
319,315.0,0.70710677,-0.70710677,0.2737,0.1840796,0.1886,0.0549,0.0842,0.1001,0.2916129,0.14,0.1954,0.2196,0.2282,0.2434,0.095009595,1.4504504,875.0,1.1988611,1.82,0.095009595,-0.090655506,0.26969224,0.39019188,2.277445,1.209327,1.1874259,3.246738,1.1988611,0.68882394,2.7315369,0.0,-14.804619,-8.272625,6.5319934,18.819705202303975,82.7797534316139,3,"{""geodesic"":false,""type"":""Point"",""coordinates"":[82.7797534316139,18.819705202303975]}"
320,274.0,0.06975647,-0.9975641,0.2665,0.19212703,0.1806,0.0481,0.0708,0.0925,0.31578946,0.1301,0.1751,0.1965,0.2022,0.2178,0.05642633,1.4748201,924.0,1.3173505,1.9190872,0.05642633,-0.13718797,0.25208393,0.37224296,2.1835854,1.1189817,1.3046545,3.7588153,1.3173505,0.67741936,2.8779697,0.0,-14.395174,-7.9047394,6.4904346,18.819705202303975,82.86958496002586,3,"{""geodesic"":false,""type"":""Point"",""coordinates"":[82.86958496002586,18.819705202303975]}"
321,265.0,-0.087155744,-0.9961947,0.31905,0.16878834,0.2269,0.0609,0.09295,0.136,0.38141188,0.1697,0.20035,0.21735,0.2163,0.2299,-0.023916967,1.4055066,954.0,1.4743531,2.2295082,-0.023916967,-0.19193052,0.15065065,0.22793074,1.5892726,0.95286345,1.4615798,3.4288018,1.4743531,0.710951,2.344232,1.0,-17.270914,-10.082321,7.1885924,18.819705202303975,82.95941648843781,3,"{""geodesic"":false,""type"":""Point"",""coordinates"":[82.95941648843781,18.819705202303975]}"
322,83.0,0.12186934,0.99254614,0.2351,0.20703375,0.15445,0.0437,0.0648,0.0751,0.26430976,0.11405,0.1782,0.2035,0.2092,0.22885,0.15055685,1.5211905,855.0,1.123268,1.7146119,0.15055685,-0.058293946,0.33479148,0.47168484,2.781915,1.3536073,1.1571648,3.6224961,1.123268,0.65667516,3.12633,2.0,-12.814558,-5.790863,7.023695,18.819705202303975,83.13907954526171,3,"{""geodesic"":false,""type"":""Point"",""coordinates"":[83.13907954526171,18.819705202303975]}"
323,112.0,-0.37460658,0.92718387,0.2755,0.19135135,0.187,0.0635,0.0858,0.0927,0.18693982,0.1376,0.201,0.2282,0.2348,0.2578,0.11332385,1.4724746,395.0,1.1728395,1.4575472,0.11332385,-0.079757005,0.30399597,0.43389314,2.5301723,1.2549438,1.0791618,3.2072177,1.1728395,0.6785196,2.96875,2.0,-16.006323,-9.341856,6.6644673,18.819705202303975,83.22891107367366,3,"{""geodesic"":false,""type"":""Point"",""coordinates"":[83.22891107367366,18.819705202303975]}"
324,113.0,-0.39073113,0.92050487,0.2776,0.19243987,0.188,0.0598,0.0803,0.0935,0.2198304,0.1395,0.2041,0.2346,0.2466,0.2657,0.13483663,1.4758108,255.0,1.1252533,1.5609349,0.13483663,-0.059137736,0.31145114,0.45016173,2.6346154,1.3110048,1.1629354,3.4527364,1.1252533,0.67698956,2.965812,1.0,-15.991744,-9.465867,6.5258765,18.819705202303975,83.31874260208562,3,"{""geodesic"":false,""type"":""Point"",""coordinates"":[83.31874260208562,18.819705202303975]}"
325,116.0,-0.43837115,0.89879405,0.3001,0.18851486,0.2049,0.0759,0.0982,0.116,0.208963,0.1549,0.226,0.2609,0.2692,0.2894,0.13562539,1.4639025,133.0,1.1143706,1.5263158,0.13562539,-0.05427718,0.30272338,0.39771548,2.3186908,1.3131708,1.180061,3.0528994,1.1143706,0.68254495,2.5848405,0.0,-15.743131,-8.8036995,6.9394317,18.819705202303975,83.40857413049757,3,"{""geodesic"":false,""type"":""Point"",""coordinates"":[83.40857413049757,18.819705202303975]}"
326,133.0,-0.6819984,0.7313537,0.1789,0.2014775,0.1189,0.0716,0.0973,0.0893,0.11000621,0.12475,0.17285,0.19855,0.1977,0.21025,0.2488945,1.5033613,108.0,0.9044489,1.2454672,0.2488945,0.04992034,0.25522387,0.37770036,2.2114093,1.6613445,0.9168378,1.8367556,0.9044489,0.6642458,2.0011187,0.0,-14.5741625,-6.5826592,7.9915032,18.819705202303975,83.49840565890952,3,"{""geodesic"":false,""type"":""Point"",""coordinates"":[83.49840565890952,18.819705202303975]}"
327,250.0,-0.34202015,-0.9396926,0.30365,0.15095234,0.224,0.07275,0.1002,0.1166,0.23158173,0.1604,0.2172,0.243,0.24945,0.2668,0.053754356,1.3549755,103.0,1.2167902,1.6005491,0.053754356,-0.09799313,0.24906367,0.36292857,2.1375322,1.1131191,1.1625124,3.0274177,1.2167902,0.7374486,2.601971,1.0,-17.55115,-10.19733,7.353818,18.819705202303975,83.58823718732147,3,"{""geodesic"":false,""type"":""Point"",""coordinates"":[83.58823718732147,18.819705202303975]}"
328,105.0,-0.25881904,0.9659258,0.2644,0.20799543,0.17335,0.05155,0.07535,0.087,0.25586432,0.1351,0.22095,0.2522,0.2584,0.2821,0.196989,1.5243586,518.0,1.0228239,1.6844144,0.196989,-0.011476664,0.35234898,0.49623623,2.9667048,1.4897665,1.1530815,3.5043075,1.0228239,0.6553875,3.0355914,1.0,-14.052954,-7.854278,6.1986756,18.819705202303975,83.76790024414538,3,"{""geodesic"":false,""type"":""Point"",""coordinates"":[83.76790024414538,18.819705202303975]}"
329,77.0,0.22495106,0.97437006,0.2763,0.17424564,0.1943,0.0711,0.0931,0.0969,0.15357143,0.1431,0.2238,0.2571,0.2634,0.2849,0.15097225,1.4212962,111.0,1.0485768,1.360955,0.15097225,-0.023902168,0.33130842,0.4621149,2.7154639,1.3549383,1.0396996,2.9645922,1.0485768,0.7029667,2.8484535,2.0,-17.303125,-10.03325,7.2698755,18.819705202303975,83.85773177255733,3,"{""geodesic"":false,""type"":""Point"",""coordinates"":[83.85773177255733,18.819705202303975]}"
330,210.0,-0.8660254,-0.5,0.2869,0.1580222,0.2086,0.0854,0.1126,0.133,0.21794872,0.1698,0.2163,0.2365,0.243,0.2632,0.0761736,1.3747005,58.0,1.1801728,1.5555556,0.0761736,-0.08284582,0.21570438,0.2925532,1.8256949,1.1643507,1.1801243,2.5456965,1.1801728,0.7268293,2.155522,0.0,-18.069187,-10.276577,7.79261,18.819705202303975,83.94756330096928,3,"{""geodesic"":false,""type"":""Point"",""coordinates"":[83.94756330096928,18.819705202303975]}"
331,274.0,0.06975647,-0.9975641,0.341,0.13989638,0.2573,0.093,0.1213,0.1533,0.24482338,0.1913,0.2291,0.2562,0.2617,0.2796,0.008477842,1.3247863,88.0,1.302521,1.6466166,0.008477842,-0.13157459,0.18751328,0.2612048,1.7059973,1.0167055,1.2627677,2.8088963,1.302521,0.75432426,2.2229466,0.0,-18.734566,-10.548563,8.186003,18.819705202303975,84.21705788620514,3,"{""geodesic"":false,""type"":""Point"",""coordinates"":[84.21705788620514,18.819705202303975]}"
332,156.0,-0.9135454,0.40673664,0.3328,0.16690043,0.2376,0.0735,0.101,0.1259,0.26278836,0.1695,0.2233,0.2495,0.2602,0.2825,0.04539976,1.4000841,210.0,1.2785248,1.7105979,0.04539976,-0.12242833,0.25,0.34783736,2.0650795,1.0946572,1.2453017,3.2917902,1.2785248,0.71372783,2.64127,0.0,-17.587471,-10.896352,6.691119,18.819705202303975,84.30688941461709,3,"{""geodesic"":false,""type"":""Point"",""coordinates"":[84.30688941461709,18.819705202303975]}"
333,113.0,-0.39073113,0.92050487,0.2677,0.15887445,0.1943,0.063,0.098,0.1095,0.26956522,0.1554,0.2204,0.2479,0.2512,0.2717,0.12772167,1.3770577,73.0,1.0652606,1.7353407,0.12772167,-0.031798035,0.27230155,0.39284724,2.2919707,1.292181,1.116208,2.7288482,1.0652606,0.7255415,2.4425182,0.0,-16.882744,-10.351883,6.53086,18.819705202303975,84.48655247144099,3,"{""geodesic"":false,""type"":""Point"",""coordinates"":[84.48655247144099,18.819705202303975]}"
334,102.0,-0.20791169,0.9781476,0.0268,0.20993228,0.0175,0.0541,0.0517,0.0396,-0.1547492,0.0442,0.0423,0.0443,0.0379,0.0408,0.36823106,1.5227273,7.0,0.70526314,0.7306273,0.36823106,0.17156105,-0.04,-0.021935483,0.95465994,2.153409,0.76447874,0.5173745,0.70526314,0.65055764,0.67506295,0.0,-31.290344,-21.313534,9.976809,18.819705202303975,84.57638399985295,3,"{""geodesic"":false,""type"":""Point"",""coordinates"":[84.57638399985295,18.819705202303975]}"
335,0.0,1.0,0.0,0.0307,0.18304431,0.0212,0.0558,0.05,0.0411,-0.15170279,0.0407,0.0357,0.0339,0.0322,0.0333,0.2059925,1.4413146,0.0,0.95046437,0.73524153,0.2059925,0.023847377,-0.1,-0.12141883,0.7815534,1.5117371,0.8203593,0.61277443,0.95046437,0.6883117,0.7451456,0.0,-33.627068,-20.95275,12.674316,18.819705202303975,84.75604705667685,3,"{""geodesic"":false,""type"":""Point"",""coordinates"":[84.75604705667685,18.819705202303975]}"
336,0.0,1.0,0.0,0.036,0.10260337,0.0293,0.0576,0.0531,0.0481,-0.08987701,0.0521,0.0465,0.0444,0.0393,0.0398,0.14577259,1.2244898,0.0,0.9137056,0.83362216,0.14577259,0.043824703,-0.13384113,-0.1006865,0.8153527,1.3367347,0.90413535,0.6766917,0.9137056,0.81163436,0.746888,0.0,-33.914196,-20.891737,13.022458,18.819705202303975,84.8458785850888,3,"{""geodesic"":false,""type"":""Point"",""coordinates"":[84.8458785850888,18.819705202303975]}"
337,0.0,1.0,0.0,0.0404,0.092630155,0.03355,0.0613,0.0524,0.0506,-0.09562109,0.0569,0.05195,0.051,0.04375,0.0505,0.13195343,1.2005943,0.0,0.9213227,0.82410425,0.13195343,0.039809864,-0.059590317,-0.07260201,0.86291915,1.3001486,0.96380955,0.7695238,0.9213227,0.82839507,0.7968442,0.0,-33.57374,-21.124386,12.44935,18.819705202303975,84.93571011350076,3,"{""geodesic"":false,""type"":""Point"",""coordinates"":[84.93571011350076,18.819705202303975]}"
338,272.0,0.034899496,-0.99939084,0.2306,0.23646113,0.1424,0.0414,0.0601,0.0633,0.20916906,0.1118,0.1871,0.2152,0.2236,0.2461,0.22185792,1.6182456,629.0,1.0308449,1.5253012,0.22185792,-0.015411713,0.37524447,0.55873126,3.526814,1.5691228,1.0514951,3.8305647,1.0308449,0.6172518,3.637224,1.0,-13.921535,-7.729206,6.192329,18.909536730715928,82.60009037479,3,"{""geodesic"":false,""type"":""Point"",""coordinates"":[82.60009037479,18.909536730715928]}"
339,269.0,-0.017452406,-0.9998477,0.2717,0.18724056,0.186,0.0448,0.0654,0.084,0.3043478,0.1283,0.1833,0.2116,0.2188,0.2377,0.08102767,1.4599677,811.0,1.241206,1.8708241,0.08102767,-0.107849136,0.2989071,0.44517833,2.6016648,1.175712,1.2824427,4.148092,1.241206,0.6843267,3.2306778,0.0,-15.933581,-8.958584,6.974997,18.909536730715928,82.68992190320195,3,"{""geodesic"":false,""type"":""Point"",""coordinates"":[82.68992190320195,18.909536730715928]}"
340,291.0,0.35836795,-0.9335804,0.3313,0.13226247,0.2539,0.0639,0.0951,0.1384,0.36826494,0.175,0.2047,0.2224,0.2279,0.2437,-0.053964302,1.3043307,842.0,1.4530702,2.1625,-0.053964302,-0.184907,0.1640793,0.24433525,1.6454873,0.8972441,1.4537815,3.480042,1.4530702,0.7661436,2.3920577,0.0,-18.157032,-10.861453,7.2955785,18.909536730715928,82.7797534316139,3,"{""geodesic"":false,""type"":""Point"",""coordinates"":[82.7797534316139,18.909536730715928]}"
341,316.0,0.7193398,-0.6946584,0.3119,0.16532785,0.2234,0.0533,0.0792,0.1111,0.3515815,0.1477,0.1897,0.2146,0.2191,0.2391,-0.009717514,1.3955257,864.0,1.4229015,2.0805244,-0.009717514,-0.17476459,0.23629783,0.3270745,1.9703237,0.9803132,1.4010088,3.9331653,1.4229015,0.71602565,2.804856,0.0,-17.354544,-9.719365,7.6351795,18.909536730715928,82.86958496002586,3,"{""geodesic"":false,""type"":""Point"",""coordinates"":[82.86958496002586,18.909536730715928]}"
342,323.0,0.7986355,-0.60181504,0.2683,0.1840247,0.1849,0.041811112,0.06708667,0.087958336,0.3556093,0.12591538,0.177625,0.1991,0.206775,0.2218,0.055849876,1.4502703,931.0,1.2969184,2.0986876,0.055849876,-0.12950587,0.27575603,0.40313277,2.3481593,1.1177027,1.3091636,3.993352,1.2969184,0.6888972,3.046844,0.0,-16.784582,-9.699386,7.0851965,18.909536730715928,82.95941648843781,3,"{""geodesic"":false,""type"":""Point"",""coordinates"":[82.95941648843781,18.909536730715928]}"
343,136.0,-0.7193398,0.6946584,0.2957,0.15159187,0.21785,0.05295,0.07515,0.10205,0.3167742,0.13905,0.1762,0.19915,0.20635,0.2263,-0.027109854,1.3567332,569.0,1.4323081,1.923657,-0.027109854,-0.17797032,0.2388121,0.33819714,2.0200686,0.9467768,1.3561462,3.929568,1.4323081,0.7364774,2.8947625,2.0,-16.85121,-10.373668,6.477543,18.909536730715928,83.13907954526171,3,"{""geodesic"":false,""type"":""Point"",""coordinates"":[83.13907954526171,18.909536730715928]}"
344,155.0,-0.9063078,0.42261827,0.2675,0.17376041,0.1883,0.05682,0.081842855,0.0961625,0.25716993,0.134515,0.21307647,0.23647273,0.23729,0.26374444,0.115110785,1.4198514,491.0,1.1268377,1.6894325,0.115110785,-0.05984667,0.32448557,0.42323118,2.4650304,1.2595011,1.1735312,3.26447,1.1268377,0.70366216,2.7788599,2.0,-16.377583,-9.622376,6.755205,18.909536730715928,83.22891107367366,3,"{""geodesic"":false,""type"":""Point"",""coordinates"":[83.22891107367366,18.909536730715928]}"
345,189.0,-0.98768836,-0.15643446,0.2202,0.22265407,0.14,0.044392858,0.058221053,0.06899375,0.21696472,0.10843889,0.17586666,0.20142858,0.208125,0.22638889,0.1956912,1.5717344,375.0,1.0575099,1.5506703,0.1956912,-0.02819121,0.35227066,0.50206363,3.0122116,1.485546,1.182999,3.775652,1.0575099,0.63549703,3.1869743,1.0,-11.535008,-4.7538385,6.78117,18.909536730715928,83.31874260208562,3,"{""geodesic"":false,""type"":""Point"",""coordinates"":[83.31874260208562,18.909536730715928]}"
346,96.0,-0.104528464,0.9945219,0.217,0.29436326,0.1183,0.054675,0.07275,0.06296,0.07042972,0.11636667,0.22268,0.2606,0.2707,0.28933334,0.3917738,1.8327702,300.0,0.8013294,1.1494294,0.3917738,0.11010867,0.4263413,0.62260985,4.292737,2.2863176,0.8642416,2.9787233,0.8013294,0.5449102,3.441167,1.0,-12.909735,-6.348632,6.5611024,18.909536730715928,83.40857413049757,3,"{""geodesic"":false,""type"":""Point"",""coordinates"":[83.40857413049757,18.909536730715928]}"
347,178.0,-0.99939084,0.034899496,0.25085,0.19126202,0.1703,0.06655,0.09155,0.09685,0.18543452,0.13985,0.2198,0.248,0.25175,0.2711,0.19298661,1.4721245,286.0,0.9960294,1.4531133,0.19298661,0.0017906884,0.31938192,0.4443488,2.5966992,1.4774061,1.0567375,2.7370431,0.9960294,0.67862123,2.5874162,2.0,-16.375929,-8.539097,7.8368325,18.909536730715928,83.49840565890952,3,"{""geodesic"":false,""type"":""Point"",""coordinates"":[83.49840565890952,18.909536730715928]}"
348,179.0,-0.9998477,0.017452406,0.2646,0.21403992,0.1713,0.0538,0.0767,0.0887,0.24491228,0.1408,0.2094,0.2376,0.2458,0.2651,0.17861424,1.5437573,288.0,1.0760472,1.64564,0.17861424,-0.036833856,0.30623305,0.4696562,2.768018,1.4340724,1.1549479,3.4453125,1.0760472,0.6471477,2.9797297,1.0,-13.704331,-7.1617246,6.5426073,18.909536730715928,83.58823718732147,3,"{""geodesic"":false,""type"":""Point"",""coordinates"":[83.58823718732147,18.909536730715928]}"
349,38.0,0.7880108,0.6156615,0.2808,0.16878252,0.1997,0.0504,0.066,0.0851,0.25608855,0.1183,0.1608,0.1841,0.1924,0.2136,-0.018617699,1.4054054,278.0,1.4587013,1.6851485,-0.018617699,-0.18681319,0.28713468,0.38666666,2.258216,0.962963,1.2874433,4.248109,1.4587013,0.71092916,3.2957747,0.0,-13.560691,-6.636082,6.9246087,18.909536730715928,83.67806871573343,3,"{""geodesic"":false,""type"":""Point"",""coordinates"":[83.67806871573343,18.909536730715928]}"
350,234.0,-0.58778524,-0.809017,0.28975,0.18259272,0.200275,0.06701111,0.092785716,0.106925,0.22947443,0.1518125,0.22018571,0.2439625,0.25105715,0.27044547,0.11251612,1.4460387,129.0,1.1536602,1.5932533,0.11251612,-0.071546495,0.280949,0.40262383,2.3457804,1.2529365,1.1511458,3.1194248,1.1536602,0.6909608,2.7073114,1.0,-16.007626,-9.740963,6.266662,18.909536730715928,83.85773177255733,3,"{""geodesic"":false,""type"":""Point"",""coordinates"":[83.85773177255733,18.909536730715928]}"
351,236.0,-0.5591929,-0.82903755,0.2399,0.22117586,0.153,0.0577,0.0802,0.081,0.16798846,0.1303,0.2038,0.2327,0.2417,0.2625,0.22472765,1.5669497,338.0,0.99214226,1.4013841,0.22472765,0.0037375416,0.33655804,0.49798575,2.9802713,1.5787067,1.0087173,2.9875467,0.99214226,0.6375,2.9580765,2.0,-14.498977,-8.284609,6.214367,18.909536730715928,83.94756330096928,3,"{""geodesic"":false,""type"":""Point"",""coordinates"":[83.94756330096928,18.909536730715928]}"
352,112.0,-0.37460658,0.92718387,0.3018,0.1809822,0.2093,0.0635,0.0931,0.1077,0.25817758,0.1523,0.2143,0.2389,0.252,0.2686,0.09256449,1.4412607,221.0,1.197144,1.6933962,0.09256449,-0.08992416,0.27631265,0.40116763,2.3376622,1.2034384,1.1555794,3.2381973,1.197144,0.6932759,2.799629,1.0,-14.09627,-7.314201,6.782069,18.909536730715928,84.12722635779319,3,"{""geodesic"":false,""type"":""Point"",""coordinates"":[84.12722635779319,18.909536730715928]}"
353,196.0,-0.9612617,-0.27563736,0.23168,0.2632038,0.13513333,0.037188888,0.059033334,0.061925,0.2495726,0.1134,0.2226,0.26104444,0.27321666,0.2990125,0.33814946,1.7131871,568.0,0.84766144,1.6606823,0.33814946,0.08226766,0.45006517,0.6304548,4.4049444,2.0203352,1.0472097,3.9179256,0.84766144,0.58302414,3.735268,2.0,-13.26062,-6.963092,6.2975287,18.909536730715928,84.30688941461709,3,"{""geodesic"":false,""type"":""Point"",""coordinates"":[84.30688941461709,18.909536730715928]}"
354,130.0,-0.64278764,0.76604444,0.30750626,0.16693744,0.219525,0.079506665,0.11176,0.13076666,0.24377795,0.16963333,0.22655,0.25335,0.2661857,0.28432223,0.096066885,1.4001423,25.0,1.1547982,1.6426598,0.096066885,-0.07202565,0.25264344,0.34114683,2.0340223,1.212001,1.1690208,2.7490277,1.1547982,0.7136558,2.3497677,0.0,-18.37711,-11.136125,7.240985,18.909536730715928,84.57638399985295,3,"{""geodesic"":false,""type"":""Point"",""coordinates"":[84.57638399985295,18.909536730715928]}"
355,160.0,-0.9396926,0.34202015,0.0273775,0.12856185,0.02114,0.0558,0.05185,0.04,-0.16492693,0.0406,0.03753333,0.037583333,0.034433335,0.0359,0.23920345,1.2889595,12.0,0.79278475,0.71556354,0.23920345,0.11415205,-0.06143791,-0.07478728,0.8586866,1.621155,0.76997113,0.5269971,0.79278475,0.7693567,0.6827307,0.0,-31.725977,-21.668142,10.057834,18.909536730715928,84.6662155282649,3,"{""geodesic"":false,""type"":""Point"",""coordinates"":[84.6662155282649,18.909536730715928]}"
356,0.0,1.0,0.0,0.025641667,0.10902865,0.0206,0.056141667,0.04363125,0.03775357,-0.19583629,0.037614584,0.03372222,0.0342625,0.028492857,0.028293334,0.16077404,1.2387278,0.0,0.89678574,0.67127407,0.16077404,0.052668616,-0.14142838,-0.1397919,0.75271255,1.3764665,0.8633088,0.5863465,0.89678574,0.800259,0.67739093,0.0,-33.19051,-20.948416,12.242096,18.909536730715928,84.75604705667685,3,"{""geodesic"":false,""type"":""Point"",""coordinates"":[84.75604705667685,18.909536730715928]}"
357,0.0,1.0,0.0,0.03724,0.09525385,0.0307625,0.06782,0.0618,0.054242857,-0.111230746,0.06205,0.0546,0.0522,0.0475,0.04865,0.2138636,1.2066424,0.0,0.7823529,0.7986286,0.2138636,0.12107623,-0.12104788,-0.06627352,0.87407994,1.5390847,0.8762982,0.6016155,0.7823529,0.8238484,0.68527865,0.0,-33.51642,-20.624355,12.892062,18.909536730715928,84.8458785850888,3,"{""geodesic"":false,""type"":""Point"",""coordinates"":[84.8458785850888,18.909536730715928]}"
358,0.0,1.0,0.0,0.0373,0.11343284,0.0297,0.0599,0.055,0.0534,-0.057369813,0.0555,0.0449,0.042,0.0385,0.0414,0.12903225,1.2516779,0.0,0.96632123,0.89,0.12903225,0.015831135,-0.14551084,-0.16213275,0.7196262,1.2919463,0.969147,0.676951,0.96632123,0.7941176,0.69719625,0.0,-33.26259,-20.632292,12.630297,18.909536730715928,84.93571011350076,3,"{""geodesic"":false,""type"":""Point"",""coordinates"":[84.93571011350076,18.909536730715928]}"
359,296.0,0.43837115,-0.89879405,0.24855,0.22877271,0.156,0.03915,0.06265,0.0774,0.32818532,0.1247,0.19775,0.2316,0.2404,0.25995,0.21291624,1.5922486,785.0,1.033472,1.9719745,0.21291624,-0.016668372,0.35161835,0.5129012,3.1019354,1.5400385,1.2334661,3.960956,1.033472,0.6273879,3.2070968,1.0,-16.060963,-9.225021,6.835941,18.99936825912788,82.68992190320195,3,"{""geodesic"":false,""type"":""Point"",""coordinates"":[82.68992190320195,18.99936825912788]}"
360,356.0,0.9975641,-0.06975647,0.2676,0.20432043,0.1768,0.03965,0.06585,0.08445,0.3609992,0.12985,0.188,0.21455,0.2235,0.23965,0.1166625,1.512719,817.0,1.19678,2.1245284,0.1166625,-0.08979841,0.29715833,0.45153433,2.6434062,1.2634257,1.2805156,4.0576196,1.19678,0.6604408,3.1649911,0.0,-15.619567,-8.942569,6.6769986,18.99936825912788,82.7797534316139,3,"{""geodesic"":false,""type"":""Point"",""coordinates"":[82.7797534316139,18.99936825912788]}"
361,244.0,-0.43837115,-0.89879405,0.31325,0.17652582,0.21925,0.04805,0.0739,0.0988,0.34559074,0.13825,0.1789,0.20155,0.208,0.22845,-0.026331188,1.428083,793.0,1.505286,2.0519211,-0.026331188,-0.20191847,0.24597764,0.3559322,2.1031344,0.9482562,1.3351351,4.233108,1.505286,0.69969684,3.1673408,0.0,-16.38422,-8.827679,7.556541,18.99936825912788,82.86958496002586,3,"{""geodesic"":false,""type"":""Point"",""coordinates"":[82.86958496002586,18.99936825912788]}"
362,299.0,0.4848096,-0.8746197,0.2884,0.19346161,0.1949,0.0445,0.0676,0.0882,0.32931423,0.1276,0.1718,0.1939,0.2004,0.2169,0.013913483,1.4789743,854.0,1.438404,1.9775785,0.013913483,-0.18003273,0.25921625,0.38877338,2.2695358,1.0276923,1.3028065,4.2599707,1.438404,0.6755633,3.266138,0.0,-16.156746,-8.891709,7.265036,18.99936825912788,82.95941648843781,3,"{""geodesic"":false,""type"":""Point"",""coordinates"":[82.95941648843781,18.99936825912788]}"
363,175.0,-0.9961947,0.087155744,0.2401,0.17350928,0.1691,0.0443,0.0726,0.0908,0.3441895,0.1309,0.192,0.221,0.2214,0.2414,0.13393086,1.4190308,975.0,1.0839729,2.0450451,0.13393086,-0.040520042,0.29680365,0.41832158,2.4356437,1.3085107,1.2489684,3.3026135,1.0839729,0.70399666,2.641364,0.0,-14.695721,-7.5290956,7.1666255,18.99936825912788,83.04924801684976,3,"{""geodesic"":false,""type"":""Point"",""coordinates"":[83.04924801684976,18.99936825912788]}"
364,130.0,-0.64278764,0.76604444,0.2266,0.22288181,0.144,0.0492,0.0671,0.0607,0.10464058,0.1134,0.2159,0.2523,0.2607,0.2827,0.28836176,1.5725191,890.0,0.868865,1.2312373,0.28836176,0.069977425,0.4274173,0.62227756,4.287829,1.8091604,0.9032738,3.3720238,0.868865,0.6352007,3.7269738,2.0,-13.834035,-7.2403536,6.5936813,18.99936825912788,83.22891107367366,3,"{""geodesic"":false,""type"":""Point"",""coordinates"":[83.22891107367366,18.99936825912788]}"
365,118.0,-0.46947157,0.88294756,0.2792,0.1934174,0.1887,0.0629,0.0814,0.088,0.16633531,0.1396,0.2094,0.2376,0.243,0.2663,0.12578179,1.4788135,563.0,1.1484985,1.3968254,0.12578179,-0.0693221,0.31214586,0.46827793,2.7582293,1.2870762,1.0797546,3.425767,1.1484985,0.67561764,3.169126,2.0,-13.9853325,-6.7960596,7.1892734,18.99936825912788,83.31874260208562,3,"{""geodesic"":false,""type"":""Point"",""coordinates"":[83.31874260208562,18.99936825912788]}"
366,295.0,0.42261827,-0.9063078,0.2756,0.21677704,0.1774,0.0597,0.0806,0.0887,0.19541779,0.1332,0.202,0.232,0.2423,0.2658,0.15463427,1.5526761,200.0,1.1369637,1.4832776,0.15463427,-0.06429813,0.33233082,0.46404833,2.7286036,1.3650705,1.0991325,3.4151177,1.1369637,0.643453,3.1036036,1.0,-15.916786,-9.407983,6.508803,18.99936825912788,83.40857413049757,3,"{""geodesic"":false,""type"":""Point"",""coordinates"":[83.40857413049757,18.99936825912788]}"
367,144.0,-0.809017,0.58778524,0.2252,0.2531998,0.1342,0.0442,0.0684,0.063,0.17537314,0.1194,0.2127,0.2471,0.2567,0.2749,0.31337938,1.6768429,550.0,0.87694705,1.4221219,0.31337938,0.06536626,0.39436978,0.6058805,4.0681458,1.9113925,0.919708,3.2875912,0.87694705,0.59565026,3.5689383,2.0,-15.0879755,-8.922217,6.1657577,18.99936825912788,83.58823718732147,3,"{""geodesic"":false,""type"":""Point"",""coordinates"":[83.58823718732147,18.99936825912788]}"
368,334.0,0.89879405,-0.43837115,0.3227,0.17838232,0.225,0.0693,0.0927,0.1101,0.22742476,0.1552,0.2173,0.2494,0.2577,0.2824,0.06774394,1.433585,112.0,1.2517456,1.5864553,0.06774394,-0.11199173,0.29067641,0.40130505,2.3384755,1.1448245,1.1864225,3.4773707,1.2517456,0.697026,2.928312,0.0,-16.336798,-9.871841,6.464957,18.99936825912788,83.76790024414538,3,"{""geodesic"":false,""type"":""Point"",""coordinates"":[83.76790024414538,18.99936825912788]}"
369,250.0,-0.34202015,-0.9396926,0.2808,0.19795223,0.188,0.0604,0.083,0.0937,0.21609345,0.1423,0.2004,0.2268,0.2382,0.2616,0.117785074,1.492823,210.0,1.1783466,1.5487603,0.117785074,-0.08208092,0.29537013,0.4353721,2.5394456,1.2663476,1.1275572,3.3790615,1.1783466,0.6692773,2.9936035,1.0,-15.334716,-8.691927,6.6427884,18.99936825912788,83.85773177255733,3,"{""geodesic"":false,""type"":""Point"",""coordinates"":[83.85773177255733,18.99936825912788]}"
370,265.0,-0.087155744,-0.9961947,0.26155,0.22865531,0.1642,0.0626,0.0817,0.0846,0.14945652,0.13135,0.2008,0.23245,0.24355,0.26865,0.19460453,1.591905,388.0,1.0734661,1.3492823,0.19460453,-0.035636507,0.34325,0.48438215,2.8754427,1.4823494,1.0342299,3.1974328,1.0734661,0.6275559,3.0879574,1.0,-14.834614,-8.4434395,6.391174,18.99936825912788,83.94756330096928,3,"{""geodesic"":false,""type"":""Point"",""coordinates"":[83.94756330096928,18.99936825912788]}"
371,58.0,0.52991927,0.8480481,0.22855,0.24856597,0.13755,0.0388,0.05935,0.0619,0.22939424,0.1086,0.1877,0.21805,0.23065,0.2484,0.25285172,1.6603705,678.0,0.9904659,1.5912596,0.25285172,0.0045731706,0.39159665,0.5768245,3.7201612,1.6756266,1.0412111,3.844407,0.9904659,0.6015745,3.6862903,1.0,-15.445712,-9.101515,6.3441973,18.99936825912788,84.03739482938123,3,"{""geodesic"":false,""type"":""Point"",""coordinates"":[84.03739482938123,18.99936825912788]}"
372,182.0,-0.99939084,-0.034899496,0.2884,0.22229286,0.1835,0.05575,0.0811,0.08805,0.22461753,0.14,0.2153,0.24585,0.25835,0.2769,0.16940138,1.5708061,270.0,1.1158831,1.5765443,0.16940138,-0.054961134,0.3283761,0.49162817,2.9307997,1.4071351,1.0843596,3.5517242,1.1158831,0.63604856,3.271696,2.0,-14.276956,-7.5490956,6.72786,18.99936825912788,84.12722635779319,3,"{""geodesic"":false,""type"":""Point"",""coordinates"":[84.12722635779319,18.99936825912788]}"
373,243.0,-0.4539905,-0.8910065,0.2333,0.24926372,0.1402,0.0424,0.0626,0.0608,0.17829457,0.1122,0.2132,0.255,0.2645,0.2848,0.3071411,1.6628653,692.0,0.88170826,1.4305882,0.3071411,0.062675774,0.43476072,0.6261912,4.3431854,1.8852459,0.969697,3.7208931,0.88170826,0.60068554,3.8308704,2.0,-14.939431,-8.47284,6.4665904,18.99936825912788,84.21705788620514,3,"{""geodesic"":false,""type"":""Point"",""coordinates"":[84.21705788620514,18.99936825912788]}"
374,111.0,-0.35836795,0.9335804,0.1887,0.22691807,0.1189,0.0306,0.0478,0.0456,0.19685039,0.0827,0.1754,0.2077,0.2143,0.2288,0.28631452,1.5857143,290.0,0.8801306,1.485342,0.28631452,0.063523576,0.46902087,0.64909583,4.689278,1.8008404,0.9519833,3.9394572,0.8801306,0.62976694,4.1291027,3.0,-11.238482,-3.328858,7.9096246,18.99936825912788,84.39672094302904,3,"{""geodesic"":false,""type"":""Point"",""coordinates"":[84.39672094302904,18.99936825912788]}"
375,109.0,-0.32556817,0.94551855,0.2804,0.176915,0.1961,0.0582,0.0848,0.0941,0.23571898,0.1396,0.2067,0.2331,0.2412,0.2586,0.10313286,1.4291539,164.0,1.1620389,1.6140652,0.10313286,-0.07515337,0.2988448,0.4387116,2.5605094,1.2293578,1.1083628,3.302709,1.1620389,0.6991087,2.9766455,1.0,-14.394845,-8.4492855,5.945559,18.99936825912788,84.48655247144099,3,"{""geodesic"":false,""type"":""Point"",""coordinates"":[84.48655247144099,18.99936825912788]}"
376,100.0,-0.17364818,0.9848077,0.3061,0.13643958,0.2326,0.0788,0.1096,0.1372,0.27037036,0.1698,0.2084,0.2285,0.2382,0.2517,0.011894647,1.3154275,58.0,1.2845153,1.73891,0.011894647,-0.12474738,0.19430605,0.26904634,1.7348871,1.0236356,1.2506837,2.7903373,1.2845153,0.7596342,2.2294247,0.0,-19.24755,-11.327842,7.9197063,18.99936825912788,84.57638399985295,3,"{""geodesic"":false,""type"":""Point"",""coordinates"":[84.57638399985295,18.99936825912788]}"
377,100.0,-0.17364818,0.9848077,0.1779,0.15820312,0.1293,0.0443,0.0699,0.075,0.25733444,0.1208,0.2074,0.2443,0.2453,0.2712,0.30966365,1.3748068,72.0,0.72493887,1.6891892,0.30966365,0.15926276,0.38367346,0.53168905,3.2663116,1.8956723,1.0714285,2.5414286,0.72493887,0.7264045,2.3688416,0.0,-15.602448,-8.324776,7.277673,18.99936825912788,84.6662155282649,3,"{""geodesic"":false,""type"":""Point"",""coordinates"":[84.6662155282649,18.99936825912788]}"
378,97.0,-0.12186934,0.99254614,0.0288,0.114119925,0.0229,0.056,0.054,0.0443,-0.11665005,0.0456,0.0419,0.0418,0.0374,0.0396,0.24046434,1.2521739,0.0,0.768,0.78966135,0.24046434,0.12990937,-0.07042254,-0.084455326,0.8423423,1.626087,0.818854,0.5323475,0.768,0.79238755,0.6486486,0.0,-32.073936,-20.267824,11.80611,18.99936825912788,84.75604705667685,3,"{""geodesic"":false,""type"":""Point"",""coordinates"":[84.75604705667685,18.99936825912788]}"
379,0.0,1.0,0.0,0.033,0.06969206,0.0287,0.0629,0.0516,0.043,-0.18791312,0.0456,0.043,0.0429,0.0397,0.0425,0.16081871,1.1458334,0.0,0.8291457,0.6825397,0.16081871,0.09215956,-0.035187285,-0.039903264,0.92111367,1.3784722,0.8317215,0.63829786,0.8291457,0.8670695,0.76566124,0.0,-33.1171,-20.317028,12.800074,18.99936825912788,85.02554164191271,3,"{""geodesic"":false,""type"":""Point"",""coordinates"":[85.02554164191271,18.99936825912788]}"
380,39.0,0.777146,0.6293204,0.3311,0.1559745,0.24175,0.07075,0.1029,0.12835,0.28930187,0.169,0.2119,0.23495,0.2388,0.26175,-0.0061387992,1.3690304,591.0,1.3859355,1.8115737,-0.0061387992,-0.16195823,0.2153221,0.30083072,1.8590891,0.98738885,1.2461165,3.2145631,1.3859355,0.7299215,2.5776567,0.0,-18.229786,-11.679248,6.550537,19.08919978753983,82.60009037479,3,"{""geodesic"":false,""type"":""Point"",""coordinates"":[82.60009037479,19.08919978753983]}"
381,321.0,0.777146,-0.6293204,0.29215,0.19171935,0.19815,0.0524,0.08025,0.097,0.29852745,0.1477,0.21085,0.235,0.23935,0.26415,0.09417143,1.4736444,699.0,1.2200876,1.847619,0.09417143,-0.09934149,0.28274858,0.42321986,2.4649847,1.207314,1.2072184,3.6359677,1.2200876,0.6780154,3.0087538,1.0,-17.771177,-10.285017,7.48616,19.08919978753983,82.68992190320195,3,"{""geodesic"":false,""type"":""Point"",""coordinates"":[82.68992190320195,19.08919978753983]}"
382,300.0,0.5,-0.8660254,0.2541,0.19464034,0.1713,0.039,0.0656,0.0801,0.34508815,0.1243,0.1982,0.2236,0.2278,0.2523,0.14156853,1.4824971,725.0,1.1149627,2.0485933,0.14156853,-0.054575637,0.33988318,0.4797012,2.840399,1.3290548,1.2191781,3.86758,1.1149627,0.67387885,3.1683292,1.0,-17.632467,-10.859586,6.772881,19.08919978753983,82.7797534316139,3,"{""geodesic"":false,""type"":""Point"",""coordinates"":[82.7797534316139,19.08919978753983]}"
383,252.0,-0.309017,-0.95105654,0.3358,0.15217018,0.2471,0.0565,0.0789,0.1184,0.35391653,0.1492,0.1731,0.1931,0.1969,0.2172,-0.11306306,1.3584143,883.0,1.7045685,2.0918727,-0.11306306,-0.26074713,0.18558952,0.24896924,1.6616033,0.796521,1.4987342,4.250633,1.7045685,0.7356356,2.8337553,1.0,-15.20694,-8.131668,7.0752716,19.08919978753983,82.86958496002586,3,"{""geodesic"":false,""type"":""Point"",""coordinates"":[82.86958496002586,19.08919978753983]}"
384,248.0,-0.37460658,-0.92718387,0.2807,0.19472228,0.1892,0.0418,0.0652,0.084,0.3354531,0.1213,0.1686,0.1884,0.1926,0.2095,0.008905186,1.4828315,864.0,1.4566684,2.0047734,0.008905186,-0.18613987,0.26662636,0.39262474,2.2901309,1.0174327,1.2863706,4.2986217,1.4566684,0.6737892,3.3376932,0.0,-16.374159,-9.621094,6.753064,19.08919978753983,82.95941648843781,3,"{""geodesic"":false,""type"":""Point"",""coordinates"":[82.95941648843781,19.08919978753983]}"
385,49.0,0.656059,0.7547096,0.28775,0.19040231,0.1957,0.0372,0.0634,0.08385,0.38537794,0.12615,0.18355,0.20385,0.2137,0.22885,0.04396678,1.4696119,958.0,1.345884,2.2479892,0.04396678,-0.14767176,0.28929576,0.43639725,2.5455627,1.0914198,1.3204725,4.531496,1.345884,0.679868,3.4276354,1.0,-15.544416,-8.894646,6.6497707,19.08919978753983,83.04924801684976,3,"{""geodesic"":false,""type"":""Point"",""coordinates"":[83.04924801684976,19.08919978753983]}"
386,56.0,0.5591929,0.82903755,0.28005,0.18226913,0.1937,0.04925,0.07545,0.0888,0.2864904,0.13385,0.18305,0.2078,0.2156,0.2369,0.053505987,1.4450464,832.0,1.298331,1.7993921,0.053505987,-0.13003127,0.2779501,0.41655716,2.425197,1.1124871,1.1753806,3.7068167,1.298331,0.6914153,3.1501687,1.0,-16.099665,-9.232597,6.8670673,19.08919978753983,83.13907954526171,3,"{""geodesic"":false,""type"":""Point"",""coordinates"":[83.13907954526171,19.08919978753983]}"
387,49.0,0.656059,0.7547096,0.2345,0.24535316,0.1421,0.0397,0.0594,0.0643,0.23653845,0.1077,0.1898,0.2215,0.2328,0.2523,0.24193119,1.6490858,792.0,1.0068699,1.6155779,0.24193119,-0.00363792,0.40166667,0.5671491,3.6149068,1.6371309,1.0806723,3.9411764,1.0068699,0.6057119,3.6413043,1.0,-11.766196,-4.85294,6.913256,19.08919978753983,83.22891107367366,3,"{""geodesic"":false,""type"":""Point"",""coordinates"":[83.22891107367366,19.08919978753983]}"
388,145.0,-0.81915206,0.57357645,0.276,0.19170985,0.1872,0.0622,0.084,0.0982,0.2244389,0.138,0.2123,0.2412,0.2508,0.2731,0.14520548,1.4735718,224.0,1.1000398,1.576244,0.14520548,-0.04783599,0.3286305,0.43724927,2.5513732,1.3390282,1.1676575,3.2818074,1.1000398,0.67801523,2.8077314,0.0,-14.728439,-7.8719454,6.856494,19.08919978753983,83.40857413049757,3,"{""geodesic"":false,""type"":""Point"",""coordinates"":[83.40857413049757,19.08919978753983]}"
389,282.0,0.20791169,-0.9781476,0.2755,0.19096509,0.18715,0.0578,0.0829,0.0936,0.2364597,0.14185,0.2093,0.2377,0.2477,0.2663,0.13924342,1.4712951,445.0,1.1117837,1.6165804,0.13924342,-0.053134557,0.30491242,0.45150894,2.6435432,1.3228304,1.1277108,3.319277,1.1117837,0.67906386,2.940235,2.0,-16.152365,-9.464992,6.687373,19.08919978753983,83.49840565890952,3,"{""geodesic"":false,""type"":""Point"",""coordinates"":[83.49840565890952,19.08919978753983]}"
390,127.0,-0.60181504,0.7986355,0.2587,0.2015792,0.1719,0.0462,0.0641,0.0674,0.18661971,0.1156,0.1869,0.2129,0.2262,0.2387,0.13639788,1.5040698,691.0,1.1431727,1.4557235,0.13639788,-0.06702413,0.34744567,0.5408719,3.3511112,1.3151163,1.0498443,4.029595,1.1431727,0.6642195,3.8325925,0.0,-9.807117,-2.146147,7.6609707,19.08919978753983,83.58823718732147,3,"{""geodesic"":false,""type"":""Point"",""coordinates"":[83.58823718732147,19.08919978753983]}"
391,87.0,0.052335955,0.9986295,0.3253,0.15621112,0.2374,0.0694,0.0891,0.1124,0.23652366,0.1533,0.2088,0.2359,0.2488,0.2664,0.023447141,1.3696842,350.0,1.3069506,1.6172662,0.023447141,-0.13325204,0.2694782,0.3776301,2.2115555,1.0475789,1.2600896,3.646861,1.3069506,0.7295636,2.8915555,2.0,-15.696375,-8.834283,6.862092,19.08919978753983,83.67806871573343,3,"{""geodesic"":false,""type"":""Point"",""coordinates"":[83.67806871573343,19.08919978753983]}"
392,289.0,0.32556817,-0.94551855,0.2498,0.2430953,0.1521,0.0597,0.0788,0.0813,0.15319149,0.1341,0.213,0.2454,0.2538,0.2789,0.25055432,1.6412615,236.0,0.9838519,1.3595318,0.25055432,0.007942812,0.35060534,0.5147717,3.1179361,1.6675427,1.0304183,3.166033,0.9838519,0.6086435,3.0687962,1.0,-14.703698,-8.347129,6.35657,19.08919978753983,83.85773177255733,3,"{""geodesic"":false,""type"":""Point"",""coordinates"":[83.85773177255733,19.08919978753983]}"
393,292.0,0.37460658,-0.92718387,0.22935,0.26958206,0.13195,0.05065,0.0761,0.07185,0.17306122,0.13145,0.22455,0.25485,0.26485,0.28285,0.33492944,1.7368422,360.0,0.86563504,1.4157635,0.33492944,0.07183327,0.36543566,0.5732106,3.6810286,2.0056796,0.9429134,3.0098426,0.86563504,0.5750708,3.1876304,2.0,-14.840926,-8.138651,6.7022753,19.08919978753983,83.94756330096928,3,"{""geodesic"":false,""type"":""Point"",""coordinates"":[83.94756330096928,19.08919978753983]}"
394,314.0,0.6946584,-0.7193398,0.19915,0.2680675,0.11495,0.0299,0.05735,0.04995,0.2510958,0.10785,0.19735,0.23205,0.23995,0.2564,0.3522119,1.7309865,647.0,0.8296188,1.665,0.3522119,0.09291733,0.4078243,0.6553984,4.7942057,2.085615,0.8694517,3.4664927,0.8296188,0.5769134,3.979021,0.0,-14.661632,-7.898408,6.7632236,19.08919978753983,84.03739482938123,3,"{""geodesic"":false,""type"":""Point"",""coordinates"":[84.03739482938123,19.08919978753983]}"
395,196.0,-0.9612617,-0.27563736,0.23845,0.25947446,0.1402,0.04385,0.06705,0.0677,0.21380547,0.1206,0.20795,0.24125,0.2517,0.27005,0.28451136,1.6995723,700.0,0.9469817,1.5403868,0.28451136,0.027032541,0.38256752,0.57608014,3.7123895,1.7940128,1.0081906,3.5510051,0.9469817,0.5877175,3.5169616,2.0,-14.431985,-7.774468,6.6575165,19.08919978753983,84.12722635779319,3,"{""geodesic"":false,""type"":""Point"",""coordinates"":[84.12722635779319,19.08919978753983]}"
396,72.0,0.309017,0.95105654,0.2388,0.23666494,0.1474,0.0452,0.0663,0.0622,0.15828678,0.1183,0.1956,0.2267,0.2399,0.2545,0.23883295,1.618983,807.0,0.995,1.3730685,0.23883295,0.0022978901,0.36534336,0.5882158,3.8507223,1.6264406,0.936747,3.5963855,0.995,0.61699456,3.8330657,0.0,-16.082302,-9.530644,6.551657,19.08919978753983,84.30688941461709,3,"{""geodesic"":false,""type"":""Point"",""coordinates"":[84.30688941461709,19.08919978753983]}"
397,74.0,0.27563736,0.9612617,0.2028,0.2872104,0.1123,0.0421,0.0629,0.0519,0.10425532,0.1036,0.2191,0.2556,0.2618,0.2812,0.39962578,1.8042705,556.0,0.77434134,1.2298578,0.39962578,0.12699096,0.46153846,0.6691106,5.0346155,2.3291814,0.8238095,3.2190475,0.77434134,0.5534746,3.9,2.0,-15.982616,-9.929047,6.0535693,19.08919978753983,84.39672094302904,3,"{""geodesic"":false,""type"":""Point"",""coordinates"":[84.39672094302904,19.08919978753983]}"
398,89.0,0.017452406,0.9998477,0.3092,0.15351613,0.2269,0.0723,0.1001,0.1206,0.2503888,0.1594,0.2065,0.2279,0.2376,0.2486,0.023035523,1.3621145,42.0,1.3007994,1.6657459,0.023035523,-0.13094367,0.21862745,0.32663316,1.968517,1.0466961,1.2035928,3.0858283,1.3007994,0.733592,2.5617232,0.0,-17.450624,-10.816022,6.6346025,19.08919978753983,84.57638399985295,3,"{""geodesic"":false,""type"":""Point"",""coordinates"":[84.57638399985295,19.08919978753983]}"
399,31.0,0.8571673,0.5150381,0.2394,0.16157205,0.1728,0.0695,0.0922,0.1001,0.18042453,0.1363,0.2165,0.2407,0.2464,0.2609,0.17557251,1.3846154,20.0,0.9711968,1.4382184,0.17557251,0.014409222,0.31369588,0.42222223,2.459082,1.4251012,1.084507,2.5937161,0.9711968,0.72150314,2.3892217,0.0,-15.632166,-8.640532,6.9916344,19.08919978753983,84.6662155282649,3,"{""geodesic"":false,""type"":""Point"",""coordinates"":[84.6662155282649,19.08919978753983]}"
400,118.0,-0.46947157,0.88294756,0.0532,0.16411379,0.0382,0.0736,0.0882,0.0813,0.04970949,0.107,0.104,0.1103,0.1034,0.1025,0.460452,1.3890339,2.0,0.51400965,1.1031208,0.460452,0.32056195,-0.021479713,0.11965349,1.2702702,2.699739,0.9207248,0.6024915,0.51400965,0.71669793,0.65356266,0.0,-18.182268,-11.545579,6.63669,19.08919978753983,84.75604705667685,3,"{""geodesic"":false,""type"":""Point"",""coordinates"":[84.75604705667685,19.08919978753983]}"
401,90.0,6.123234E-17,1.0,0.0304,0.16923077,0.0216,0.0548,0.0598,0.0535,-0.012003694,0.0532,0.0477,0.0453,0.04,0.0404,0.2987013,1.4009217,0.0,0.75810474,0.9744991,0.2987013,0.13636364,-0.13675214,-0.14438502,0.74626863,1.843318,0.8931553,0.5075125,0.75810474,0.7081967,0.5671642,0.0,-32.88691,-20.994623,11.892285,19.08919978753983,84.8458785850888,3,"{""geodesic"":false,""type"":""Point"",""coordinates"":[84.8458785850888,19.08919978753983]}"
402,0.0,1.0,0.0,0.0373,0.09224012,0.031,0.0624,0.0625,0.0583,-0.033968516,0.0619,0.0579,0.0589,0.052,0.0528,0.25301206,1.1993569,0.0,0.7159309,0.9328,0.25301206,0.16461366,-0.0793374,-0.057116956,0.89041096,1.6720257,0.9313099,0.59584665,0.7159309,0.82887703,0.63869864,0.0,-33.19295,-20.16489,13.02806,19.08919978753983,85.02554164191271,3,"{""geodesic"":false,""type"":""Point"",""coordinates"":[85.02554164191271,19.08919978753983]}"
403,0.0,1.0,0.0,0.0406,0.11691885,0.0321,0.0673,0.0629,0.06,-0.057344854,0.0666,0.0609,0.0604,0.0476,0.0547,0.1944793,1.2608696,0.0,0.851153,0.8902077,0.1944793,0.07936508,-0.09810387,-0.11524164,0.7920133,1.4782609,0.95238096,0.64444447,0.851153,0.7886978,0.67554075,0.0,-31.626661,-18.644697,12.981963,19.08919978753983,85.20520469873661,3,"{""geodesic"":false,""type"":""Point"",""coordinates"":[85.20520469873661,19.08919978753983]}"
404,0.0,1.0,0.0,0.0559,0.092864126,0.0464,0.0759,0.0694,0.0706,-0.036177475,0.0685,0.0624,0.0627,0.0594,0.0581,0.12287334,1.2021506,0.0,0.9394958,0.9289474,0.12287334,0.030355593,-0.0821485,-0.08615384,0.8401697,1.2774193,1.0158273,0.8043165,0.9394958,0.82857144,0.7906648,0.0,-30.712143,-19.267126,11.445018,19.08919978753983,85.29503622714856,3,"{""geodesic"":false,""type"":""Point"",""coordinates"":[85.29503622714856,19.08919978753983]}"
405,0.0,1.0,0.0,0.0581,0.13809991,0.044,0.0667,0.0697,0.0688,0.015498155,0.0755,0.0694,0.0676,0.064,0.0604,0.18518518,1.3174603,0.0,0.90639627,1.0299401,0.18518518,0.04832105,-0.11111111,-0.036144577,0.9288824,1.4512472,0.98567337,0.8323782,0.90639627,0.75601375,0.8432511,0.0,-31.830948,-18.811352,13.019597,19.08919978753983,85.47469928397247,3,"{""geodesic"":false,""type"":""Point"",""coordinates"":[85.47469928397247,19.08919978753983]}"
406,0.0,1.0,0.0,0.0469,0.11401425,0.0373,0.0777,0.0686,0.0665,-0.0776699,0.0768,0.0688,0.067,0.0588,0.0666,0.22372529,1.2540107,0.0,0.7962648,0.85475576,0.22372529,0.11258278,-0.07112971,-0.061452515,0.8828829,1.5721925,0.9679767,0.6826783,0.7962648,0.793617,0.7042042,0.0,-31.81152,-19.029089,12.78243,19.08919978753983,85.56453081238442,3,"{""geodesic"":false,""type"":""Point"",""coordinates"":[85.56453081238442,19.08919978753983]}"
407,0.0,1.0,0.0,0.0536,0.14529915,0.04,0.064,0.0579,0.0566,-0.061359867,0.06,0.0566,0.0563,0.0553,0.0564,0.16054565,1.3366584,0.0,0.96750903,0.8829953,0.16054565,0.015610652,-0.030927835,-0.011617515,0.97530866,1.3790524,0.9758621,0.92413795,0.96750903,0.74487895,0.94532627,0.0,-31.491516,-18.633387,12.8581295,19.08919978753983,85.65436234079637,3,"{""geodesic"":false,""type"":""Point"",""coordinates"":[85.65436234079637,19.08919978753983]}"
408,0.0,1.0,0.0,0.0487,0.15334517,0.03575,0.06375,0.0579,0.05455,-0.077768385,0.06325,0.05815,0.0583,0.04805,0.05355,0.14677805,1.3584379,0.0,1.0114226,0.8543461,0.14677805,-0.0067183464,-0.08304795,-0.06335282,0.87923145,1.3403069,0.94051725,0.83965516,1.0114226,0.732582,0.8911253,0.0,-31.420166,-18.515774,12.904392,19.08919978753983,85.74419386920833,3,"{""geodesic"":false,""type"":""Point"",""coordinates"":[85.74419386920833,19.08919978753983]}"
409,0.0,1.0,0.0,0.0426,0.15290934,0.0313,0.0646,0.0564,0.0512,-0.115716755,0.0616,0.0559,0.0569,0.0437,0.0525,0.16533333,1.3566879,0.0,0.9726027,0.79134464,0.16533333,0.012746234,-0.0797546,-0.07903056,0.8518519,1.3917197,0.9061947,0.7539823,0.9726027,0.7330211,0.83040935,0.0,-31.325752,-18.00773,13.318022,19.08919978753983,85.83402539762028,3,"{""geodesic"":false,""type"":""Point"",""coordinates"":[85.83402539762028,19.08919978753983]}"
410,0.0,1.0,0.0,0.0453,0.091566265,0.0377,0.0667,0.0681,0.0682,0.011119348,0.0717,0.0658,0.0639,0.0543,0.056,0.18043478,1.1984127,0.0,0.8327206,1.0209581,0.18043478,0.090361446,-0.1229444,-0.113469385,0.79502195,1.4365079,1.0,0.6642229,0.8327206,0.8303965,0.6632504,0.0,-31.15977,-17.148102,14.011667,19.08919978753983,85.92385692603223,3,"{""geodesic"":false,""type"":""Point"",""coordinates"":[85.92385692603223,19.08919978753983]}"
411,0.0,1.0,0.0,0.0142,0.18828452,0.0097,0.0406,0.0304,0.0228,-0.2807571,0.0218,0.0174,0.0172,0.0168,0.0164,0.26792452,1.4489796,0.0,0.84023666,0.5601966,0.26792452,0.08387097,-0.14136125,-0.15151516,0.73362446,1.7142857,0.747541,0.46557376,0.84023666,0.67832166,0.6200873,0.0,-29.965183,-16.819937,13.145247,19.08919978753983,86.10351998285613,3,"{""geodesic"":false,""type"":""Point"",""coordinates"":[86.10351998285613,19.08919978753983]}"
412,0.0,1.0,0.0,0.01135,0.17922078,0.0079,0.0385,0.025,0.01885,-0.34263295,0.0205,0.01675,0.01605,0.0144,0.01495,0.29147983,1.41875,0.0,0.7827586,0.48834196,0.29147983,0.1184466,-0.15655853,-0.13383459,0.75989443,1.8,0.750996,0.45219123,0.7827586,0.6899563,0.5989446,0.0,-31.109304,-15.729048,15.380256,19.08919978753983,86.19335151126809,3,"{""geodesic"":false,""type"":""Point"",""coordinates"":[86.19335151126809,19.08919978753983]}"
413,0.0,1.0,0.0,0.0111,0.18716578,0.0076,0.0431,0.0322,0.024,-0.2846498,0.0217,0.0178,0.0179,0.0178,0.0171,0.4015748,1.4415585,0.0,0.6201117,0.5555556,0.4015748,0.2318339,-0.1185567,-0.14832535,0.7385892,2.3116884,0.74303406,0.34365326,0.6201117,0.6785714,0.46058092,0.0,-31.189854,-16.320293,14.86956,19.08919978753983,86.37301456809199,3,"{""geodesic"":false,""type"":""Point"",""coordinates"":[86.37301456809199,19.08919978753983]}"
414,0.0,1.0,0.0,0.01455,0.12138728,0.0114,0.05,0.036,0.02835,-0.27632418,0.02685,0.0229,0.02245,0.02125,0.021,0.30168453,1.2652174,0.0,0.6814988,0.56586826,0.30168453,0.18715084,-0.122257054,-0.14314516,0.7469244,1.8478261,0.78531855,0.40304708,0.6814988,0.778157,0.5114235,0.0,-31.415651,-16.697426,14.718227,19.08919978753983,86.46284609650394,3,"{""geodesic"":false,""type"":""Point"",""coordinates"":[86.46284609650394,19.08919978753983]}"
415,0.0,1.0,0.0,0.0234,0.069714285,0.02035,0.0541,0.041,0.0356,-0.20624304,0.03685,0.03265,0.03215,0.02685,0.028,0.13771187,1.1442543,0.0,0.86827457,0.65682656,0.13771187,0.06865671,-0.13646877,-0.14011209,0.7521008,1.3129585,0.86618006,0.5693431,0.86827457,0.86595744,0.6554622,0.0,-31.291403,-17.447292,13.84411,19.08919978753983,86.64250915332785,3,"{""geodesic"":false,""type"":""Point"",""coordinates"":[86.64250915332785,19.08919978753983]}"
416,0.0,1.0,0.0,0.0324,0.06142506,0.02865,0.05355,0.0442,0.0385,-0.1634981,0.0436,0.03915,0.0377,0.0328,0.0342,0.06753458,1.1269565,0.0,0.9848024,0.7176142,0.06753458,0.006134969,-0.12082262,-0.079943895,0.8497409,1.1408696,0.86907446,0.73137695,0.9848024,0.88153845,0.83937824,0.0,-32.376503,-18.040766,14.335736,19.08919978753983,86.9120037385637,3,"{""geodesic"":false,""type"":""Point"",""coordinates"":[86.9120037385637,19.08919978753983]}"
417,348.0,0.9781476,-0.20791169,0.2997,0.17506371,0.2104,0.059,0.0817,0.0986,0.25126904,0.1411,0.1955,0.2189,0.2298,0.2491,0.044070877,1.423753,590.0,1.3036103,1.6683587,0.044070877,-0.13201132,0.27678114,0.3995128,2.3282676,1.0916865,1.205379,3.663814,1.3036103,0.7018012,3.0364742,0.0,-18.686375,-11.785944,6.90043,19.179031315951782,82.60009037479,3,"{""geodesic"":false,""type"":""Point"",""coordinates"":[82.60009037479,19.179031315951782]}"
418,304.0,0.5591929,-0.82903755,0.2746,0.17753002,0.1918,0.0379,0.0583,0.0794,0.35379368,0.1184,0.1665,0.1885,0.1975,0.2155,0.014641665,1.4309536,841.0,1.3896761,2.0894737,0.014641665,-0.16331285,0.29080564,0.42650777,2.4842768,1.0291818,1.3595891,4.702055,1.3896761,0.69821626,3.454088,1.0,-15.083714,-8.275055,6.8086586,19.179031315951782,82.86958496002586,3,"{""geodesic"":false,""type"":""Point"",""coordinates"":[82.86958496002586,19.179031315951782]}"
419,235.0,-0.57357645,-0.81915206,0.3071,0.14525452,0.2292,0.047,0.0712,0.1047,0.38035595,0.1388,0.171,0.19,0.1961,0.2147,-0.07782742,1.3392935,877.0,1.5652395,2.22293,-0.07782742,-0.22058824,0.21471004,0.30385637,1.8711832,0.8552115,1.4684432,4.3071527,1.5652395,0.74609375,2.9303436,0.0,-16.205587,-8.966804,7.238783,19.179031315951782,82.95941648843781,3,"{""geodesic"":false,""type"":""Point"",""coordinates"":[82.95941648843781,19.179031315951782]}"
420,65.0,0.42261827,0.9063078,0.2533,0.1936852,0.1711,0.04245,0.0617,0.07655,0.28655463,0.1148,0.1679,0.1887,0.19555,0.21565,0.06668485,1.4795561,876.0,1.2946588,1.79906,0.06668485,-0.12866214,0.30518988,0.43733922,2.5512068,1.1422313,1.2386731,4.0987053,1.2946588,0.67521703,3.3046315,0.0,-13.675764,-7.1439643,6.5318,19.179031315951782,83.04924801684976,3,"{""geodesic"":false,""type"":""Point"",""coordinates"":[83.04924801684976,19.179031315951782]}"
421,77.0,0.22495106,0.97437006,0.2468,0.22648776,0.15565,0.0462,0.0681,0.0766,0.247557,0.1191,0.19295,0.2255,0.23635,0.25885,0.20586735,1.5845907,633.0,1.0437725,1.6544276,0.20586735,-0.021628894,0.3697579,0.5104649,3.0814862,1.517496,1.1231672,3.6187682,1.0437725,0.63041717,3.2177315,1.0,-11.425436,-4.8717194,6.5537167,19.179031315951782,83.31874260208562,3,"{""geodesic"":false,""type"":""Point"",""coordinates"":[83.31874260208562,19.179031315951782]}"
422,253.0,-0.2923717,-0.9563047,0.23825,0.13668893,0.18095,0.07385,0.0961,0.1144,0.21540505,0.14795,0.2013,0.22285,0.2231,0.23845,0.104318775,1.3159348,298.0,1.0674284,1.5469912,0.104318775,-0.032838408,0.23421325,0.3220741,1.9484717,1.2322563,1.1891892,2.4766111,1.0674284,0.7591777,2.080786,0.0,-14.843136,-5.1292567,9.71388,19.179031315951782,83.40857413049757,3,"{""geodesic"":false,""type"":""Point"",""coordinates"":[83.40857413049757,19.179031315951782]}"
423,265.0,-0.087155744,-0.9961947,0.2665,0.18642181,0.18275,0.04915,0.0669,0.0811,0.2452975,0.12085,0.1687,0.19195,0.2042,0.22025,0.05543352,1.4574788,470.0,1.3044542,1.6467005,0.05543352,-0.13235606,0.29141015,0.43147564,2.5147784,1.1167624,1.2104478,3.977612,1.3044542,0.6854839,3.2820196,1.0,-14.386047,-7.069573,7.3164744,19.179031315951782,83.49840565890952,3,"{""geodesic"":false,""type"":""Point"",""coordinates"":[83.49840565890952,19.179031315951782]}"
424,88.0,0.034899496,0.99939084,0.2609,0.25101894,0.1562,0.0627,0.0837,0.0828,0.13814433,0.136,0.2323,0.2719,0.279,0.3067,0.2821691,1.6692258,273.0,0.9347904,1.3184713,0.2821691,0.033524726,0.38558844,0.54228854,3.3655007,1.7850288,0.98806685,3.1133652,0.9347904,0.5984674,3.1471653,2.0,-12.6425,-5.8011627,6.8413367,19.179031315951782,83.67806871573343,3,"{""geodesic"":false,""type"":""Point"",""coordinates"":[83.67806871573343,19.179031315951782]}"
425,88.0,0.034899496,0.99939084,0.2701,0.19991115,0.1801,0.0713,0.0934,0.1019,0.17667437,0.148,0.2161,0.2457,0.2498,0.271,0.16213073,1.4988902,109.0,1.0808324,1.4271709,0.16213073,-0.03904597,0.2935561,0.42052886,2.4490197,1.3862375,1.0898396,2.88877,1.0808324,0.6665433,2.648039,0.0,-16.683485,-9.959267,6.724219,19.179031315951782,83.76790024414538,3,"{""geodesic"":false,""type"":""Point"",""coordinates"":[83.76790024414538,19.179031315951782]}"
426,300.0,0.5,-0.8660254,0.3328,0.19927928,0.2222,0.0788,0.1049,0.1203,0.20843796,0.1689,0.2299,0.2572,0.267,0.2915,0.09157809,1.497076,123.0,1.2459753,1.5247148,0.09157809,-0.109703235,0.2662902,0.37877613,2.217608,1.2010796,1.1457143,3.1695237,1.2459753,0.6674677,2.7641196,0.0,-16.939497,-10.168987,6.7705097,19.179031315951782,83.85773177255733,3,"{""geodesic"":false,""type"":""Point"",""coordinates"":[83.85773177255733,19.179031315951782]}"
427,282.0,0.20791169,-0.9781476,0.271,0.20310766,0.1795,0.0525,0.0756,0.0802,0.20874152,0.1278,0.2052,0.2329,0.2437,0.2635,0.15170132,1.5089086,220.0,1.1115669,1.5247148,0.15170132,-0.053040605,0.34679273,0.5047854,3.0348692,1.3569043,1.0594451,3.5799208,1.1115669,0.6621173,3.3748443,1.0,-15.561185,-8.981053,6.5801315,19.179031315951782,83.94756330096928,3,"{""geodesic"":false,""type"":""Point"",""coordinates"":[83.94756330096928,19.179031315951782]}"
428,275.0,0.087155744,-0.9961947,0.2446,0.21631029,0.1576,0.04425,0.06705,0.0714,0.23476005,0.1234,0.1839,0.2146,0.22895,0.2434,0.18458155,1.5510463,696.0,1.0678891,1.6099211,0.18458155,-0.033048254,0.32715377,0.52455467,3.202098,1.4518073,1.0632912,3.6425912,1.0678891,0.64405394,3.420979,1.0,-15.19593,-9.070666,6.125263,19.179031315951782,84.12722635779319,3,"{""geodesic"":false,""type"":""Point"",""coordinates"":[84.12722635779319,19.179031315951782]}"
429,277.0,0.12186934,-0.99254614,0.2724,0.19631094,0.183,0.0447,0.0677,0.0805,0.2859425,0.124,0.1924,0.2223,0.2331,0.2538,0.12040375,1.4877117,865.0,1.1680961,1.796875,0.12040375,-0.077744804,0.34356803,0.48660713,2.8920596,1.2730749,1.1873156,4.0176992,1.1680961,0.67155963,3.3796525,0.0,-14.88784,-8.098798,6.789043,19.179031315951782,84.21705788620514,3,"{""geodesic"":false,""type"":""Point"",""coordinates"":[84.21705788620514,19.179031315951782]}"
430,49.0,0.656059,0.7547096,0.2929,0.18200162,0.2027,0.0601,0.092,0.0972,0.23585506,0.1421,0.2172,0.2429,0.2532,0.2679,0.110769905,1.44428,133.0,1.1563363,1.614618,0.110769905,-0.07269731,0.30682927,0.44520548,2.602261,1.2485207,1.0553746,3.180239,1.1563363,0.6918089,3.0102775,2.0,-16.799437,-9.6099205,7.189515,19.179031315951782,84.39672094302904,3,"{""geodesic"":false,""type"":""Point"",""coordinates"":[84.39672094302904,19.179031315951782]}"
431,52.0,0.6156615,0.7880108,0.2553,0.2102394,0.1666,0.0563,0.0826,0.082,0.18582791,0.1332,0.2077,0.2321,0.2372,0.2641,0.17483903,1.5314937,122.0,1.0758533,1.4539007,0.17483903,-0.03675127,0.32947394,0.48621553,2.8891597,1.4229155,0.99153566,3.0870616,1.0758533,0.6523101,3.1096225,0.0,-16.389475,-10.114301,6.275173,19.179031315951782,84.48655247144099,3,"{""geodesic"":false,""type"":""Point"",""coordinates"":[84.48655247144099,19.179031315951782]}"
432,100.0,-0.17364818,0.9848077,0.3273,0.15043937,0.2417,0.0787,0.1099,0.1299,0.24544583,0.1745,0.2171,0.2427,0.2469,0.2673,0.010642652,1.353598,56.0,1.3251013,1.6484772,0.010642652,-0.14002089,0.2100498,0.31050956,1.8992307,1.0210918,1.180909,2.9754546,1.3251013,0.73824066,2.5176923,0.0,-17.03862,-9.8782625,7.160358,19.179031315951782,84.57638399985295,3,"{""geodesic"":false,""type"":""Point"",""coordinates"":[84.57638399985295,19.179031315951782]}"
433,164.0,-0.9612617,0.27563736,0.3062,0.1695951,0.2174,0.0734,0.1017,0.1161,0.22532982,0.1592,0.2266,0.253,0.2608,0.2785,0.090757005,1.407816,23.0,1.1736298,1.5795919,0.090757005,-0.08007055,0.2725611,0.38392147,2.2444062,1.1990805,1.1404715,3.0078585,1.1736298,0.7097617,2.6351118,1.0,-17.111393,-10.560133,6.551259,19.179031315951782,84.6662155282649,3,"{""geodesic"":false,""type"":""Point"",""coordinates"":[84.6662155282649,19.179031315951782]}"
434,0.0,1.0,0.0,0.0364,0.19148937,0.0247,0.06,0.063,0.0599,-8.3402835E-4,0.0646,0.049,0.0467,0.0413,0.0445,0.25151515,1.467742,0.0,0.87922704,0.9966722,0.25151515,0.06306306,-0.18423465,-0.18379447,0.68833333,1.6653225,0.9492868,0.5768621,0.87922704,0.67671233,0.6066667,0.0,-33.180073,-21.435072,11.745003,19.179031315951782,85.02554164191271,3,"{""geodesic"":false,""type"":""Point"",""coordinates"":[85.02554164191271,19.179031315951782]}"
435,0.0,1.0,0.0,0.0354,0.08672295,0.02975,0.06375,0.05925,0.0506,-0.11499781,0.05315,0.0485,0.0478,0.04175,0.04365,0.16783217,1.1859297,0.0,0.8458781,0.7924824,0.16783217,0.0823072,-0.09814049,-0.095831074,0.8234714,1.39866,0.8525695,0.59646165,0.8458781,0.8380282,0.69822484,0.0,-32.66884,-20.316486,12.352354,19.179031315951782,85.11537317032466,3,"{""geodesic"":false,""type"":""Point"",""coordinates"":[85.11537317032466,19.179031315951782]}"
436,0.0,1.0,0.0,0.0363,0.08196721,0.0308,0.0649,0.0653,0.0614,-0.027711798,0.0678,0.0619,0.0594,0.0512,0.0512,0.24878049,1.1747572,0.0,0.7076023,0.94461536,0.24878049,0.17028572,-0.1394958,-0.09058615,0.8325203,1.656958,0.93883795,0.55504584,0.7076023,0.84615386,0.5902439,0.0,-31.827986,-19.30316,12.524825,19.179031315951782,85.20520469873661,3,"{""geodesic"":false,""type"":""Point"",""coordinates"":[85.20520469873661,19.179031315951782]}"
437,0.0,1.0,0.0,0.0452,0.19261214,0.0306,0.0587,0.0556,0.0527,-0.053859964,0.0561,0.0528,0.0533,0.049,0.0531,0.23115578,1.4723127,0.0,0.92057025,0.89625853,0.23115578,0.040339705,-0.027472528,-0.036381513,0.9280303,1.5960912,0.94614005,0.8114901,0.92057025,0.6754967,0.8560606,0.0,-31.450197,-19.24315,12.207046,19.179031315951782,85.38486775556052,3,"{""geodesic"":false,""type"":""Point"",""coordinates"":[85.38486775556052,19.179031315951782]}"
438,0.0,1.0,0.0,0.0531,0.21510297,0.0343,0.0629,0.0583,0.0581,-0.03966942,0.0628,0.054,0.0545,0.0501,0.0542,0.1872038,1.5436046,0.0,1.057769,0.9222222,0.1872038,-0.029069768,-0.07350428,-0.073937155,0.86082476,1.4563954,0.99486303,0.90924656,1.057769,0.6447368,0.91237116,0.0,-31.38849,-18.627262,12.761228,19.179031315951782,85.47469928397247,3,"{""geodesic"":false,""type"":""Point"",""coordinates"":[85.47469928397247,19.179031315951782]}"
439,0.0,1.0,0.0,0.0455,0.16517286,0.0326,0.0596,0.0574,0.0558,-0.032928944,0.0598,0.0567,0.0574,0.0531,0.058,0.23920654,1.3914373,0.0,0.8552632,0.93467337,0.23920654,0.07707911,-0.015280136,-0.024793388,0.9499106,1.6238532,0.9704348,0.79130435,0.8552632,0.7149123,0.81395346,0.0,-31.268663,-18.236866,13.031796,19.179031315951782,85.56453081238442,3,"{""geodesic"":false,""type"":""Point"",""coordinates"":[85.56453081238442,19.179031315951782]}"
440,0.0,1.0,0.0,0.0407,0.13846155,0.0308,0.0579,0.0554,0.0539,-0.035778176,0.0574,0.0541,0.0537,0.053,0.0538,0.26491648,1.3171521,0.0,0.76647836,0.9293103,0.26491648,0.13127,-0.0323741,-0.008419083,0.9814815,1.7152103,0.9711712,0.73333335,0.76647836,0.75490195,0.7537037,0.0,-31.100533,-18.268719,12.831815,19.179031315951782,85.65436234079637,3,"{""geodesic"":false,""type"":""Point"",""coordinates"":[85.65436234079637,19.179031315951782]}"
441,0.0,1.0,0.0,0.02805,0.1402439,0.02115,0.0621,0.0539,0.04295,-0.18229415,0.0454,0.03965,0.0381,0.0352,0.0356,0.24933451,1.32,0.0,0.7946176,0.69051445,0.24933451,0.11304348,-0.120987654,-0.09916826,0.8176539,1.6564705,0.7953704,0.51944447,0.7946176,0.75133216,0.65156794,0.0,-31.065496,-17.859816,13.20568,19.179031315951782,85.74419386920833,3,"{""geodesic"":false,""type"":""Point"",""coordinates"":[85.74419386920833,19.179031315951782]}"
442,0.0,1.0,0.0,0.0328,0.08250825,0.0278,0.06355,0.05555,0.04575,-0.16285452,0.05215,0.0464,0.0474,0.03975,0.0441,0.17690599,1.1756272,0.0,0.82308656,0.71877456,0.17690599,0.095796004,-0.083636366,-0.07017544,0.8669575,1.4247311,0.8221024,0.589398,0.82308656,0.8449848,0.7153762,0.0,-31.24445,-18.151941,13.092507,19.179031315951782,85.83402539762028,3,"{""geodesic"":false,""type"":""Point"",""coordinates"":[85.83402539762028,19.179031315951782]}"
443,0.0,1.0,0.0,0.03555,0.058035713,0.03165,0.0632,0.05495,0.0501,-0.115622245,0.0541,0.04945,0.0493,0.0426,0.0468,0.14747475,1.119685,0.0,0.8325527,0.7914692,0.14747475,0.09021113,-0.07234886,-0.080906145,0.8486056,1.3417323,0.91008174,0.64577657,0.8325527,0.887798,0.7081673,0.0,-31.149214,-17.417265,13.73195,19.179031315951782,85.92385692603223,3,"{""geodesic"":false,""type"":""Point"",""coordinates"":[85.92385692603223,19.179031315951782]}"
444,0.0,1.0,0.0,0.03085,0.11171171,0.02465,0.058,0.04845,0.04355,-0.14229444,0.0468,0.04265,0.04175,0.03735,0.0399,0.20483871,1.2464646,0.0,0.82376504,0.7495697,0.20483871,0.09530792,-0.07958478,-0.07663783,0.8556701,1.5090909,0.89701337,0.6354274,0.82376504,0.7964459,0.7067583,0.0,-30.65053,-15.758055,14.892475,19.179031315951782,86.01368845444418,3,"{""geodesic"":false,""type"":""Point"",""coordinates"":[86.01368845444418,19.179031315951782]}"
445,0.0,1.0,0.0,0.0164,0.078947365,0.014,0.0512,0.037,0.0296,-0.26732674,0.0308,0.0263,0.0257,0.0226,0.0232,0.23497267,1.1631205,0.0,0.72246695,0.57699805,0.23497267,0.15897436,-0.14074074,-0.13409962,0.76094276,1.6028368,0.7978437,0.44204852,0.72246695,0.8484849,0.5521886,0.0,-30.166718,-15.996109,14.170609,19.179031315951782,86.10351998285613,3,"{""geodesic"":false,""type"":""Point"",""coordinates"":[86.10351998285613,19.179031315951782]}"
446,0.0,1.0,0.0,0.0158,0.101045296,0.0129,0.05,0.0355,0.02835,-0.27632418,0.0282,0.0239,0.0239,0.0219,0.0219,0.25862068,1.2153846,0.0,0.7181818,0.56586826,0.25862068,0.16180371,-0.1257485,-0.12835822,0.7697715,1.6846154,0.79634833,0.44382024,0.7181818,0.8113208,0.55536026,0.0,-30.798752,-16.15199,14.646762,19.179031315951782,86.28318303968004,3,"{""geodesic"":false,""type"":""Point"",""coordinates"":[86.28318303968004,19.179031315951782]}"
447,0.0,1.0,0.0,0.0146,0.09981167,0.01195,0.0469,0.03565,0.02745,-0.26160052,0.02715,0.0232,0.023,0.0211,0.0202,0.27685326,1.2116183,0.0,0.6886792,0.58404255,0.27685326,0.18207283,-0.1467793,-0.13079299,0.7658802,1.7510374,0.76783216,0.4083916,0.6886792,0.81292516,0.52994555,0.0,-31.101429,-16.446474,14.654955,19.179031315951782,86.37301456809199,3,"{""geodesic"":false,""type"":""Point"",""coordinates"":[86.37301456809199,19.179031315951782]}"
448,0.0,1.0,0.0,0.0158,0.10489511,0.0128,0.0488,0.0368,0.02715,-0.28505597,0.0272,0.023,0.0231,0.01965,0.01955,0.21109399,1.2248062,0.0,0.8,0.5552147,0.21109399,0.108603664,-0.16363636,-0.16025642,0.7211009,1.5232558,0.7357724,0.42818427,0.8,0.8050314,0.5798165,0.0,-31.346106,-16.707497,14.638609,19.179031315951782,86.46284609650394,3,"{""geodesic"":false,""type"":""Point"",""coordinates"":[86.46284609650394,19.179031315951782]}"
449,0.0,1.0,0.0,0.01955,0.0876217,0.0164,0.04525,0.03505,0.0276,-0.24227865,0.02695,0.0229,0.0232,0.0212,0.0216,0.12765957,1.1848484,0.0,0.91784036,0.6085998,0.12765957,0.0404908,-0.110195674,-0.13114753,0.76534295,1.2848485,0.78520626,0.55618775,0.91784036,0.8346056,0.70577615,0.0,-31.47976,-17.315613,14.164145,19.179031315951782,86.55267762491589,3,"{""geodesic"":false,""type"":""Point"",""coordinates"":[86.55267762491589,19.179031315951782]}"
450,0.0,1.0,0.0,0.02265,0.072189346,0.0196,0.0475,0.03595,0.02985,-0.22818358,0.0303,0.02555,0.026,0.02435,0.02715,0.10807736,1.1497462,0.0,0.9263804,0.6271008,0.10807736,0.036170214,-0.054830287,-0.10147601,0.8130217,1.2360406,0.82801664,0.62829405,0.9263804,0.86153847,0.75626045,0.0,-31.591858,-17.851011,13.740847,19.179031315951782,86.64250915332785,3,"{""geodesic"":false,""type"":""Point"",""coordinates"":[86.64250915332785,19.179031315951782]}"
451,0.0,1.0,0.0,0.02615,0.06300813,0.02305,0.05455,0.04195,0.03635,-0.20022002,0.03815,0.03435,0.0337,0.02945,0.0302,0.12190476,1.1295897,0.0,0.8849408,0.6651418,0.12190476,0.059352517,-0.11631309,-0.10486322,0.8079561,1.2721382,0.86444706,0.62187874,0.8849408,0.8780952,0.7174211,0.0,-31.188652,-18.028759,13.159894,19.179031315951782,86.7323406817398,3,"{""geodesic"":false,""type"":""Point"",""coordinates"":[86.7323406817398,19.179031315951782]}"
452,0.0,1.0,0.0,0.02615,0.10454065,0.0212,0.04845,0.03795,0.0338,-0.1781155,0.0312,0.0261,0.0274,0.0277,0.0284,0.13292433,1.2276995,0.0,0.9406475,0.6961895,0.13292433,0.028783659,-0.046979867,-0.099186994,0.81710917,1.3004695,0.8883049,0.6872536,0.9406475,0.80761904,0.77138644,0.0,-31.36814,-17.998066,13.370073,19.179031315951782,86.82217221015175,3,"{""geodesic"":false,""type"":""Point"",""coordinates"":[86.82217221015175,19.179031315951782]}"
453,208.0,-0.88294756,-0.46947157,0.3513,0.16827403,0.2501,0.0677,0.0953,0.1211,0.28283897,0.1649,0.2168,0.2403,0.2486,0.2707,-0.0030078203,1.4040767,590.0,1.4125452,1.7861357,-0.0030078203,-0.1711952,0.24288338,0.34487423,2.051155,0.99360514,1.269392,3.68239,1.4125452,0.7117245,2.8985147,0.0,-18.299288,-11.568095,6.731192,19.268862844363735,82.60009037479,3,"{""geodesic"":false,""type"":""Point"",""coordinates"":[82.60009037479,19.268862844363735]}"
454,319.0,0.7547096,-0.656059,0.3353,0.1652476,0.2402,0.0683,0.1006,0.1281,0.30448064,0.1673,0.2059,0.2289,0.2357,0.2548,-0.009455768,1.3953391,588.0,1.4219677,1.872807,-0.009455768,-0.17443082,0.20729685,0.2957669,1.8385335,0.98085725,1.2720953,3.3296921,1.4219677,0.7161598,2.6154447,0.0,-18.999895,-11.650374,7.349521,19.268862844363735,82.68992190320195,3,"{""geodesic"":false,""type"":""Point"",""coordinates"":[82.68992190320195,19.268862844363735]}"
455,328.0,0.8480481,-0.52991927,0.2287,0.24259712,0.1394,0.0422,0.0644,0.0703,0.24977778,0.1214,0.2025,0.2336,0.2403,0.2623,0.2657361,1.6394265,669.0,0.95133114,1.6619385,0.2657361,0.024733476,0.36721396,0.54732776,3.4133523,1.7225807,1.0899224,3.5457366,0.95133114,0.60926574,3.2485795,1.0,-14.712419,-8.223152,6.4892654,19.268862844363735,82.7797534316139,3,"{""geodesic"":false,""type"":""Point"",""coordinates"":[82.7797534316139,19.268862844363735]}"
456,299.0,0.4848096,-0.8746197,0.33045,0.14451468,0.247,0.0529,0.0793,0.1254,0.40661806,0.15795,0.18435,0.20375,0.2106,0.2286,-0.07954545,1.3373128,666.0,1.5683436,2.3660378,-0.07954545,-0.22151372,0.18277067,0.25357142,1.6780876,0.8522865,1.5793451,4.161839,1.5683436,0.7472395,2.6330678,1.0,-21.16601,-12.275291,8.890718,19.268862844363735,82.86958496002586,3,"{""geodesic"":false,""type"":""Point"",""coordinates"":[82.86958496002586,19.268862844363735]}"
457,302.0,0.52991927,-0.8480481,0.2953,0.18356714,0.2037,0.0416,0.0627,0.0829,0.3317269,0.1224,0.1699,0.1913,0.2001,0.218,-0.008915304,1.4489696,787.0,1.4750249,1.9880096,-0.008915304,-0.19216794,0.28084606,0.41413426,2.4108434,0.98184496,1.3200637,4.7022295,1.4750249,0.68957347,3.5578313,1.0,-16.070206,-8.994013,7.076194,19.268862844363735,82.95941648843781,3,"{""geodesic"":false,""type"":""Point"",""coordinates"":[82.95941648843781,19.268862844363735]}"
458,270.0,-1.8369701E-16,-1.0,0.2886,0.16113459,0.2085,0.0421,0.0624,0.081,0.31600326,0.1233,0.1756,0.1981,0.2018,0.2264,-0.016329516,1.3835092,871.0,1.4294205,1.9194313,-0.016329516,-0.17699836,0.29482412,0.427157,2.488286,0.96740174,1.296,4.6176,1.4294205,0.72220296,3.5585697,0.0,-16.451103,-9.918225,6.532877,19.268862844363735,83.04924801684976,3,"{""geodesic"":false,""type"":""Point"",""coordinates"":[83.04924801684976,19.268862844363735]}"
459,89.0,0.017452406,0.9998477,0.2632,0.20664756,0.17305,0.0453,0.06335,0.0783,0.2669903,0.1145,0.17625,0.1998,0.20715,0.2292,0.089689635,1.5200694,659.0,1.2699639,1.7246696,0.089689635,-0.119166575,0.33372128,0.45139253,2.6422193,1.1963615,1.2340425,4.148148,1.2699639,0.6572351,3.357143,1.0,-15.565522,-8.388405,7.1771183,19.268862844363735,83.31874260208562,3,"{""geodesic"":false,""type"":""Point"",""coordinates"":[83.31874260208562,19.268862844363735]}"
460,291.0,0.35836795,-0.9335804,0.26055,0.15761413,0.1896,0.0506,0.0699,0.0876,0.26772794,0.1208,0.16085,0.18215,0.1957,0.21185,0.015831819,1.3734845,343.0,1.3306946,1.7278106,0.015831819,-0.14213699,0.27371112,0.3815743,2.2314708,1.0316288,1.2514286,3.722143,1.3306946,0.7274122,2.9709237,1.0,-14.561432,-7.4343,7.127132,19.268862844363735,83.49840565890952,3,"{""geodesic"":false,""type"":""Point"",""coordinates"":[83.49840565890952,19.268862844363735]}"
461,307.0,0.60181504,-0.7986355,0.2946,0.19054355,0.2003,0.0575,0.0852,0.0987,0.2637644,0.1491,0.2166,0.2387,0.2488,0.2698,0.10799377,1.4700599,557.0,1.1836078,1.7135416,0.10799377,-0.084284134,0.2881356,0.43194243,2.5182185,1.241517,1.1570926,3.453693,1.1836078,0.67967427,2.9817815,0.0,-13.863353,-6.404396,7.458957,19.268862844363735,83.58823718732147,3,"{""geodesic"":false,""type"":""Point"",""coordinates"":[83.58823718732147,19.268862844363735]}"
462,131.0,-0.656059,0.7547096,0.2512,0.24294904,0.153,0.0472,0.0763,0.0728,0.21333334,0.1256,0.2189,0.2485,0.2607,0.2806,0.26033357,1.6407577,445.0,0.9631902,1.5391121,0.26033357,0.018558312,0.38158542,0.56341827,3.5761316,1.7028086,0.9528796,3.2879581,0.9631902,0.6088341,3.4458163,1.0,-15.391258,-8.755246,6.6360116,19.268862844363735,83.67806871573343,3,"{""geodesic"":false,""type"":""Point"",""coordinates"":[83.67806871573343,19.268862844363735]}"
463,108.0,-0.309017,0.95105654,0.2377,0.21430396,0.1538,0.059,0.083,0.0831,0.16959888,0.1331,0.2244,0.2609,0.2627,0.2782,0.2614646,1.5445094,128.0,0.9044901,1.4060913,0.2614646,0.049960032,0.35278386,0.5193754,3.1574519,1.7069526,1.0,2.8604093,0.9044901,0.646762,2.8569713,1.0,-16.977879,-9.676191,7.3016877,19.268862844363735,83.76790024414538,3,"{""geodesic"":false,""type"":""Point"",""coordinates"":[83.76790024414538,19.268862844363735]}"
464,248.0,-0.37460658,-0.92718387,0.3875,0.16157074,0.2797,0.0928,0.1226,0.1521,0.24213965,0.1972,0.2435,0.2689,0.2809,0.3032,0.0021405637,1.3849179,170.0,1.3790035,1.6372443,0.0021405637,-0.15948534,0.21183054,0.29745957,1.8455979,1.0039314,1.2396088,3.1581092,1.3790035,0.7216202,2.5459921,1.0,-17.894882,-10.2354765,7.6594057,19.268862844363735,83.85773177255733,3,"{""geodesic"":false,""type"":""Point"",""coordinates"":[83.85773177255733,19.268862844363735]}"
465,225.0,-0.70710677,-0.70710677,0.25295,0.22419843,0.1603,0.0459,0.07115,0.07125,0.21638924,0.1228,0.2029,0.2325,0.24245,0.26285,0.20397268,1.576995,649.0,1.0428778,1.548913,0.20397268,-0.021194994,0.36315313,0.54574436,3.398038,1.5115336,1.0,3.5501754,1.0428778,0.63347167,3.5451996,0.0,-14.661219,-8.3865385,6.2746797,19.268862844363735,84.12722635779319,3,"{""geodesic"":false,""type"":""Point"",""coordinates"":[84.12722635779319,19.268862844363735]}"
466,358.0,0.99939084,-0.034899496,0.3182,0.16343693,0.2288,0.0612,0.0882,0.1093,0.28211144,0.1495,0.2049,0.229,0.2423,0.2559,0.028656336,1.3901267,666.0,1.3127062,1.7830342,0.028656336,-0.13541481,0.26245683,0.37827078,2.214808,1.0585408,1.2378256,3.603624,1.3127062,0.7188187,2.9085922,0.0,-15.642791,-9.210273,6.4325175,19.268862844363735,84.21705788620514,3,"{""geodesic"":false,""type"":""Point"",""coordinates"":[84.21705788620514,19.268862844363735]}"
467,78.0,0.20791169,0.9781476,0.2427,0.23135464,0.1515,0.0396,0.0608,0.0629,0.22731708,0.1101,0.2095,0.2434,0.2517,0.2742,0.24851191,1.6009235,652.0,0.9638602,1.5843829,0.24851191,0.018203884,0.42701015,0.60012716,3.995238,1.6602902,1.0328407,3.9852216,0.9638602,0.6239703,3.852381,1.0,-12.9811945,-5.951159,7.0300355,19.268862844363735,84.30688941461709,3,"{""geodesic"":false,""type"":""Point"",""coordinates"":[84.30688941461709,19.268862844363735]}"
468,97.0,-0.12186934,0.99254614,0.2083,0.20335066,0.1379,0.0474,0.0723,0.0696,0.1897436,0.1155,0.1943,0.2157,0.2213,0.2355,0.23218262,1.5094203,161.0,0.94083107,1.4652631,0.23218262,0.030260708,0.34188035,0.52148503,3.175036,1.6036232,0.96132594,2.8770719,0.94083107,0.66170824,2.9885223,1.0,-13.0385275,-7.193999,5.844528,19.268862844363735,84.48655247144099,3,"{""geodesic"":false,""type"":""Point"",""coordinates"":[84.48655247144099,19.268862844363735]}"
469,332.0,0.88294756,-0.46947157,0.2676,0.20026912,0.1783,0.0527,0.0763,0.0825,0.2204142,0.1237,0.2034,0.2281,0.2361,0.2556,0.13947876,1.5,371.0,1.1329381,1.5625,0.13947876,-0.06253722,0.34774584,0.48210922,2.8583536,1.3234305,1.0798429,3.5026178,1.1329381,0.66604406,3.2397094,0.0,-14.601568,-8.058747,6.542821,19.268862844363735,84.6662155282649,3,"{""geodesic"":false,""type"":""Point"",""coordinates"":[84.6662155282649,19.268862844363735]}"
470,102.0,-0.20791169,0.9781476,0.3171,0.15477057,0.2321,0.0767,0.11,0.1229,0.23146293,0.1687,0.2258,0.2514,0.2574,0.2787,0.051685393,1.3656331,25.0,1.2314563,1.6002604,0.051685393,-0.10391645,0.245865,0.35366815,2.0926828,1.1085272,1.1162579,2.880109,1.2314563,0.731715,2.5780487,0.0,-17.45747,-10.419806,7.0376654,19.268862844363735,84.75604705667685,3,"{""geodesic"":false,""type"":""Point"",""coordinates"":[84.75604705667685,19.268862844363735]}"
471,154.0,-0.89879405,0.43837115,0.3205,0.18550028,0.2202,0.0783,0.1054,0.1222,0.21895261,0.1692,0.233,0.2582,0.2661,0.2857,0.09438618,1.4548343,21.0,1.203982,1.5586735,0.09438618,-0.09273781,0.25610024,0.37058976,2.1757972,1.2078984,1.1582938,3.0379148,1.203982,0.6868372,2.620605,0.0,-17.233385,-10.130616,7.1027684,19.268862844363735,84.8458785850888,3,"{""geodesic"":false,""type"":""Point"",""coordinates"":[84.8458785850888,19.268862844363735]}"
472,151.0,-0.8746197,0.4848096,0.0296,0.21560575,0.0191,0.0602,0.0648,0.0492,-0.100548446,0.051,0.0467,0.0464,0.0422,0.0435,0.37683523,1.5416666,13.0,0.6997636,0.8159204,0.37683523,0.17548746,-0.07936508,-0.07658643,0.8559838,2.1979167,0.75808936,0.45608628,0.6997636,0.64309764,0.6004057,0.0,-31.032864,-19.84035,11.192514,19.268862844363735,84.93571011350076,3,"{""geodesic"":false,""type"":""Point"",""coordinates"":[84.93571011350076,19.268862844363735]}"
473,0.0,1.0,0.0,0.03655,0.09431138,0.03025,0.0627,0.0589,0.0526,-0.08759757,0.05365,0.04735,0.04725,0.0429,0.04565,0.17293233,1.2042834,0.0,0.85,0.8375796,0.17293233,0.07992448,-0.08056395,-0.10157068,0.81404173,1.413509,0.89152545,0.6194915,0.85,0.8253752,0.6935484,0.0,-33.0098,-20.680126,12.329675,19.268862844363735,85.11537317032466,3,"{""geodesic"":false,""type"":""Point"",""coordinates"":[85.11537317032466,19.268862844363735]}"
474,0.0,1.0,0.0,0.0334,0.13220339,0.0256,0.0662,0.0644,0.0552,-0.09060956,0.0599,0.0545,0.052,0.0474,0.0457,0.29863015,1.2996109,0.0,0.7031579,0.8325792,0.29863015,0.17326732,-0.1344697,-0.07602339,0.85714287,1.844358,0.855814,0.5178295,0.7031579,0.7641791,0.6039783,0.0,-32.209915,-20.080866,12.129049,19.268862844363735,85.20520469873661,3,"{""geodesic"":false,""type"":""Point"",""coordinates"":[85.20520469873661,19.268862844363735]}"
475,0.0,1.0,0.0,0.0387,0.08707865,0.0325,0.0585,0.0524,0.0469,-0.11005693,0.0519,0.0463,0.0467,0.0441,0.0446,0.15143603,1.1871166,0.0,0.8755656,0.8003413,0.15143603,0.06521739,-0.07564767,-0.03076923,0.93829787,1.3527608,0.8933333,0.73714286,0.8755656,0.83762884,0.82340425,0.0,-30.982828,-19.243942,11.738886,19.268862844363735,85.29503622714856,3,"{""geodesic"":false,""type"":""Point"",""coordinates"":[85.29503622714856,19.268862844363735]}"
476,0.0,1.0,0.0,0.0373,0.21895425,0.0239,0.0633,0.056,0.0516,-0.10182767,0.0565,0.0518,0.0523,0.0473,0.0475,0.3286517,1.5541667,0.0,0.78691983,0.81388015,0.3286517,0.11820331,-0.086538464,-0.04347826,0.9148936,1.9708333,0.9197861,0.66488415,0.78691983,0.63903743,0.72147,0.0,-31.30723,-18.436005,12.871223,19.268862844363735,85.38486775556052,3,"{""geodesic"":false,""type"":""Point"",""coordinates"":[85.38486775556052,19.268862844363735]}"
477,0.0,1.0,0.0,0.0397,0.1762963,0.0278,0.0609,0.0564,0.0548,-0.05272256,0.0584,0.0547,0.0557,0.0492,0.0497,0.27792206,1.4229391,0.0,0.80527383,0.89836067,0.27792206,0.10686164,-0.08048104,-0.053846154,0.89617485,1.7634408,0.9699115,0.70265484,0.80527383,0.69849247,0.72313297,0.0,-31.74414,-18.667067,13.077075,19.268862844363735,85.47469928397247,3,"{""geodesic"":false,""type"":""Point"",""coordinates"":[85.47469928397247,19.268862844363735]}"
478,0.0,1.0,0.0,0.0416,0.17514125,0.0292,0.0627,0.0608,0.0596,-0.025347507,0.0656,0.0615,0.0607,0.0537,0.0591,0.2955368,1.4197953,0.0,0.7732342,0.9490446,0.2955368,0.12696747,-0.0521251,-0.052074138,0.8994975,1.8327645,0.97865355,0.68308705,0.7732342,0.70023984,0.6968174,0.0,-31.576597,-18.477224,13.099372,19.268862844363735,85.56453081238442,3,"{""geodesic"":false,""type"":""Point"",""coordinates"":[85.56453081238442,19.268862844363735]}"
479,0.0,1.0,0.0,0.0374,0.14198473,0.0281,0.0626,0.056,0.0538,-0.07560138,0.057,0.0535,0.0533,0.0528,0.0533,0.3053152,1.3262411,0.0,0.70699435,0.8580542,0.3053152,0.17073171,-0.03354488,-0.009380863,0.97959185,1.8723404,0.9590018,0.6666667,0.70699435,0.7493333,0.6938776,0.0,-31.487206,-17.905499,13.581707,19.268862844363735,85.65436234079637,3,"{""geodesic"":false,""type"":""Point"",""coordinates"":[85.65436234079637,19.268862844363735]}"
480,0.0,1.0,0.0,0.0392,0.16320474,0.0282,0.06025,0.0549,0.04985,-0.094459586,0.05645,0.0519,0.0522,0.0472,0.04965,0.2519894,1.385159,0.0,0.82875264,0.82601494,0.2519894,0.09259259,-0.06409048,-0.027305512,0.9449449,1.6678445,0.90636367,0.71272725,0.82875264,0.71755725,0.7847848,0.0,-31.106789,-17.691261,13.415527,19.268862844363735,85.74419386920833,3,"{""geodesic"":false,""type"":""Point"",""coordinates"":[85.74419386920833,19.268862844363735]}"
481,0.0,1.0,0.0,0.0313,0.1299639,0.0241,0.0596,0.04985,0.0438,-0.15280464,0.04685,0.04175,0.0408,0.0359,0.03845,0.19666667,1.2933885,0.0,0.86944443,0.7336683,0.19666667,0.06845238,-0.09847597,-0.099121705,0.8177677,1.483471,0.8768769,0.6266266,0.86944443,0.7675159,0.712984,0.0,-30.713919,-16.748405,13.965511,19.268862844363735,85.92385692603223,3,"{""geodesic"":false,""type"":""Point"",""coordinates"":[85.92385692603223,19.268862844363735]}"
482,0.0,1.0,0.0,0.0291,0.10541311,0.02355,0.05995,0.0519,0.04505,-0.14190476,0.0473,0.0436,0.04245,0.0372,0.0393,0.22469136,1.230444,0.0,0.78016084,0.75020814,0.22469136,0.122171946,-0.09237875,-0.09544073,0.82392025,1.5729387,0.8663462,0.5596154,0.78016084,0.8065069,0.64451826,0.0,-30.41968,-16.227715,14.191967,19.268862844363735,86.01368845444418,3,"{""geodesic"":false,""type"":""Point"",""coordinates"":[86.01368845444418,19.268862844363735]}"
483,0.0,1.0,0.0,0.0271,0.10612245,0.0219,0.0539,0.0426,0.0338,-0.22919042,0.0414,0.0352,0.0354,0.031,0.0302,0.17202269,1.2318182,0.0,0.87138265,0.6259259,0.17202269,0.06712565,-0.15642458,-0.043209877,0.9144543,1.4090909,0.7915691,0.6346604,0.87138265,0.80514705,0.79941005,0.0,-30.04934,-15.808143,14.241196,19.268862844363735,86.10351998285613,3,"{""geodesic"":false,""type"":""Point"",""coordinates"":[86.10351998285613,19.268862844363735]}"
484,0.0,1.0,0.0,0.01705,0.08598726,0.01435,0.04515,0.03735,0.0305,-0.19365498,0.03305,0.0281,0.02785,0.023,0.02265,0.23159304,1.1799308,0.0,0.7380952,0.67403316,0.23159304,0.1485643,-0.18671454,-0.14018692,0.751634,1.5916955,0.8144192,0.4552737,0.7380952,0.8367347,0.5571895,0.0,-31.23061,-15.999176,15.231434,19.268862844363735,86.19335151126809,3,"{""geodesic"":false,""type"":""Point"",""coordinates"":[86.19335151126809,19.268862844363735]}"
485,0.0,1.0,0.0,0.01575,0.113074206,0.01255,0.05275,0.03875,0.03055,-0.2665066,0.0301,0.02535,0.02525,0.02295,0.0224,0.29295775,1.2450593,0.0,0.68329716,0.5780511,0.29295775,0.18604651,-0.14666666,-0.14205608,0.7487765,1.8142292,0.78635776,0.4054054,0.68329716,0.7917981,0.51386625,0.0,-31.202091,-16.300232,14.901859,19.268862844363735,86.28318303968004,3,"{""geodesic"":false,""type"":""Point"",""coordinates"":[86.28318303968004,19.268862844363735]}"
486,0.0,1.0,0.0,0.01585,0.08006814,0.0135,0.04605,0.0373,0.03045,-0.20392157,0.0283,0.0243,0.02405,0.02275,0.0224,0.2551724,1.1654412,0.0,0.69365424,0.659805,0.2551724,0.17875648,-0.11637081,-0.14473684,0.7446808,1.6727941,0.81417114,0.4237968,0.69365424,0.84639496,0.5188216,0.0,-31.295527,-16.49665,14.798877,19.268862844363735,86.37301456809199,3,"{""geodesic"":false,""type"":""Point"",""coordinates"":[86.37301456809199,19.268862844363735]}"
487,0.0,1.0,0.0,0.02025,0.087248325,0.017,0.05065,0.03725,0.0297,-0.2607343,0.02945,0.02525,0.02565,0.0228,0.0222,0.14572865,1.1842105,0.0,0.8842795,0.58522165,0.14572865,0.05923345,-0.14036787,-0.13142857,0.76510066,1.3333334,0.79518074,0.5421687,0.8842795,0.83538085,0.6795302,0.0,-31.463768,-17.327951,14.135816,19.268862844363735,86.55267762491589,3,"{""geodesic"":false,""type"":""Point"",""coordinates"":[86.55267762491589,19.268862844363735]}"
488,0.0,1.0,0.0,0.0247,0.06695464,0.0216,0.05425,0.0434,0.03585,-0.20421754,0.03845,0.0339,0.0336,0.02945,0.02945,0.15377082,1.1382488,0.0,0.8358714,0.6596136,0.15377082,0.0877193,-0.13254787,-0.09800919,0.8191933,1.3571428,0.8241379,0.5678161,0.8358714,0.87096775,0.68706536,0.0,-31.249327,-18.048243,13.201084,19.268862844363735,86.64250915332785,3,"{""geodesic"":false,""type"":""Point"",""coordinates"":[86.64250915332785,19.268862844363735]}"
489,0.0,1.0,0.0,0.03085,0.067474045,0.02695,0.0549,0.04385,0.0384,-0.17684887,0.03935,0.03545,0.03485,0.0337,0.0341,0.111294314,1.1404806,0.0,0.9127219,0.6981818,0.111294314,0.04415182,-0.0714772,-0.06518724,0.87532467,1.245841,0.8737201,0.70193404,0.9127219,0.8707593,0.8012987,0.0,-31.632853,-18.31685,13.316004,19.268862844363735,86.82217221015175,3,"{""geodesic"":false,""type"":""Point"",""coordinates"":[86.82217221015175,19.268862844363735]}"
490,0.0,1.0,0.0,0.0267,0.12896407,0.0206,0.04745,0.0367,0.03045,-0.2182285,0.0303,0.026,0.0273,0.02385,0.02625,0.07311586,1.2898551,0.0,1.1148225,0.64037853,0.07311586,-0.05637982,-0.071618035,-0.12154696,0.7806874,1.1521739,0.8274456,0.7255435,1.1148225,0.76865673,0.87397707,0.0,-32.718433,-18.52447,14.193966,19.268862844363735,86.9120037385637,3,"{""geodesic"":false,""type"":""Point"",""coordinates"":[86.9120037385637,19.268862844363735]}"
491,32.0,0.8480481,0.52991927,0.34235,0.16564521,0.24505,0.06455,0.0935,0.1163,0.28614876,0.1653,0.22185,0.2484,0.25365,0.2806,0.017244836,1.3964919,506.0,1.3491626,1.7989173,0.017244836,-0.1488255,0.25857815,0.3712664,2.1791236,1.0346726,1.2425214,3.6575854,1.3491626,0.7155789,2.9411511,1.0,-17.758373,-11.044554,6.713819,19.358694372775687,82.68992190320195,3,"{""geodesic"":false,""type"":""Point"",""coordinates"":[82.68992190320195,19.358694372775687]}"
492,334.0,0.89879405,-0.43837115,0.2354,0.24880637,0.1416,0.05005,0.07395,0.08875,0.27881846,0.1274,0.2005,0.2309,0.23965,0.26065,0.25718033,1.6612562,500.0,0.9818561,1.7696909,0.25718033,0.008946427,0.34338358,0.4595006,2.6972425,1.6912491,1.1985145,3.1789331,0.9818561,0.6012739,2.649409,2.0,-11.65321,-5.2734537,6.3797555,19.358694372775687,82.7797534316139,3,"{""geodesic"":false,""type"":""Point"",""coordinates"":[82.7797534316139,19.358694372775687]}"
493,302.0,0.52991927,-0.8480481,0.1239,0.17412935,0.08715,0.05995,0.07825,0.06035,0.003325021,0.07345,0.0857,0.09345,0.0939,0.1001,0.03728252,1.4200573,692.0,1.3180851,1.0049958,0.03728252,-0.13774104,0.15355805,0.21750405,1.5533499,1.0762178,0.77026165,1.5813657,1.3180851,0.70282257,2.0496278,1.0,-13.83345,-7.267994,6.565457,19.358694372775687,82.86958496002586,3,"{""geodesic"":false,""type"":""Point"",""coordinates"":[82.86958496002586,19.358694372775687]}"
494,288.0,0.309017,-0.95105654,0.2686,0.16050982,0.1943,0.0449,0.0676,0.0914,0.3411592,0.1265,0.1653,0.1814,0.1839,0.1994,-0.027498677,1.3816873,783.0,1.4597826,2.031111,-0.027498677,-0.18718232,0.22368824,0.3359971,2.009836,0.94598764,1.3500738,3.9675038,1.4597826,0.7231113,2.9355192,1.0,-15.955695,-9.4575815,6.498114,19.358694372775687,82.95941648843781,3,"{""geodesic"":false,""type"":""Point"",""coordinates"":[82.95941648843781,19.358694372775687]}"
495,76.0,0.2419219,0.9702957,0.2811,0.15869744,0.2041,0.0552,0.0716,0.0961,0.27032387,0.131,0.1686,0.1863,0.1955,0.2083,-0.021521522,1.3765916,900.0,1.4371166,1.7377938,-0.021521522,-0.17960554,0.22782199,0.34087792,2.0322244,0.9573947,1.3403069,3.9205022,1.4371166,0.7258179,2.9220374,1.0,-15.796892,-9.549904,6.2469883,19.358694372775687,83.13907954526171,3,"{""geodesic"":false,""type"":""Point"",""coordinates"":[83.13907954526171,19.358694372775687]}"
496,90.0,6.123234E-17,1.0,0.2979,0.15824261,0.2165,0.0551,0.0788,0.1044,0.3090909,0.1413,0.1925,0.2154,0.2207,0.242,0.009606588,1.3753463,659.0,1.3491848,1.8913044,0.009606588,-0.14886232,0.2627185,0.35773608,2.1119618,1.0189289,1.3231939,3.7756653,1.3491848,0.72651005,2.8507178,1.0,-17.449749,-10.054671,7.3950777,19.358694372775687,83.22891107367366,3,"{""geodesic"":false,""type"":""Point"",""coordinates"":[83.22891107367366,19.358694372775687]}"
497,51.0,0.6293204,0.777146,0.20585,0.2885759,0.11365,0.0387,0.05645,0.05175,0.1442786,0.0981,0.18225,0.2151,0.22405,0.245,0.32691738,1.8096703,549.0,0.91835827,1.3337629,0.32691738,0.04233543,0.42815506,0.6247281,4.321119,1.9696703,0.91511935,3.6401415,0.91835827,0.551833,3.9701061,1.0,-12.578021,-5.7703934,6.807627,19.358694372775687,83.31874260208562,3,"{""geodesic"":false,""type"":""Point"",""coordinates"":[83.31874260208562,19.358694372775687]}"
498,169.0,-0.98162717,0.190809,0.27305,0.16937901,0.19395,0.06455,0.08415,0.1008,0.21923193,0.14025,0.18555,0.2096,0.2186,0.23855,0.059750333,1.4071115,325.0,1.2485139,1.5591648,0.059750333,-0.11074952,0.2595037,0.36881652,2.1665015,1.1265138,1.1964391,3.2409496,1.2485139,0.71004945,2.7061448,1.0,-16.61825,-9.390491,7.2277594,19.358694372775687,83.40857413049757,3,"{""geodesic"":false,""type"":""Point"",""coordinates"":[83.40857413049757,19.358694372775687]}"
499,230.0,-0.64278764,-0.76604444,0.2276,0.23914523,0.13975,0.0497,0.06855,0.06615,0.14199395,0.1137,0.1887,0.21715,0.2271,0.2458,0.23810822,1.627458,352.0,1.0017606,1.3283132,0.23810822,-0.0010996262,0.3674548,0.5488491,3.4279246,1.6238828,0.9635834,3.3153677,1.0017606,0.61374617,3.4354718,1.0,-13.3563385,-7.094238,6.2621007,19.358694372775687,83.49840565890952,3,"{""geodesic"":false,""type"":""Point"",""coordinates"":[83.49840565890952,19.358694372775687]}"
500,267.0,-0.052335955,-0.9986295,0.29345,0.1525923,0.21575,0.0588,0.0846,0.10825,0.29601917,0.1484,0.20365,0.2283,0.2343,0.25335,0.041217644,1.3595089,492.0,1.2519197,1.8378608,0.041217644,-0.11207958,0.2612321,0.36797547,2.1624365,1.085476,1.2780402,3.4645808,1.2519197,0.7349685,2.7083526,1.0,-18.180109,-11.050565,7.1295443,19.358694372775687,83.58823718732147,3,"{""geodesic"":false,""type"":""Point"",""coordinates"":[83.58823718732147,19.358694372775687]}"
501,119.0,-0.4848096,0.8746197,0.2175,0.281296,0.122,0.0501,0.0751,0.0653,0.13171577,0.1208,0.2294,0.2622,0.2715,0.2902,0.37992376,1.7813268,557.0,0.80081004,1.3007969,0.37992376,0.11042945,0.41216546,0.6122328,4.1513762,2.2235873,0.86835104,2.8922873,0.80081004,0.5606618,3.3256881,1.0,-9.744238,-2.4216444,7.3225937,19.358694372775687,83.67806871573343,3,"{""geodesic"":false,""type"":""Point"",""coordinates"":[83.67806871573343,19.358694372775687]}"
502,141.0,-0.777146,0.6293204,0.2669,0.15666306,0.1946,0.0744,0.1017,0.1203,0.23574731,0.1583,0.207,0.2328,0.237,0.2517,0.09823911,1.370827,165.0,1.1256853,1.614765,0.09823911,-0.05933717,0.22780488,0.3266163,1.9684385,1.2172573,1.1817288,2.6218076,1.1256853,0.728839,2.2167773,0.0,-17.041422,-10.111706,6.929716,19.358694372775687,83.76790024414538,3,"{""geodesic"":false,""type"":""Point"",""coordinates"":[83.76790024414538,19.358694372775687]}"
503,243.0,-0.4539905,-0.8910065,0.2398,0.22503193,0.1517,0.0536,0.0724,0.068,0.118421055,0.1185,0.189,0.2165,0.2251,0.2465,0.1947983,1.5797101,235.0,1.0648313,1.2662942,0.1947983,-0.0316197,0.35068494,0.5359945,3.3054333,1.4828722,0.93793106,3.3075862,1.0648313,0.6323468,3.5212922,1.0,-13.594052,-7.328057,6.265996,19.358694372775687,83.85773177255733,3,"{""geodesic"":false,""type"":""Point"",""coordinates"":[83.85773177255733,19.358694372775687]}"
504,251.0,-0.32556817,-0.94551855,0.227,0.2870305,0.12575,0.0441,0.06575,0.0601,0.15355086,0.12195,0.2258,0.2598,0.26935,0.29165,0.3634523,1.8037347,618.0,0.8424569,1.3597285,0.3634523,0.08532286,0.4102998,0.6351495,4.4742527,2.1402464,0.9126803,3.4472284,0.8424569,0.55372083,3.770764,1.0,-15.230452,-9.030273,6.2001777,19.358694372775687,84.03739482938123,3,"{""geodesic"":false,""type"":""Point"",""coordinates"":[84.03739482938123,19.358694372775687]}"
505,71.0,0.32556817,0.94551855,0.2583,0.17649738,0.1808,0.0516,0.0762,0.0865,0.2527154,0.131,0.1962,0.2221,0.2276,0.246,0.114593536,1.4278607,612.0,1.1343874,1.6731141,0.114593536,-0.06318173,0.3050398,0.44922,2.6281755,1.2581537,1.1336828,3.3853211,1.1343874,0.6996904,2.982679,1.0,-15.724775,-9.230626,6.494149,19.358694372775687,84.30688941461709,3,"{""geodesic"":false,""type"":""Point"",""coordinates"":[84.30688941461709,19.358694372775687]}"
506,45.0,0.70710677,0.70710677,0.2872,0.19170125,0.1948,0.0665,0.0943,0.1002,0.20215957,0.1495,0.2355,0.2653,0.273,0.2918,0.16716546,1.4735762,98.0,1.0516294,1.5045046,0.16716546,-0.02534809,0.3224564,0.4630225,2.7218344,1.4007183,1.0614407,3.042373,1.0516294,0.67803687,2.8634098,0.0,-16.725538,-10.342264,6.383274,19.358694372775687,84.48655247144099,3,"{""geodesic"":false,""type"":""Point"",""coordinates"":[84.48655247144099,19.358694372775687]}"
507,333.0,0.8910065,-0.4539905,0.292,0.14802438,0.2167,0.0731,0.1034,0.1116,0.20844613,0.1612,0.2481,0.2759,0.2768,0.3014,0.12178318,1.3468635,77.0,1.0545323,1.5245901,0.12178318,-0.026722925,0.30306962,0.4253347,2.4780662,1.2767527,1.0782609,2.821256,1.0545323,0.7418692,2.614145,0.0,-17.451601,-10.242461,7.2091393,19.358694372775687,84.57638399985295,3,"{""geodesic"":false,""type"":""Point"",""coordinates"":[84.57638399985295,19.358694372775687]}"
508,353.0,0.99254614,-0.12186934,0.214,0.22565866,0.1352,0.0509,0.0742,0.063,0.10623354,0.1178,0.2046,0.2267,0.2369,0.2557,0.2733136,1.5816704,109.0,0.90295357,1.2352941,0.2733136,0.050787315,0.36921018,0.57986,3.754358,1.7509239,0.84791386,2.8802154,0.90295357,0.63148063,3.391442,1.0,-13.039741,-6.5330462,6.506694,19.358694372775687,84.6662155282649,3,"{""geodesic"":false,""type"":""Point"",""coordinates"":[84.6662155282649,19.358694372775687]}"
509,96.0,-0.104528464,0.9945219,0.2901,0.18869084,0.198,0.0742,0.1007,0.1105,0.19653492,0.16,0.2349,0.2644,0.2693,0.2944,0.15257864,1.4644119,40.0,1.0768374,1.487214,0.15257864,-0.037182696,0.29577464,0.4181148,2.4349005,1.3594145,1.0962301,2.8779762,1.0768374,0.68228805,2.6229656,0.0,-17.284788,-10.521477,6.763311,19.358694372775687,84.75604705667685,3,"{""geodesic"":false,""type"":""Point"",""coordinates"":[84.75604705667685,19.358694372775687]}"
510,165.0,-0.9659258,0.25881904,0.0304,0.11764706,0.024,0.06325,0.05905,0.0501,-0.11601235,0.05095,0.04705,0.0468,0.04225,0.04455,0.2754717,1.2614108,0.0,0.7178276,0.7908445,0.2754717,0.16311081,-0.06701571,-0.085002705,0.84163344,1.7531121,0.84699917,0.5139476,0.7178276,0.78688526,0.6055777,0.0,-31.355413,-19.791597,11.563816,19.358694372775687,85.11537317032466,3,"{""geodesic"":false,""type"":""Point"",""coordinates"":[85.11537317032466,19.358694372775687]}"
511,0.0,1.0,0.0,0.0345,0.08490566,0.0291,0.0581,0.0508,0.0436,-0.1425762,0.0498,0.0446,0.0433,0.0408,0.0408,0.16738197,1.1815069,0.0,0.84352076,0.7491409,0.16738197,0.08366534,-0.09933775,-0.033175357,0.93363845,1.3972603,0.8565815,0.6777996,0.84352076,0.8410405,0.7894737,0.0,-31.998196,-19.81379,12.184405,19.358694372775687,85.20520469873661,3,"{""geodesic"":false,""type"":""Point"",""coordinates"":[85.20520469873661,19.358694372775687]}"
512,0.0,1.0,0.0,0.0361,0.14421552,0.027,0.0549,0.0504,0.0452,-0.0969031,0.0518,0.046,0.0452,0.042,0.0423,0.2173913,1.3321034,0.0,0.8574822,0.8218182,0.2173913,0.07554417,-0.10095643,-0.036697246,0.92715234,1.5498155,0.8950495,0.7148515,0.8574822,0.74585634,0.7969095,0.0,-30.892096,-19.535082,11.357014,19.358694372775687,85.29503622714856,3,"{""geodesic"":false,""type"":""Point"",""coordinates"":[85.29503622714856,19.358694372775687]}"
513,0.0,1.0,0.0,0.0353,0.12599681,0.0274,0.0622,0.0608,0.055,-0.061433446,0.0593,0.0496,0.0464,0.0466,0.0452,0.25945947,1.2836363,0.0,0.75588864,0.882825,0.25945947,0.13797314,-0.13492823,-0.08267716,0.845735,1.6945455,0.90311986,0.5796388,0.75588864,0.7740113,0.6406534,0.0,-30.892252,-18.876749,12.015502,19.358694372775687,85.38486775556052,3,"{""geodesic"":false,""type"":""Point"",""coordinates"":[85.38486775556052,19.358694372775687]}"
514,0.0,1.0,0.0,0.0374,0.1910828,0.0254,0.0613,0.06,0.0572,-0.034599155,0.0627,0.0578,0.0559,0.0493,0.0535,0.31994644,1.4666667,0.0,0.757085,0.9315961,0.31994644,0.13725491,-0.07917384,-0.074178405,0.8603839,1.9333333,0.95174706,0.62229615,0.757085,0.67733335,0.6527051,0.0,-31.10582,-18.244293,12.8615265,19.358694372775687,85.47469928397247,3,"{""geodesic"":false,""type"":""Point"",""coordinates"":[85.47469928397247,19.358694372775687]}"
515,0.0,1.0,0.0,0.0368,0.13580246,0.028,0.0547,0.0447,0.0418,-0.13367875,0.0524,0.0456,0.0477,0.0376,0.0433,0.14634146,1.3096086,0.0,0.9761273,0.76277375,0.14634146,0.010752688,-0.09508882,-0.052896727,0.8973747,1.3380783,0.93303573,0.8214286,0.9761273,0.7588076,0.8782816,0.0,-31.24733,-18.187113,13.060217,19.358694372775687,85.56453081238442,3,"{""geodesic"":false,""type"":""Point"",""coordinates"":[85.56453081238442,19.358694372775687]}"
516,0.0,1.0,0.0,0.0399,0.20180723,0.0265,0.0586,0.0558,0.054,-0.040852576,0.0571,0.0538,0.0534,0.0521,0.0511,0.32569975,1.5,0.0,0.7643678,0.9199318,0.32569975,0.1326087,-0.055452865,-0.017907634,0.9630314,1.9586467,0.96601075,0.7137746,0.7643678,0.6625,0.7375231,0.0,-31.108381,-17.41829,13.690093,19.358694372775687,85.74419386920833,3,"{""geodesic"":false,""type"":""Point"",""coordinates"":[85.74419386920833,19.358694372775687]}"
517,0.0,1.0,0.0,0.0267,0.15210356,0.01965,0.0598,0.05155,0.04165,-0.17890586,0.0455,0.04045,0.0387,0.0341,0.0359,0.2688372,1.3518988,0.0,0.78070176,0.69532555,0.2688372,0.121710524,-0.11793612,-0.09966997,0.81676644,1.7265823,0.80638915,0.51694095,0.78070176,0.73320895,0.63952094,0.0,-31.303381,-17.428093,13.875288,19.358694372775687,85.83402539762028,3,"{""geodesic"":false,""type"":""Point"",""coordinates"":[85.83402539762028,19.358694372775687]}"
518,0.0,1.0,0.0,0.0363,0.17285945,0.0256,0.06,0.0525,0.04555,-0.13690194,0.0478,0.0441,0.043,0.03875,0.04125,0.2043512,1.4124514,0.0,0.93436295,0.7579035,0.2043512,0.032644905,-0.07355418,-0.08066429,0.84884995,1.5077821,0.8659696,0.6901141,0.93436295,0.7032967,0.79518074,0.0,-30.905884,-16.03744,14.868444,19.358694372775687,86.01368845444418,3,"{""geodesic"":false,""type"":""Point"",""coordinates"":[86.01368845444418,19.358694372775687]}"
519,0.0,1.0,0.0,0.0369,0.055793993,0.033,0.05944,0.053533334,0.046875,-0.11818652,0.04886,0.0459,0.0455,0.0414,0.04525,0.11290322,1.1148037,0.0,0.88915664,0.78728586,0.11290322,0.057471264,-0.038359366,-0.06202209,0.8813199,1.2507553,0.87399006,0.688005,0.88915664,0.8918919,0.7855242,0.0,-30.445553,-15.658259,14.7872925,19.358694372775687,86.10351998285613,3,"{""geodesic"":false,""type"":""Point"",""coordinates"":[86.10351998285613,19.358694372775687]}"
520,0.0,1.0,0.0,0.0186,0.08454811,0.0157,0.05555,0.04035,0.03235,-0.26393628,0.0359,0.03145,0.03075,0.02675,0.02715,0.26030624,1.1772152,0.0,0.6927374,0.58131176,0.26030624,0.17971334,-0.13877875,-0.09475465,0.8243452,1.693038,0.7997528,0.45982695,0.6927374,0.8395722,0.5731895,0.0,-30.944698,-15.730987,15.213712,19.358694372775687,86.19335151126809,3,"{""geodesic"":false,""type"":""Point"",""coordinates"":[86.19335151126809,19.358694372775687]}"
521,0.0,1.0,0.0,0.0178,0.10559006,0.0144,0.0489,0.0391,0.0304,-0.2332913,0.03315,0.02835,0.02795,0.02465,0.0236,0.26248398,1.2275862,0.0,0.7191919,0.6204082,0.26248398,0.16136631,-0.16828194,-0.1044505,0.8081967,1.7,0.7755102,0.45408162,0.7191919,0.8044693,0.58360654,0.0,-30.674475,-16.451506,14.22297,19.358694372775687,86.28318303968004,3,"{""geodesic"":false,""type"":""Point"",""coordinates"":[86.28318303968004,19.358694372775687]}"
522,0.0,1.0,0.0,0.0179,0.122257054,0.014,0.05015,0.03695,0.03085,-0.23827161,0.03255,0.0275,0.02665,0.02425,0.0246,0.26797387,1.2695036,0.0,0.73511297,0.61393034,0.26797387,0.15065244,-0.13910761,-0.11978222,0.78352183,1.7198582,0.8326586,0.4831309,0.73511297,0.7777778,0.57835215,0.0,-31.11789,-16.806952,14.310939,19.358694372775687,86.37301456809199,3,"{""geodesic"":false,""type"":""Point"",""coordinates"":[86.37301456809199,19.358694372775687]}"
523,0.0,1.0,0.0,0.02045,0.067885116,0.01785,0.0459,0.03395,0.0291,-0.224,0.0311,0.02675,0.02685,0.0238,0.02365,0.14285715,1.1392758,0.0,0.8556485,0.6326087,0.14285715,0.07570621,-0.13607305,-0.10018904,0.8150685,1.3259053,0.8546255,0.60058737,0.8556485,0.8686131,0.7003425,0.0,-31.724123,-18.18506,13.539062,19.358694372775687,86.55267762491589,3,"{""geodesic"":false,""type"":""Point"",""coordinates"":[86.55267762491589,19.358694372775687]}"
524,0.0,1.0,0.0,0.02345,0.095794395,0.01935,0.0439,0.03285,0.0275,-0.22969188,0.0306,0.0264,0.0278,0.0221,0.0241,0.06634499,1.2056556,0.0,1.0563064,0.625,0.06634499,-0.029637761,-0.11882998,-0.10887097,0.8007246,1.1362468,0.8345979,0.71168435,1.0563064,0.82165605,0.8496377,0.0,-31.60759,-18.464907,13.142683,19.358694372775687,86.64250915332785,3,"{""geodesic"":false,""type"":""Point"",""coordinates"":[86.64250915332785,19.358694372775687]}"
525,0.0,1.0,0.0,0.0288,0.11627907,0.0228,0.04965,0.03895,0.03505,-0.17237309,0.04005,0.03555,0.0348,0.0314,0.03335,0.15867159,1.2576419,0.0,0.9142857,0.7045226,0.15867159,0.04318937,-0.091280654,-0.05492852,0.89331436,1.371179,0.8975672,0.737516,0.9142857,0.7889273,0.81934565,0.0,-30.877245,-18.714289,12.162956,19.358694372775687,86.7323406817398,3,"{""geodesic"":false,""type"":""Point"",""coordinates"":[86.7323406817398,19.358694372775687]}"
526,0.0,1.0,0.0,0.03055,0.078552514,0.0261,0.0554,0.04595,0.04105,-0.14878175,0.04585,0.0403,0.03865,0.0336,0.03575,0.12562814,1.1660305,0.0,0.9065282,0.73963964,0.12562814,0.04754482,-0.123774506,-0.09979906,0.8165249,1.2824427,0.8914224,0.66340935,0.9065282,0.85154974,0.74240583,0.0,-31.85429,-19.020767,12.833523,19.358694372775687,86.82217221015175,3,"{""geodesic"":false,""type"":""Point"",""coordinates"":[86.82217221015175,19.358694372775687]}"
527,0.0,1.0,0.0,0.03205,0.065669164,0.0281,0.05565,0.04455,0.04085,-0.15336788,0.04575,0.0407,0.0406,0.0346,0.0367,0.103668265,1.1365248,0.0,0.92363113,0.73273546,0.103668265,0.038259566,-0.109763496,-0.082836315,0.84493285,1.2269504,0.9148936,0.71780515,0.92363113,0.87402797,0.7826618,0.0,-32.765175,-19.140963,13.624211,19.358694372775687,86.9120037385637,3,"{""geodesic"":false,""type"":""Point"",""coordinates"":[86.9120037385637,19.358694372775687]}"
528,200.0,-0.9396926,-0.34202015,0.35035,0.13639313,0.26625,0.07905,0.11045,0.14005,0.2784117,0.178,0.22025,0.2438,0.2486,0.2702,-0.03428183,1.3153745,608.0,1.4087254,1.7694252,-0.03428183,-0.16988063,0.20571174,0.27930015,1.7738137,0.9333584,1.2668476,3.1691542,1.4087254,0.7597375,2.4998217,0.0,-19.58884,-11.928103,7.660737,19.44852590118764,82.60009037479,3,"{""geodesic"":false,""type"":""Point"",""coordinates"":[82.60009037479,19.44852590118764]}"
529,61.0,0.4848096,0.8746197,0.2404,0.21598381,0.155,0.0518,0.0708,0.0732,0.1712,0.11705,0.1829,0.21,0.2196,0.23945,0.17245062,1.5499678,397.0,1.0942194,1.4104047,0.17245062,-0.04521739,0.343338,0.5,2.9959073,1.4158608,1.0324401,3.390691,1.0942194,0.64449066,3.2796726,2.0,-12.961816,-6.613551,6.348264,19.44852590118764,82.68992190320195,3,"{""geodesic"":false,""type"":""Point"",""coordinates"":[82.68992190320195,19.44852590118764]}"
530,304.0,0.5591929,-0.82903755,0.2616,0.18330882,0.18055,0.05225,0.07865,0.0946,0.2883895,0.1355,0.19585,0.2204,0.22545,0.24845,0.110591136,1.448104,480.0,1.1598315,1.8070679,0.110591136,-0.074222356,0.29417893,0.40884236,2.3806758,1.2479934,1.2012699,3.3219047,1.1598315,0.68991214,2.7624075,2.0,-16.515139,-9.900099,6.6150403,19.44852590118764,82.86958496002586,3,"{""geodesic"":false,""type"":""Point"",""coordinates"":[82.86958496002586,19.44852590118764]}"
531,281.0,0.190809,-0.98162717,0.2286,0.25225964,0.1365,0.0343,0.0606,0.0595,0.26865673,0.1149,0.203,0.2324,0.2402,0.2615,0.27528536,1.6734992,724.0,0.9513109,1.7296512,0.27528536,0.024744028,0.38947928,0.60293627,4.0302014,1.7584188,0.9802306,3.7660625,0.9513109,0.59685177,3.8355706,1.0,-12.951811,-6.890852,6.0609593,19.44852590118764,82.95941648843781,3,"{""geodesic"":false,""type"":""Point"",""coordinates"":[82.95941648843781,19.44852590118764]}"
532,299.0,0.4848096,-0.8746197,0.2778,0.17811705,0.1938,0.0411,0.0659,0.0864,0.3552941,0.1257,0.1616,0.1829,0.1879,0.2082,-0.015457165,1.4326973,900.0,1.4776596,2.0970874,-0.015457165,-0.19304273,0.24707997,0.37003282,2.1722543,0.9690562,1.3090909,4.2090907,1.4776596,0.69737315,3.2115607,0.0,-15.317165,-8.793519,6.5236454,19.44852590118764,83.04924801684976,3,"{""geodesic"":false,""type"":""Point"",""coordinates"":[83.04924801684976,19.44852590118764]}"
533,97.0,-0.12186934,0.99254614,0.2813,0.18392256,0.1939,0.04,0.0678,0.0817,0.34264585,0.1259,0.1854,0.2097,0.2159,0.2363,0.053684723,1.45,864.0,1.3023148,2.0374064,0.053684723,-0.1315366,0.30480397,0.45094085,2.6393642,1.1128865,1.20324,4.142857,1.3023148,0.6890547,3.4388752,1.0,-16.638716,-9.478097,7.160619,19.44852590118764,83.13907954526171,3,"{""geodesic"":false,""type"":""Point"",""coordinates"":[83.13907954526171,19.44852590118764]}"
534,100.0,-0.17364818,0.9848077,0.257,0.2171442,0.1653,0.0463,0.0639,0.0763,0.24469821,0.1144,0.1787,0.2057,0.2135,0.2308,0.12724392,1.5538089,728.0,1.2031835,1.6443965,0.12724392,-0.092454836,0.3371958,0.47342995,2.7945027,1.2908101,1.1921875,4.015625,1.2031835,0.64294046,3.3638744,2.0,-13.093279,-5.8871202,7.206159,19.44852590118764,83.22891107367366,3,"{""geodesic"":false,""type"":""Point"",""coordinates"":[83.22891107367366,19.44852590118764]}"
535,69.0,0.35836795,0.9335804,0.31045,0.15904424,0.22525,0.07875,0.10265,0.12485,0.22642437,0.1648,0.2171,0.24285,0.2516,0.2732,0.055258468,1.3776348,429.0,1.2334127,1.5833862,0.055258468,-0.10470599,0.24748859,0.3366981,2.0136054,1.1164855,1.2150851,3.0214112,1.2334127,0.72532606,2.4845939,1.0,-18.559338,-11.27913,7.280207,19.44852590118764,83.31874260208562,3,"{""geodesic"":false,""type"":""Point"",""coordinates"":[83.31874260208562,19.44852590118764]}"
536,195.0,-0.9659258,-0.25881904,0.2482,0.21309873,0.161,0.0495,0.06765,0.07625,0.21272366,0.1193,0.1814,0.2099,0.21855,0.23895,0.15162693,1.540658,447.0,1.1351475,1.5372984,0.15162693,-0.06352437,0.33398464,0.48270014,2.8624754,1.3566108,1.1254612,3.6634686,1.1351475,0.6484092,3.2508185,2.0,-10.663265,-3.595382,7.0678835,19.44852590118764,83.40857413049757,3,"{""geodesic"":false,""type"":""Point"",""coordinates"":[83.40857413049757,19.44852590118764]}"
537,259.0,-0.190809,-0.98162717,0.26245,0.19024943,0.17855,0.05115,0.0757,0.0866,0.25735027,0.1336,0.20215,0.23315,0.23885,0.25895,0.14446574,1.4690737,489.0,1.098347,1.6897562,0.14446574,-0.0470776,0.31932238,0.4678138,2.754902,1.3369718,1.1424803,3.4624012,1.098347,0.6800609,3.0271049,0.0,-16.06915,-9.039923,7.0292277,19.44852590118764,83.49840565890952,3,"{""geodesic"":false,""type"":""Point"",""coordinates"":[83.49840565890952,19.44852590118764]}"
538,316.0,0.7193398,-0.6946584,0.26505,0.18776608,0.18125,0.0497,0.06695,0.0806,0.23714505,0.1218,0.1739,0.20125,0.2096,0.2296,0.07253422,1.4615384,567.0,1.2639484,1.6184739,0.07253422,-0.11682292,0.30677292,0.444521,2.5972738,1.1557761,1.202088,3.95302,1.2639484,0.68357533,3.2843866,0.0,-14.123896,-7.0235834,7.100312,19.44852590118764,83.58823718732147,3,"{""geodesic"":false,""type"":""Point"",""coordinates"":[83.58823718732147,19.44852590118764]}"
539,68.0,0.37460658,0.92718387,0.2722,0.191508,0.1847,0.0517,0.0704,0.0782,0.20400308,0.1199,0.1995,0.2226,0.2294,0.2476,0.10794494,1.4729437,554.0,1.1860566,1.5096525,0.10794494,-0.085326955,0.34748298,0.49154747,2.9297574,1.241342,1.1092199,3.860993,1.1860566,0.67829597,3.476373,1.0,-13.747733,-6.232094,7.5156393,19.44852590118764,83.67806871573343,3,"{""geodesic"":false,""type"":""Point"",""coordinates"":[83.67806871573343,19.44852590118764]}"
540,157.0,-0.92050487,0.39073113,0.2489,0.16118498,0.1798,0.0568,0.0754,0.0909,0.23087339,0.1298,0.189,0.2109,0.2209,0.2404,0.102570504,1.3835465,219.0,1.1262443,1.5975395,0.102570504,-0.059599828,0.29875743,0.41693392,2.4274726,1.2279044,1.2039735,3.2966888,1.1262443,0.72208834,2.7351649,1.0,-14.594169,-7.954022,6.6401463,19.44852590118764,83.76790024414538,3,"{""geodesic"":false,""type"":""Point"",""coordinates"":[83.76790024414538,19.44852590118764]}"
541,233.0,-0.60181504,-0.7986355,0.2539,0.23883875,0.156,0.0566,0.0835,0.0798,0.17008798,0.1375,0.2313,0.2664,0.2754,0.2998,0.2767733,1.6265215,310.0,0.9215971,1.4074074,0.2767733,0.040619686,0.3711411,0.5506757,3.4468086,1.7642537,0.95454544,3.0370812,0.9215971,0.61417323,3.1777222,1.0,-16.690647,-9.995213,6.695435,19.44852590118764,83.85773177255733,3,"{""geodesic"":false,""type"":""Point"",""coordinates"":[83.85773177255733,19.44852590118764]}"
542,321.0,0.777146,-0.6293204,0.241,0.23447305,0.14945,0.0471,0.07105,0.0698,0.19418307,0.12545,0.2112,0.2364,0.2491,0.26325,0.25003135,1.6115012,712.0,0.9670947,1.4788135,0.25003135,0.01652724,0.35451505,0.5622452,3.5636623,1.6656636,0.981026,3.3872101,0.9670947,0.61986727,3.4477825,1.0,-16.37704,-9.737239,6.639803,19.44852590118764,84.03739482938123,3,"{""geodesic"":false,""type"":""Point"",""coordinates"":[84.03739482938123,19.44852590118764]}"
543,21.0,0.9335804,0.35836795,0.2748,0.23993231,0.16845,0.05595,0.0786,0.0812,0.184105,0.13625,0.2283,0.26235,0.2691,0.29335,0.23003085,1.6303767,643.0,1.0208024,1.4487065,0.23003085,-0.010479867,0.365689,0.5363974,3.309963,1.5965589,1.0317662,3.4917407,1.0208024,0.6127683,3.3800738,1.0,-15.502125,-9.483428,6.018697,19.44852590118764,84.12722635779319,3,"{""geodesic"":false,""type"":""Point"",""coordinates"":[84.12722635779319,19.44852590118764]}"
544,33.0,0.83867055,0.54463905,0.2627,0.19981731,0.1752,0.046,0.0646,0.0731,0.22753988,0.1154,0.1789,0.2087,0.2184,0.235,0.1097561,1.4985739,616.0,1.2022883,1.5856833,0.1097561,-0.092080645,0.3413242,0.49845627,2.9836066,1.2458643,1.12983,4.0602784,1.2022883,0.6666667,3.5887978,1.0,-15.288497,-8.730177,6.5583205,19.44852590118764,84.21705788620514,3,"{""geodesic"":false,""type"":""Point"",""coordinates"":[84.21705788620514,19.44852590118764]}"
545,152.0,-0.88294756,0.46947157,0.2823,0.15578301,0.2062,0.0689,0.1009,0.1141,0.24699454,0.1542,0.2277,0.2547,0.2561,0.2761,0.107938565,1.3683956,101.0,1.1018735,1.6536232,0.107938565,-0.048662703,0.2832907,0.38357645,2.2425568,1.2413961,1.1297029,2.7950494,1.1018735,0.73016995,2.471979,1.0,-17.155512,-10.2016735,6.953838,19.44852590118764,84.48655247144099,3,"{""geodesic"":false,""type"":""Point"",""coordinates"":[84.48655247144099,19.44852590118764]}"
546,112.0,-0.37460658,0.92718387,0.3061,0.17324646,0.2157,0.0798,0.1071,0.1239,0.21649484,0.1666,0.2297,0.2576,0.2618,0.2805,0.096544504,1.418443,76.0,1.1687667,1.5506884,0.096544504,-0.07800669,0.25475284,0.35753176,2.1112902,1.2131603,1.1557835,2.8554103,1.1687667,0.70444155,2.4685483,0.0,-16.988117,-10.198096,6.7900214,19.44852590118764,84.57638399985295,3,"{""geodesic"":false,""type"":""Point"",""coordinates"":[84.57638399985295,19.44852590118764]}"
547,32.0,0.8480481,0.52991927,0.2791,0.16802679,0.1988,0.0762,0.1056,0.1145,0.20083901,0.1571,0.2399,0.2662,0.2693,0.2952,0.15060884,1.4032177,47.0,1.036006,1.5006553,0.15060884,-0.017870167,0.3053283,0.40333506,2.3499126,1.3539467,1.0832545,2.640492,1.036006,0.7120344,2.4354277,0.0,-16.930428,-9.203325,7.7271013,19.44852590118764,84.6662155282649,3,"{""geodesic"":false,""type"":""Point"",""coordinates"":[84.6662155282649,19.44852590118764]}"
548,58.0,0.52991927,0.8480481,0.2791,0.14151329,0.2099,0.0817,0.1095,0.1217,0.19665684,0.1614,0.2271,0.2538,0.2575,0.2775,0.10183997,1.3290476,34.0,1.0834627,1.4877751,0.10183997,-0.04025345,0.26452494,0.35812235,2.1141214,1.2261904,1.1104015,2.5465329,1.0834627,0.7517908,2.2914615,0.0,-17.227427,-10.242096,6.985331,19.44852590118764,84.75604705667685,3,"{""geodesic"":false,""type"":""Point"",""coordinates"":[84.75604705667685,19.44852590118764]}"
549,52.0,0.6156615,0.7880108,0.2485,0.19327731,0.168,0.0637,0.0867,0.0906,0.1743357,0.134,0.1971,0.2216,0.2259,0.2436,0.14699163,1.4782867,39.0,1.0995575,1.4200627,0.14699163,-0.047639124,0.29025424,0.42748815,2.4906285,1.343843,1.0437788,2.862903,1.0995575,0.6757844,2.7398016,0.0,-15.350164,-8.679662,6.670502,19.44852590118764,84.8458785850888,3,"{""geodesic"":false,""type"":""Point"",""coordinates"":[84.8458785850888,19.44852590118764]}"
550,202.0,-0.92718387,-0.37460658,0.2305,0.23625638,0.1424,0.0505,0.0806,0.0834,0.24570575,0.1392,0.2208,0.2513,0.2577,0.2801,0.28817797,1.6175438,19.0,0.89410394,1.6482214,0.28817797,0.05571487,0.33603626,0.51099384,3.0862277,1.808421,1.0334573,2.8562577,0.89410394,0.6175195,2.760479,0.0,-15.072008,-8.914726,6.1572814,19.44852590118764,85.02554164191271,3,"{""geodesic"":false,""type"":""Point"",""coordinates"":[85.02554164191271,19.44852590118764]}"
551,110.0,-0.34202015,0.9396926,0.20455,0.2999682,0.11015,0.05005,0.0712,0.05785,0.072289154,0.1123,0.21655,0.2499,0.25495,0.27545,0.39660367,1.8553288,12.0,0.8019996,1.1535394,0.39660367,0.10968444,0.4207608,0.6301151,4.3994823,2.3124716,0.8113605,2.868864,0.8019996,0.538236,3.529767,0.0,-14.823657,-8.753337,6.07032,19.44852590118764,85.11537317032466,3,"{""geodesic"":false,""type"":""Point"",""coordinates"":[85.11537317032466,19.44852590118764]}"
552,111.0,-0.35836795,0.9335804,0.0327,0.07920792,0.0279,0.0635,0.0572,0.045,-0.17050691,0.0469,0.0438,0.0433,0.0418,0.0418,0.19942611,1.1678572,0.0,0.7804296,0.7075472,0.19942611,0.12214765,-0.05749718,-0.03686636,0.9268293,1.4928571,0.7853403,0.5706806,0.7804296,0.8506098,0.72505546,0.0,-30.80383,-19.586168,11.217661,19.44852590118764,85.20520469873661,3,"{""geodesic"":false,""type"":""Point"",""coordinates"":[85.20520469873661,19.44852590118764]}"
553,180.0,-1.0,1.2246469E-16,0.0352,0.11568938,0.0279,0.0555,0.0515,0.0449,-0.10557769,0.0499,0.0443,0.0434,0.0419,0.0424,0.20057307,1.2571429,0.0,0.83809525,0.80755395,0.20057307,0.08690013,-0.08125677,-0.03456221,0.9311111,1.4964286,0.87015504,0.68217057,0.83809525,0.79036826,0.7822222,0.0,-31.021986,-18.830156,12.19183,19.44852590118764,85.29503622714856,3,"{""geodesic"":false,""type"":""Point"",""coordinates"":[85.29503622714856,19.44852590118764]}"
554,0.0,1.0,0.0,0.031,0.12932605,0.0239,0.0543,0.0505,0.0454,-0.089267805,0.0517,0.0463,0.0452,0.0404,0.0428,0.25660965,1.2916666,0.0,0.7654321,0.83455884,0.25660965,0.13165267,-0.09417989,-0.05827506,0.8879121,1.6833333,0.8972332,0.61264825,0.7654321,0.76848876,0.6813187,0.0,-30.88384,-18.72256,12.161279,19.44852590118764,85.38486775556052,3,"{""geodesic"":false,""type"":""Point"",""coordinates"":[85.38486775556052,19.44852590118764]}"
555,0.0,1.0,0.0,0.0358,0.11007752,0.0287,0.0635,0.0605,0.058,-0.04526749,0.0571,0.0528,0.0535,0.0484,0.0488,0.25551233,1.2430556,0.0,0.73814434,0.9119497,0.25551233,0.1496437,-0.078375824,-0.09022556,0.8330465,1.6805556,0.9570957,0.5907591,0.73814434,0.7994429,0.616179,0.0,-31.498932,-18.47528,13.023651,19.44852590118764,85.47469928397247,3,"{""geodesic"":false,""type"":""Point"",""coordinates"":[85.47469928397247,19.44852590118764]}"
556,0.0,1.0,0.0,0.0394,0.09596662,0.0325,0.0618,0.0586,0.0549,-0.059125964,0.0614,0.0553,0.0558,0.0514,0.0561,0.22526817,1.208589,0.0,0.76504856,0.8869144,0.22526817,0.13215859,-0.04510638,-0.03292568,0.93454546,1.5766871,0.93526405,0.6712095,0.76504856,0.8227848,0.7163636,0.0,-31.54134,-18.091978,13.449361,19.44852590118764,85.56453081238442,3,"{""geodesic"":false,""type"":""Point"",""coordinates"":[85.56453081238442,19.44852590118764]}"
557,0.0,1.0,0.0,0.0403,0.22865854,0.0253,0.058,0.0572,0.0576,-0.0034602077,0.0605,0.0567,0.0555,0.047,0.0472,0.30013832,1.5866141,0.0,0.85562634,0.99139416,0.30013832,0.07674685,-0.12349118,-0.10133843,0.814558,1.8503937,1.0052356,0.70331585,0.85562634,0.62623763,0.6984402,0.0,-31.403025,-17.489569,13.913456,19.44852590118764,85.65436234079637,3,"{""geodesic"":false,""type"":""Point"",""coordinates"":[85.65436234079637,19.44852590118764]}"
558,0.0,1.0,0.0,0.02955,0.13763234,0.0224,0.058,0.0491,0.0425,-0.15422885,0.0464,0.04145,0.03995,0.03545,0.03715,0.2255834,1.3133334,0.0,0.8312236,0.7314974,0.2255834,0.09076923,-0.11071215,-0.09044259,0.83215964,1.5755556,0.86382115,0.6006098,0.8312236,0.7554806,0.693662,0.0,-30.889034,-16.96811,13.920924,19.44852590118764,85.83402539762028,3,"{""geodesic"":false,""type"":""Point"",""coordinates"":[85.83402539762028,19.44852590118764]}"
559,0.0,1.0,0.0,0.03065,0.12787488,0.0237,0.0602,0.05295,0.04305,-0.1661017,0.0468,0.0405,0.03955,0.0347,0.0373,0.18835616,1.2878151,0.0,0.88074714,0.71393037,0.18835616,0.061973985,-0.11296076,-0.1073955,0.8041715,1.4579831,0.8114986,0.5777568,0.88074714,0.7707317,0.71031284,0.0,-30.311775,-15.98755,14.324225,19.44852590118764,85.92385692603223,3,"{""geodesic"":false,""type"":""Point"",""coordinates"":[85.92385692603223,19.44852590118764]}"
560,0.0,1.0,0.0,0.03745,0.0730659,0.03235,0.0625625,0.0561,0.0484,-0.12763321,0.0569,0.0523,0.0528,0.0463,0.05335,0.17736809,1.1540833,0.0,0.8071121,0.7723918,0.17736809,0.105671644,-0.032199547,-0.02217529,0.9546392,1.4268105,0.86121,0.6663701,0.8071121,0.86151797,0.77216494,0.0,-30.475355,-15.898197,14.577158,19.44852590118764,86.10351998285613,3,"{""geodesic"":false,""type"":""Point"",""coordinates"":[86.10351998285613,19.44852590118764]}"
561,0.0,1.0,0.0,0.0196,0.06666667,0.01715,0.04845,0.03955,0.0355,-0.15425849,0.03765,0.03275,0.0322,0.0283,0.02725,0.24532454,1.1362319,0.0,0.69014084,0.7312049,0.24532454,0.18162839,-0.16024654,-0.11285266,0.7949438,1.6405797,0.8953342,0.49432534,0.69014084,0.8705584,0.5505618,0.0,-31.556715,-17.789415,13.767301,19.44852590118764,86.46284609650394,3,"{""geodesic"":false,""type"":""Point"",""coordinates"":[86.46284609650394,19.44852590118764]}"
562,0.0,1.0,0.0,0.02195,0.06553398,0.01925,0.0476,0.038,0.03215,-0.19373041,0.03635,0.03175,0.03145,0.0262,0.02845,0.1529153,1.1343669,0.0,0.83460075,0.6740042,0.1529153,0.088265836,-0.12191358,-0.10197087,0.8124031,1.3540052,0.843832,0.5761155,0.83460075,0.8730159,0.68062013,0.0,-31.445223,-17.904139,13.541084,19.44852590118764,86.55267762491589,3,"{""geodesic"":false,""type"":""Point"",""coordinates"":[86.55267762491589,19.44852590118764]}"
563,0.0,1.0,0.0,0.02515,0.05894737,0.02235,0.05555,0.0428,0.0359,-0.21487151,0.03825,0.034,0.03345,0.02985,0.0313,0.14367816,1.1202673,0.0,0.8397329,0.64510334,0.14367816,0.085454546,-0.09992811,-0.09201521,0.82916665,1.3296214,0.83682984,0.5862471,0.8397329,0.8851485,0.69861114,0.0,-31.056932,-18.164444,12.8924885,19.44852590118764,86.64250915332785,3,"{""geodesic"":false,""type"":""Point"",""coordinates"":[86.64250915332785,19.44852590118764]}"
564,0.0,1.0,0.0,0.0283,0.06893296,0.02465,0.0532,0.04195,0.03695,-0.18025513,0.0391,0.03495,0.0349,0.03235,0.0337,0.13508771,1.1434343,0.0,0.87211096,0.69324577,0.13508771,0.06677659,-0.07417583,-0.066378064,0.8731444,1.3070707,0.8787158,0.6730083,0.87211096,0.8679578,0.7638327,0.0,-30.564077,-18.663939,11.900138,19.44852590118764,86.7323406817398,3,"{""geodesic"":false,""type"":""Point"",""coordinates"":[86.7323406817398,19.44852590118764]}"
565,0.0,1.0,0.0,0.02835,0.05783582,0.02525,0.0512,0.0424,0.0372,-0.15837105,0.0416,0.03635,0.0348,0.0327,0.0331,0.1285591,1.1183432,0.0,0.8643293,0.7251462,0.1285591,0.07125307,-0.113788486,-0.06437768,0.8766756,1.2899408,0.8752941,0.6670588,0.8643293,0.887522,0.76005363,0.0,-32.196064,-18.910416,13.285651,19.44852590118764,86.82217221015175,3,"{""geodesic"":false,""type"":""Point"",""coordinates"":[86.82217221015175,19.44852590118764]}"
566,0.0,1.0,0.0,0.0275,0.046622265,0.02505,0.05505,0.04285,0.0369,-0.19738989,0.0381,0.03365,0.03305,0.03055,0.02935,0.09892087,1.0934393,0.0,0.89722675,0.6690843,0.09892087,0.052540913,-0.12972572,-0.09414381,0.82567567,1.2147118,0.85913855,0.6402794,0.89722675,0.9076087,0.7432432,0.0,-33.16873,-19.342628,13.826103,19.44852590118764,86.9120037385637,3,"{""geodesic"":false,""type"":""Point"",""coordinates"":[86.9120037385637,19.44852590118764]}"
567,72.0,0.309017,0.95105654,0.31545,0.15814593,0.2293,0.0522,0.0744,0.0968,0.29932886,0.13525,0.1784,0.2044,0.2125,0.2317,-0.038026255,1.375109,581.0,1.4837724,1.8508605,-0.038026255,-0.19499953,0.26284236,0.3740705,2.1929824,0.92632955,1.2993288,4.234228,1.4837724,0.7266677,3.255418,2.0,-16.806767,-10.078988,6.727778,19.538357429599593,82.60009037479,3,"{""geodesic"":false,""type"":""Point"",""coordinates"":[82.60009037479,19.538357429599593]}"
568,72.0,0.309017,0.95105654,0.3117,0.1710341,0.22065,0.0721,0.09845,0.1119,0.21630435,0.1571,0.21555,0.2417,0.2489,0.27075,0.060163986,1.4120045,279.0,1.2518072,1.5498616,0.060163986,-0.11202283,0.26563048,0.37971175,2.2223215,1.1275198,1.1354642,3.1628616,1.2518072,0.70766515,2.7830358,0.0,-17.167368,-10.312042,6.855325,19.538357429599593,82.68992190320195,3,"{""geodesic"":false,""type"":""Point"",""coordinates"":[82.68992190320195,19.538357429599593]}"
569,90.0,6.123234E-17,1.0,0.2046,0.24414715,0.1243,0.0533,0.07405,0.0774,0.18439174,0.1146,0.19385,0.22145,0.2249,0.2455,0.28808707,1.6446946,253.0,0.90933335,1.4494382,0.28808707,0.04726426,0.36351013,0.4879259,2.9019356,1.8078778,1.04383,2.7592719,0.90933335,0.60723007,2.64,0.0,-16.065968,-9.470034,6.5959344,19.538357429599593,82.7797534316139,3,"{""geodesic"":false,""type"":""Point"",""coordinates"":[82.7797534316139,19.538357429599593]}"
570,288.0,0.309017,-0.95105654,0.15165,0.25460187,0.0901,0.049,0.0738,0.0732,0.198036,0.1105,0.18075,0.20015,0.2013,0.2205,0.38160604,1.6812638,253.0,0.75297916,1.4908351,0.38160604,0.14067148,0.3323263,0.46666667,2.7462482,2.2317073,0.99052775,2.0520973,0.75297916,0.5937397,2.0688949,1.0,-16.804708,-9.146513,7.658196,19.538357429599593,82.86958496002586,3,"{""geodesic"":false,""type"":""Point"",""coordinates"":[82.86958496002586,19.538357429599593]}"
571,287.0,0.2923717,-0.9563047,0.2444,0.18382175,0.1685,0.0382,0.0636,0.0728,0.3117117,0.1129,0.1783,0.2029,0.2114,0.2296,0.11292446,1.4495848,622.0,1.1555556,1.9007833,0.11292446,-0.072400175,0.34072992,0.48768473,2.8998628,1.2538552,1.1428572,3.8367348,1.1555556,0.68916154,3.3525376,2.0,-16.047422,-8.924527,7.122895,19.538357429599593,82.95941648843781,3,"{""geodesic"":false,""type"":""Point"",""coordinates"":[82.95941648843781,19.538357429599593]}"
572,47.0,0.6819984,0.7313537,0.2173,0.26594815,0.126,0.0376,0.0584,0.0501,0.14253135,0.1143,0.2079,0.2356,0.2459,0.2618,0.32239848,1.7232355,796.0,0.8833333,1.3289125,0.32239848,0.06174439,0.39218292,0.6614865,4.8984065,1.9500396,0.85641026,3.71453,0.8833333,0.5795768,4.3286853,1.0,-15.404788,-9.092159,6.3126287,19.538357429599593,83.13907954526171,3,"{""geodesic"":false,""type"":""Point"",""coordinates"":[83.13907954526171,19.538357429599593]}"
573,85.0,0.087155744,0.9961947,0.2613,0.18449682,0.1799,0.0558,0.073,0.0946,0.25797874,0.1292,0.1648,0.1864,0.1928,0.2116,0.03461229,1.4516667,738.0,1.3545879,1.6923077,0.03461229,-0.15084784,0.24178404,0.34168407,2.0359027,1.0711111,1.2941177,3.5745554,1.3545879,0.6882173,2.7592397,1.0,-15.77911,-8.656554,7.1225553,19.538357429599593,83.22891107367366,3,"{""geodesic"":false,""type"":""Point"",""coordinates"":[83.22891107367366,19.538357429599593]}"
574,166.0,-0.9702957,0.2419219,0.2892,0.16730575,0.2063,0.062,0.0868,0.1063,0.26322043,0.1461,0.1983,0.2214,0.231,0.2493,0.056482963,1.4011627,457.0,1.2514063,1.7117553,0.056482963,-0.11188005,0.26100153,0.36970055,2.1710527,1.119186,1.2232451,3.327963,1.2514063,0.7131006,2.718045,1.0,-16.275797,-9.32904,6.9467573,19.538357429599593,83.31874260208562,3,"{""geodesic"":false,""type"":""Point"",""coordinates"":[83.31874260208562,19.538357429599593]}"
575,89.0,0.017452406,0.9998477,0.2762,0.18668099,0.1893,0.0634,0.08815,0.1038,0.2416268,0.15235,0.2244,0.2501,0.25385,0.2759,0.14566174,1.4582894,362.0,1.0876157,1.6346457,0.14566174,-0.042165834,0.2884997,0.41954425,2.4432147,1.3402851,1.176204,3.129745,1.0876157,0.6851249,2.6583252,2.0,-14.147134,-7.7199864,6.4271474,19.538357429599593,83.49840565890952,3,"{""geodesic"":false,""type"":""Point"",""coordinates"":[83.49840565890952,19.538357429599593]}"
576,20.0,0.9396926,0.34202015,0.2551,0.24378352,0.1551,0.055,0.0708,0.07405,0.1476172,0.1217,0.19775,0.22805,0.23965,0.2585,0.21418619,1.6436856,338.0,1.064025,1.3439201,0.21418619,-0.031227892,0.35981062,0.5278929,3.2319622,1.5441366,1.0444288,3.5980253,1.064025,0.60775864,3.4403236,0.0,-15.135207,-8.799016,6.336191,19.538357429599593,83.58823718732147,3,"{""geodesic"":false,""type"":""Point"",""coordinates"":[83.58823718732147,19.538357429599593]}"
577,30.0,0.8660254,0.5,0.2426,0.2230905,0.1541,0.0538,0.0708,0.0704,0.1336554,0.1165,0.1863,0.2163,0.2239,0.2445,0.18465608,1.5732814,323.0,1.0830357,1.3061224,0.18465608,-0.040085744,0.35457063,0.52157664,3.1758866,1.4520104,0.9929478,3.4217207,1.0830357,0.63494027,3.4411347,0.0,-12.298392,-5.636585,6.661807,19.538357429599593,83.67806871573343,3,"{""geodesic"":false,""type"":""Point"",""coordinates"":[83.67806871573343,19.538357429599593]}"
578,219.0,-0.777146,-0.6293204,0.307,0.16597037,0.2196,0.0562,0.0753,0.0894,0.22802198,0.1305,0.1827,0.2064,0.2168,0.2366,-0.006416132,1.3973601,286.0,1.4153988,1.5879219,-0.006416132,-0.17220312,0.28902206,0.41606793,2.4223464,0.9868002,1.1856763,4.071618,1.4153988,0.7150765,3.4301677,0.0,-16.56313,-10.1380825,6.425047,19.538357429599593,83.76790024414538,3,"{""geodesic"":false,""type"":""Point"",""coordinates"":[83.76790024414538,19.538357429599593]}"
579,220.0,-0.76604444,-0.64278764,0.3161,0.17400186,0.2224,0.0592,0.0857,0.1012,0.26184538,0.1466,0.1954,0.2196,0.227,0.2508,0.01023587,1.4206742,342.0,1.3918978,1.7065767,0.01023587,-0.16405818,0.26220432,0.38330287,2.2408688,1.0202247,1.1794872,3.6841493,1.3918978,0.70335233,3.1204343,1.0,-16.194876,-8.988749,7.206126,19.538357429599593,83.85773177255733,3,"{""geodesic"":false,""type"":""Point"",""coordinates"":[83.85773177255733,19.538357429599593]}"
580,232.0,-0.6156615,-0.7880108,0.2537,0.23095585,0.1585,0.0454,0.0695,0.0697,0.21112077,0.1237,0.2159,0.2463,0.2557,0.2772,0.23466924,1.5996217,484.0,0.9917905,1.5318681,0.23466924,0.0039261878,0.3828885,0.5716042,3.6633239,1.6122321,1.0014368,3.645115,0.9917905,0.6245075,3.6346705,1.0,-14.40468,-7.6861467,6.7185335,19.538357429599593,83.94756330096928,3,"{""geodesic"":false,""type"":""Point"",""coordinates"":[83.94756330096928,19.538357429599593]}"
581,173.0,-0.99254614,0.12186934,0.23385,0.2569202,0.13825,0.0426,0.06375,0.06295,0.19279963,0.11885,0.19125,0.2192,0.2326,0.24815,0.25441554,1.6902783,562.0,1.0049419,1.4742389,0.25441554,-0.0026798155,0.35231608,0.57401454,3.6891356,1.6812432,0.98590446,3.6624901,1.0049419,0.5909382,3.7089612,1.0,-12.25658,-5.57561,6.68097,19.538357429599593,84.12722635779319,3,"{""geodesic"":false,""type"":""Point"",""coordinates"":[84.12722635779319,19.538357429599593]}"
582,180.0,-1.0,1.2246469E-16,0.2344,0.22562091,0.1481,0.046,0.0651,0.0626,0.15285452,0.1087,0.1817,0.2054,0.2195,0.2352,0.19423287,1.5816464,560.0,1.0673952,1.3579175,0.19423287,-0.032826614,0.3678395,0.5561857,3.5007975,1.4811066,0.9601227,3.595092,1.0673952,0.6315565,3.738437,1.0,-12.829684,-6.5317397,6.2979445,19.538357429599593,84.21705788620514,3,"{""geodesic"":false,""type"":""Point"",""coordinates"":[84.21705788620514,19.538357429599593]}"
583,54.0,0.58778524,0.809017,0.2511,0.21539207,0.1621,0.0424,0.0634,0.0642,0.20450282,0.1102,0.1913,0.2214,0.229,0.2489,0.171056,1.5480888,516.0,1.096028,1.5105883,0.171056,-0.046032075,0.38624337,0.56207365,3.5614307,1.4118372,1.0110236,3.9543307,1.096028,0.64530253,3.9051323,1.0,-14.339753,-8.0781555,6.261598,19.538357429599593,84.39672094302904,3,"{""geodesic"":false,""type"":""Point"",""coordinates"":[84.39672094302904,19.538357429599593]}"
584,72.0,0.309017,0.95105654,0.2481,0.21053916,0.1618,0.0533,0.0756,0.0785,0.19119878,0.1238,0.1969,0.222,0.2301,0.2507,0.17427915,1.5324274,155.0,1.0777584,1.4700375,0.17427915,-0.037641153,0.3388518,0.4912508,2.927481,1.4212477,1.0369881,3.2774107,1.0777584,0.6518936,3.1564887,2.0,-15.435356,-8.995495,6.4398613,19.538357429599593,84.48655247144099,3,"{""geodesic"":false,""type"":""Point"",""coordinates"":[84.48655247144099,19.538357429599593]}"
585,84.0,0.104528464,0.9945219,0.2422,0.21312296,0.1571,0.0622,0.0865,0.0877,0.17011341,0.1327,0.2032,0.2301,0.2331,0.2536,0.19477192,1.5407125,112.0,1.0385935,1.4077047,0.19477192,-0.019145804,0.3129692,0.45324188,2.6548975,1.4828244,1.0127021,2.7967668,1.0385935,0.6483698,2.758542,0.0,-16.681723,-10.011397,6.670325,19.538357429599593,84.57638399985295,3,"{""geodesic"":false,""type"":""Point"",""coordinates"":[84.57638399985295,19.538357429599593]}"
586,83.0,0.12186934,0.99254614,0.2259,0.21615075,0.1456,0.0579,0.079,0.0755,0.13193403,0.1239,0.1852,0.2091,0.2129,0.2313,0.18772663,1.5504462,70.0,1.0605633,1.3017242,0.18772663,-0.029626254,0.30236486,0.47642162,2.8161376,1.4612217,0.954488,2.8558786,1.0605633,0.6442478,2.9880953,0.0,-13.330742,-7.759063,5.5716796,19.538357429599593,84.6662155282649,3,"{""geodesic"":false,""type"":""Point"",""coordinates"":[84.6662155282649,19.538357429599593]}"
587,214.0,-0.82903755,-0.5591929,0.2798,0.16462019,0.2007,0.0726,0.0991,0.1099,0.20438357,0.1516,0.2202,0.2487,0.2546,0.2741,0.11838348,1.3934263,51.0,1.0985473,1.5116919,0.11838348,-0.04715569,0.28776133,0.39698216,2.3145454,1.2679282,1.107863,2.8205645,1.0985473,0.7170418,2.5436363,0.0,-16.490896,-9.603334,6.8875613,19.538357429599593,84.75604705667685,3,"{""geodesic"":false,""type"":""Point"",""coordinates"":[84.75604705667685,19.538357429599593]}"
588,163.0,-0.9563047,0.2923717,0.2963,0.15764798,0.2156,0.0774,0.1038,0.1197,0.21461187,0.1609,0.2234,0.2456,0.2533,0.2666,0.08040094,1.3736671,68.0,1.1692976,1.5445161,0.08040094,-0.07823872,0.24725147,0.35817695,2.1143572,1.1743162,1.1520693,2.8517807,1.1692976,0.7273954,2.4732888,0.0,-17.633081,-9.90682,7.72626,19.538357429599593,84.8458785850888,3,"{""geodesic"":false,""type"":""Point"",""coordinates"":[84.8458785850888,19.538357429599593]}"
589,254.0,-0.27563736,-0.9612617,0.3411,0.15862772,0.2477,0.0876,0.1196,0.14,0.23022847,0.1829,0.2321,0.2559,0.2629,0.286,0.0297689,1.3765134,52.0,1.2969582,1.5963511,0.0297689,-0.1294702,0.2198763,0.30503848,1.8765168,1.0609362,1.1695906,2.8496242,1.2969582,0.72596717,2.4346895,0.0,-15.007698,-8.765235,6.2424636,19.538357429599593,85.02554164191271,3,"{""geodesic"":false,""type"":""Point"",""coordinates"":[85.02554164191271,19.538357429599593]}"
590,94.0,-0.06975647,0.9975641,0.03175,0.2854251,0.01765,0.10445,0.13635,0.09755,-0.034158416,0.0884,0.05775,0.05815,0.0517,0.05055,0.49098775,1.7887324,19.0,0.61293435,0.9330464,0.49098775,0.2390653,-0.27240014,-0.30720267,0.5294419,2.912676,0.7149139,0.23268597,0.61293435,0.5541601,0.3251408,0.0,-22.150093,-14.638745,7.5113473,19.538357429599593,85.11537317032466,3,"{""geodesic"":false,""type"":""Point"",""coordinates"":[85.11537317032466,19.538357429599593]}"
591,78.0,0.20791169,0.9781476,0.3652,0.14770584,0.2712,0.0869,0.1157,0.1412,0.23805349,0.1805,0.228,0.255,0.2677,0.2867,-0.0064947116,1.3461113,4.0,1.3637042,1.6229885,-0.0064947116,-0.15405278,0.22731164,0.30936658,1.8945506,0.9867306,1.2193437,3.1537132,1.3637042,0.7424035,2.5845718,0.0,-19.924397,-13.184696,6.7397013,19.538357429599593,85.20520469873661,3,"{""geodesic"":false,""type"":""Point"",""coordinates"":[85.20520469873661,19.538357429599593]}"
592,145.0,-0.81915206,0.57357645,0.0358,0.17763157,0.025,0.063,0.0725,0.0517,-0.09851787,0.0528,0.0482,0.0479,0.0457,0.0459,0.29278642,1.4262948,6.0,0.78165936,0.8193344,0.29278642,0.121472396,-0.06990881,-0.061601643,0.8822394,1.8207171,0.7121212,0.49311295,0.78165936,0.6963788,0.6911197,0.0,-29.454245,-19.351124,10.103123,19.538357429599593,85.29503622714856,3,"{""geodesic"":false,""type"":""Point"",""coordinates"":[85.29503622714856,19.538357429599593]}"
593,128.0,-0.6156615,0.7880108,0.0374,0.13333334,0.0286,0.0682,0.0662,0.0491,-0.16283035,0.0511,0.0454,0.045,0.0436,0.044,0.20775624,1.3031359,2.0,0.85583526,0.71888727,0.20775624,0.07654321,-0.07465825,-0.059331175,0.88617885,1.5191637,0.74057317,0.5641026,0.85583526,0.76266664,0.7601626,0.0,-30.249664,-18.842688,11.406976,19.538357429599593,85.38486775556052,3,"{""geodesic"":false,""type"":""Point"",""coordinates"":[85.38486775556052,19.538357429599593]}"
594,180.0,-1.0,1.2246469E-16,0.0363,0.24956971,0.0218,0.0607,0.0576,0.0515,-0.08199643,0.0546,0.0512,0.0516,0.0456,0.0472,0.35311574,1.6575342,0.0,0.79431075,0.84703946,0.35311574,0.113553114,-0.07269155,-0.0607621,0.88372093,2.0821917,0.89254767,0.6291161,0.79431075,0.5989011,0.70348835,0.0,-30.778666,-18.230934,12.5477295,19.538357429599593,85.47469928397247,3,"{""geodesic"":false,""type"":""Point"",""coordinates"":[85.47469928397247,19.538357429599593]}"
595,0.0,1.0,0.0,0.0364,0.17419355,0.0256,0.059,0.0563,0.0517,-0.06594399,0.0571,0.0536,0.0523,0.043,0.0478,0.25364432,1.4163424,0.0,0.84454757,0.8747885,0.25364432,0.08312342,-0.08865586,-0.09186906,0.83011585,1.6731517,0.9166667,0.6453901,0.84454757,0.7013699,0.7027027,0.0,-31.25362,-18.115692,13.137927,19.538357429599593,85.56453081238442,3,"{""geodesic"":false,""type"":""Point"",""coordinates"":[85.56453081238442,19.538357429599593]}"
596,0.0,1.0,0.0,0.0379,0.18808778,0.0259,0.0615,0.0605,0.0582,-0.027568921,0.0625,0.0586,0.0567,0.0488,0.0543,0.30655956,1.4576923,0.0,0.7750511,0.9448052,0.30655956,0.12572087,-0.07020548,-0.08785047,0.8370497,1.8769231,0.96039605,0.6254125,0.7750511,0.68157893,0.65008575,0.0,-31.26299,-17.4412,13.821792,19.538357429599593,85.65436234079637,3,"{""geodesic"":false,""type"":""Point"",""coordinates"":[85.65436234079637,19.538357429599593]}"
597,0.0,1.0,0.0,0.0383,0.18392581,0.0264,0.0557,0.055,0.0552,-0.004508566,0.0606,0.0553,0.0531,0.0454,0.0452,0.26462397,1.445283,0.0,0.84175825,0.9892473,0.26462397,0.08482676,-0.14555766,-0.09741551,0.8209765,1.7132076,1.0018148,0.69509983,0.84175825,0.6875,0.6925859,0.0,-31.046011,-17.060244,13.985766,19.538357429599593,85.74419386920833,3,"{""geodesic"":false,""type"":""Point"",""coordinates"":[85.74419386920833,19.538357429599593]}"
598,0.0,1.0,0.0,0.0253,0.11208791,0.0202,0.0576,0.0504,0.0397,-0.18396711,0.0447,0.0395,0.0371,0.0339,0.0343,0.25323474,1.2463055,0.0,0.7441176,0.68804157,0.25323474,0.14527027,-0.13164558,-0.07880435,0.8517588,1.6699507,0.7861386,0.5009901,0.7441176,0.79527557,0.6356784,0.0,-31.121546,-16.792131,14.329413,19.538357429599593,85.83402539762028,3,"{""geodesic"":false,""type"":""Point"",""coordinates"":[85.83402539762028,19.538357429599593]}"
599,0.0,1.0,0.0,0.03475,0.13376835,0.02655,0.0618,0.05535,0.04805,-0.1251707,0.05375,0.04835,0.048,0.04025,0.0448,0.20508982,1.3039399,0.0,0.8612144,0.77625203,0.20508982,0.07333333,-0.09081684,-0.08833522,0.8359294,1.510319,0.86654645,0.6266907,0.8612144,0.76183647,0.721703,0.0,-30.924736,-16.297396,14.62734,19.538357429599593,86.01368845444418,3,"{""geodesic"":false,""type"":""Point"",""coordinates"":[86.01368845444418,19.538357429599593]}"
600,0.0,1.0,0.0,0.038866665,0.08427293,0.032825,0.06225,0.054733332,0.048233334,-0.1268668,0.05025,0.0462,0.0458,0.0408,0.0445,0.108319186,1.1804607,0.0,0.95028526,0.77358997,0.108319186,0.024267782,-0.060686015,-0.08348933,0.8441379,1.23918,0.8796353,0.70881456,0.95028526,0.84238666,0.80413795,0.0,-31.042622,-17.033625,14.008997,19.538357429599593,86.10351998285613,3,"{""geodesic"":false,""type"":""Point"",""coordinates"":[86.10351998285613,19.538357429599593]}"
601,0.0,1.0,0.0,0.0204,0.06946265,0.01775,0.06275,0.04845,0.03835,-0.2413452,0.0405,0.0349,0.03475,0.02975,0.0291,0.25263157,1.1428572,0.0,0.6834171,0.610183,0.25263157,0.18644068,-0.1637931,-0.12628488,0.7737321,1.6666666,0.78990734,0.4201854,0.6834171,0.86585367,0.5305592,0.0,-30.835217,-15.946228,14.888989,19.538357429599593,86.19335151126809,3,"{""geodesic"":false,""type"":""Point"",""coordinates"":[86.19335151126809,19.538357429599593]}"
602,0.0,1.0,0.0,0.0211,0.11788079,0.01665,0.05135,0.0394,0.032,-0.23215356,0.03485,0.0303,0.02945,0.0252,0.0276,0.20430107,1.2597015,0.0,0.8339921,0.6219631,0.20430107,0.088552915,-0.116092876,-0.11888112,0.78504676,1.5044776,0.8101266,0.53417724,0.8339921,0.7853774,0.65732086,0.0,-32.07023,-20.747252,11.322979,19.538357429599593,86.46284609650394,3,"{""geodesic"":false,""type"":""Point"",""coordinates"":[86.46284609650394,19.538357429599593]}"
603,0.0,1.0,0.0,0.02935,0.10442145,0.0238,0.0457,0.03635,0.0339,-0.1482412,0.0377,0.0325,0.03255,0.02895,0.0331,0.09763033,1.2280334,0.0,1.010327,0.74017465,0.09763033,-0.0068610637,-0.06497175,-0.07875895,0.8514706,1.211297,0.93004113,0.8052126,1.010327,0.8081494,0.8632353,0.0,-31.798712,-19.923273,11.87544,19.538357429599593,86.7323406817398,3,"{""geodesic"":false,""type"":""Point"",""coordinates"":[86.7323406817398,19.538357429599593]}"
604,82.0,0.1391731,0.99026805,0.1743,0.25734895,0.10295,0.05,0.0757,0.07135,0.17593737,0.1173,0.1945,0.2199,0.2235,0.24135,0.36927554,1.691412,255.0,0.779517,1.4241517,0.36927554,0.12368024,0.3458804,0.5160251,3.1280615,2.1688502,0.9412929,2.2994723,0.779517,0.5903096,2.4394681,0.0,-16.277908,-9.167889,7.1100183,19.628188958011545,82.7797534316139,3,"{""geodesic"":false,""type"":""Point"",""coordinates"":[82.7797534316139,19.628188958011545]}"
605,275.0,0.087155744,-0.9961947,0.1791,0.197793,0.11995,0.05535,0.0811,0.0807,0.18632856,0.1236,0.18975,0.2115,0.2134,0.22855,0.280336,1.4918784,233.0,0.8388759,1.4553652,0.280336,0.08738854,0.2980264,0.45120707,2.6410892,1.7775927,0.99384236,2.205665,0.8388759,0.66936386,2.2165842,1.0,-17.220793,-9.905209,7.315584,19.628188958011545,82.86958496002586,3,"{""geodesic"":false,""type"":""Point"",""coordinates"":[82.86958496002586,19.628188958011545]}"
606,349.0,0.98162717,-0.190809,0.2145,0.27413127,0.1222,0.0394,0.0613,0.0594,0.20242915,0.1094,0.2037,0.2414,0.2511,0.271,0.34529868,1.7538838,763.0,0.85390127,1.5037974,0.34529868,0.078608245,0.42481598,0.6173913,4.220168,2.053148,0.9674267,3.4934855,0.85390127,0.5694315,3.605042,1.0,-15.375959,-8.365919,7.0100408,19.628188958011545,83.04924801684976,3,"{""geodesic"":false,""type"":""Point"",""coordinates"":[83.04924801684976,19.628188958011545]}"
607,29.0,0.8746197,0.4848096,0.2698,0.16999133,0.1914,0.045,0.0683,0.0827,0.29522318,0.1289,0.1799,0.2019,0.2107,0.225,0.04799801,1.4088773,813.0,1.2798861,1.8337029,0.04799801,-0.12299688,0.27154565,0.4362645,2.544686,1.1002611,1.2090644,3.9444444,1.2798861,0.70915157,3.258454,0.0,-15.248421,-8.732635,6.515787,19.628188958011545,83.13907954526171,3,"{""geodesic"":false,""type"":""Point"",""coordinates"":[83.13907954526171,19.628188958011545]}"
608,65.0,0.42261827,0.9063078,0.2662,0.17709485,0.1861,0.0439,0.0641,0.077,0.27378,0.1167,0.1801,0.2057,0.21,0.2319,0.0603383,1.4296455,713.0,1.2670157,1.75,0.0603383,-0.118017636,0.33046472,0.46341464,2.7237353,1.1278195,1.199377,4.1464176,1.2670157,0.6988359,3.452659,1.0,-14.5365305,-7.3161106,7.2204204,19.628188958011545,83.22891107367366,3,"{""geodesic"":false,""type"":""Point"",""coordinates"":[83.22891107367366,19.628188958011545]}"
609,185.0,-0.9961947,-0.087155744,0.30095,0.1517413,0.22165,0.058,0.07875,0.09485,0.24108604,0.1297,0.1703,0.19245,0.2015,0.2181,-0.04761905,1.357159,563.0,1.4928075,1.6325301,-0.04761905,-0.19793014,0.25416908,0.3598785,2.1221695,0.908681,1.202917,3.8167408,1.4928075,0.7362564,3.1695628,1.0,-15.141748,-8.698468,6.44328,19.628188958011545,83.31874260208562,3,"{""geodesic"":false,""type"":""Point"",""coordinates"":[83.31874260208562,19.628188958011545]}"
610,43.0,0.7313537,0.6819984,0.2007,0.2990291,0.1083,0.03975,0.055,0.04755,0.08934708,0.09775,0.20815,0.2478,0.2542,0.27755,0.40248275,1.8514761,720.0,0.78922534,1.1932245,0.40248275,0.117608264,0.4790834,0.6848384,5.3347325,2.3450184,0.86297643,3.6424682,0.78922534,0.53934264,4.211962,2.0,-11.1864,-4.3314705,6.8549304,19.628188958011545,83.40857413049757,3,"{""geodesic"":false,""type"":""Point"",""coordinates"":[83.40857413049757,19.628188958011545]}"
611,93.0,-0.052335955,0.9986295,0.2789,0.15678142,0.2033,0.07805,0.10375,0.1142,0.18803641,0.1628,0.22265,0.24445,0.2478,0.27055,0.09864775,1.3711898,361.0,1.1250504,1.4612924,0.09864775,-0.059046894,0.24864428,0.36906078,2.167979,1.2182891,1.099663,2.6856043,1.1250504,0.7286738,2.44007,2.0,-16.28276,-7.5815854,8.701176,19.628188958011545,83.49840565890952,3,"{""geodesic"":false,""type"":""Point"",""coordinates"":[83.49840565890952,19.628188958011545]}"
612,177.0,-0.9986295,0.052335955,0.2101,0.32555205,0.1069,0.0554,0.0742,0.0576,0.019469026,0.114,0.2254,0.2643,0.2764,0.2948,0.44221237,1.9635514,361.0,0.75985533,1.0378379,0.44221237,0.13627955,0.44227007,0.6550898,4.7902946,2.5831776,0.77523553,2.8277254,0.75985533,0.5085633,3.6412477,0.0,-14.604491,-7.95104,6.653452,19.628188958011545,83.67806871573343,3,"{""geodesic"":false,""type"":""Point"",""coordinates"":[83.67806871573343,19.628188958011545]}"
613,242.0,-0.46947157,-0.88294756,0.2378,0.20618819,0.1565,0.048,0.0676,0.07,0.18644068,0.1143,0.1825,0.2087,0.2203,0.2384,0.1693206,1.5185186,403.0,1.0789474,1.4553014,0.1693206,-0.038201265,0.3518571,0.51774025,3.1426535,1.4067688,1.0339735,3.5125554,1.0789474,0.6578394,3.3922968,1.0,-12.610736,-5.743623,6.867113,19.628188958011545,83.76790024414538,3,"{""geodesic"":false,""type"":""Point"",""coordinates"":[83.76790024414538,19.628188958011545]}"
614,152.0,-0.88294756,0.46947157,0.2669,0.22151029,0.1701,0.0473,0.0694,0.07165,0.20470786,0.12065,0.2047,0.23205,0.24445,0.2631,0.1793511,1.5681552,666.0,1.0913924,1.5116034,0.1793511,-0.04390339,0.3712052,0.54666245,3.4069686,1.4362515,1.0309353,3.8402877,1.0913924,0.63707864,3.7198606,1.0,-16.197922,-9.591534,6.6063886,19.628188958011545,84.03739482938123,3,"{""geodesic"":false,""type"":""Point"",""coordinates"":[84.03739482938123,19.628188958011545]}"
615,187.0,-0.99254614,-0.12186934,0.31935,0.15853438,0.23195,0.0595,0.0865,0.10765,0.2880646,0.14985,0.20415,0.23065,0.2432,0.26125,0.023676734,1.376212,644.0,1.312577,1.806208,0.023676734,-0.13536574,0.2709803,0.38634744,2.2570765,1.04805,1.2430716,3.6876442,1.312577,0.72609174,2.9638052,1.0,-15.148362,-8.657871,6.490491,19.628188958011545,84.12722635779319,3,"{""geodesic"":false,""type"":""Point"",""coordinates"":[84.12722635779319,19.628188958011545]}"
616,91.0,-0.017452406,0.9998477,0.2213,0.23218262,0.1379,0.0495,0.0687,0.0611,0.10488246,0.1068,0.188,0.2147,0.2202,0.2391,0.22982407,1.6036232,90.0,1.0045393,1.2318548,0.22982407,-0.0024915063,0.38248047,0.56558836,3.5980392,1.5956522,0.8880814,3.2165697,1.0045393,0.6228546,3.616013,0.0,-12.39217,-6.208088,6.184082,19.628188958011545,84.57638399985295,3,"{""geodesic"":false,""type"":""Point"",""coordinates"":[84.57638399985295,19.628188958011545]}"
617,126.0,-0.58778524,0.809017,0.25,0.20394896,0.1653,0.0576,0.0805,0.0837,0.18471338,0.1291,0.219,0.2517,0.2539,0.2735,0.21135496,1.5114872,54.0,0.984252,1.4506066,0.21135496,0.007739631,0.35866866,0.50414693,3.0298328,1.5350665,1.0384616,3.101737,0.984252,0.66093564,2.9832935,0.0,-16.698837,-9.886972,6.8118653,19.628188958011545,84.6662155282649,3,"{""geodesic"":false,""type"":""Point"",""coordinates"":[84.6662155282649,19.628188958011545]}"
618,215.0,-0.81915206,-0.57357645,0.2236,0.23501796,0.1385,0.0558,0.0779,0.0682,0.1,0.1208,0.2162,0.2428,0.2478,0.2711,0.28294072,1.6132756,61.0,0.9019766,1.2200358,0.28294072,0.051336445,0.3835162,0.5683544,3.6281114,1.7878788,0.87435895,2.8666666,0.9019766,0.61913276,3.273792,0.0,-13.518052,-7.796518,5.721534,19.628188958011545,84.75604705667685,3,"{""geodesic"":false,""type"":""Point"",""coordinates"":[84.75604705667685,19.628188958011545]}"
619,169.0,-0.98162717,0.190809,0.2786,0.13298088,0.2132,0.0828,0.1066,0.1187,0.17816377,0.1545,0.2101,0.2358,0.2367,0.2576,0.05223383,1.3061416,60.0,1.1765202,1.4318455,0.05223383,-0.08131186,0.250182,0.33202025,1.9924242,1.1097046,1.1124649,2.611059,1.1765202,0.76498026,2.3451178,1.0,-18.149067,-11.020024,7.129043,19.628188958011545,84.93571011350076,3,"{""geodesic"":false,""type"":""Point"",""coordinates"":[84.93571011350076,19.628188958011545]}"
620,168.0,-0.9781476,0.20791169,0.2621,0.19762394,0.1756,0.0658,0.0843,0.0945,0.1790393,0.1354,0.1987,0.2278,0.2339,0.2544,0.14236875,1.4917473,44.0,1.1200855,1.4339908,0.14236875,-0.05685484,0.30528477,0.42448235,2.4725158,1.3312465,1.1196682,3.1054502,1.1200855,0.6697178,2.7706132,0.0,-15.304791,-9.18639,6.118402,19.628188958011545,85.02554164191271,3,"{""geodesic"":false,""type"":""Point"",""coordinates"":[85.02554164191271,19.628188958011545]}"
621,154.0,-0.89879405,0.43837115,0.2855,0.18575433,0.19605,0.082,0.1092,0.11105,0.15047915,0.1683,0.2368,0.2648,0.2654,0.28975,0.15028714,1.4555187,16.0,1.0753295,1.3526188,0.15028714,-0.03648575,0.26514572,0.4100146,2.3877642,1.3530462,1.016011,2.6120768,1.0753295,0.6864496,2.568601,0.0,-16.37643,-9.29019,7.0862403,19.628188958011545,85.11537317032466,3,"{""geodesic"":false,""type"":""Point"",""coordinates"":[85.11537317032466,19.628188958011545]}"
622,103.0,-0.22495106,0.97437006,0.0297,0.19038077,0.0202,0.0961,0.1259,0.0808,-0.08648954,0.0693,0.0492,0.0498,0.0426,0.0443,0.3566879,1.4630542,2.0,0.6955503,0.8399168,0.3566879,0.17842324,-0.22007042,-0.30956239,0.52657604,2.0985222,0.64126986,0.23571429,0.6955503,0.67785233,0.3671199,0.0,-30.572903,-19.810286,10.762618,19.628188958011545,85.20520469873661,3,"{""geodesic"":false,""type"":""Point"",""coordinates"":[85.20520469873661,19.628188958011545]}"
623,327.0,0.83867055,-0.54463905,0.3032,0.17907836,0.2111,0.0606,0.0785,0.0984,0.23773585,0.1231,0.145,0.1685,0.1734,0.1985,-0.09804942,1.435606,4.0,1.7475505,1.6210873,-0.09804942,-0.27234578,0.23445274,0.27593818,1.7604061,0.82102275,1.2519084,3.8575063,1.7475505,0.69601053,3.0781727,0.0,-19.097134,-11.8762045,7.2209287,19.628188958011545,85.29503622714856,3,"{""geodesic"":false,""type"":""Point"",""coordinates"":[85.29503622714856,19.628188958011545]}"
624,133.0,-0.6819984,0.7313537,0.034,0.26629424,0.0197,0.0709,0.0719,0.055,-0.12629071,0.0574,0.0534,0.0539,0.0494,0.0519,0.42981187,1.7171717,2.0,0.68686867,0.7746479,0.42981187,0.18465228,-0.05032022,-0.053639848,0.8965517,2.4949496,0.7638889,0.4722222,0.68686867,0.5777126,0.6170599,0.0,-30.512589,-19.45876,11.053829,19.628188958011545,85.47469928397247,3,"{""geodesic"":false,""type"":""Point"",""coordinates"":[85.47469928397247,19.628188958011545]}"
625,161.0,-0.94551855,0.32556817,0.0362,0.24612737,0.0219,0.0652,0.0669,0.053,-0.10321489,0.0611,0.0531,0.054,0.0408,0.0489,0.3014354,1.6454545,0.0,0.8850856,0.8116386,0.3014354,0.05974026,-0.11090909,-0.13006397,0.76836157,1.8545455,0.7910448,0.5402985,0.8850856,0.60330576,0.6817326,0.0,-31.41273,-18.471205,12.941525,19.628188958011545,85.56453081238442,3,"{""geodesic"":false,""type"":""Point"",""coordinates"":[85.56453081238442,19.628188958011545]}"
626,0.0,1.0,0.0,0.0357,0.1821192,0.0247,0.059,0.0576,0.0558,-0.027874565,0.0588,0.0553,0.0542,0.0463,0.0473,0.30422536,1.4395162,0.0,0.76939654,0.9441624,0.30422536,0.12926829,-0.10838831,-0.09304603,0.8282648,1.8669355,0.96707106,0.6187175,0.76939654,0.68994415,0.6386404,0.0,-30.696228,-17.458479,13.237749,19.628188958011545,85.74419386920833,3,"{""geodesic"":false,""type"":""Point"",""coordinates"":[85.74419386920833,19.628188958011545]}"
627,0.0,1.0,0.0,0.02545,0.11014177,0.0204,0.0582,0.0504,0.04245,-0.15648286,0.0446,0.03975,0.03785,0.03365,0.03545,0.24514338,1.2414634,0.0,0.7540741,0.72813034,0.24514338,0.13874789,-0.11430356,-0.11563732,0.7908343,1.6414634,0.84059405,0.5039604,0.7540741,0.79843444,0.59811985,0.0,-30.43847,-16.782547,13.655925,19.628188958011545,85.92385692603223,3,"{""geodesic"":false,""type"":""Point"",""coordinates"":[85.92385692603223,19.628188958011545]}"
628,0.0,1.0,0.0,0.0221,0.07673569,0.01895,0.0463,0.0385,0.03305,-0.16698173,0.03805,0.0336,0.0328,0.02765,0.02835,0.18669528,1.160105,0.0,0.7963964,0.7122845,0.18669528,0.11155779,-0.14608434,-0.08896211,0.8340875,1.4514436,0.8562176,0.57253885,0.7963964,0.8536036,0.6666667,0.0,-32.318428,-19.924715,12.393713,19.628188958011545,86.28318303968004,3,"{""geodesic"":false,""type"":""Point"",""coordinates"":[86.28318303968004,19.628188958011545]}"
629,0.0,1.0,0.0,0.02135,0.055624228,0.0191,0.06235,0.0484,0.0357,-0.2718001,0.03715,0.03245,0.03165,0.0277,0.0273,0.18376069,1.1119791,0.0,0.7679856,0.5716573,0.18376069,0.12945974,-0.15283166,-0.12618296,0.77374303,1.4427084,0.7360825,0.4402062,0.7679856,0.8904429,0.59636873,0.0,-32.349384,-20.040585,12.3088,19.628188958011545,86.37301456809199,3,"{""geodesic"":false,""type"":""Point"",""coordinates"":[86.37301456809199,19.628188958011545]}"
630,0.0,1.0,0.0,0.02335,0.07110092,0.02025,0.0569,0.042,0.03255,-0.27221912,0.0352,0.0306,0.0294,0.02655,0.02785,0.13461539,1.1474202,0.0,0.8761726,0.5710526,0.13461539,0.06412826,-0.116574146,-0.10152284,0.81316996,1.3046683,0.77315915,0.5546318,0.8761726,0.86353946,0.7151608,0.0,-32.000042,-19.572756,12.427286,19.628188958011545,86.55267762491589,3,"{""geodesic"":false,""type"":""Point"",""coordinates"":[86.55267762491589,19.628188958011545]}"
631,0.0,1.0,0.0,0.02575,0.14317425,0.0193,0.05105,0.03965,0.0356,-0.17830352,0.03715,0.0322,0.03165,0.02785,0.0295,0.18133616,1.3273196,0.0,0.921288,0.6959922,0.18133616,0.039179105,-0.1147787,-0.12214342,0.780112,1.435567,0.89559746,0.6477987,0.921288,0.7466151,0.7212885,0.0,-31.562622,-19.943707,11.618915,19.628188958011545,86.64250915332785,3,"{""geodesic"":false,""type"":""Point"",""coordinates"":[86.64250915332785,19.628188958011545]}"
632,0.0,1.0,0.0,0.02775,0.06017192,0.0246,0.056,0.0421,0.0365,-0.21081081,0.0393,0.03545,0.0353,0.03205,0.0334,0.13150927,1.1234818,0.0,0.86314154,0.65062386,0.13150927,0.07190636,-0.081155434,-0.06491612,0.87568307,1.2975708,0.8649289,0.65758294,0.86314154,0.8833034,0.7581967,0.0,-32.050575,-19.852367,12.198208,19.628188958011545,86.7323406817398,3,"{""geodesic"":false,""type"":""Point"",""coordinates"":[86.7323406817398,19.628188958011545]}"
633,0.0,1.0,0.0,0.0282,0.12462612,0.02195,0.04855,0.04075,0.03795,-0.12254335,0.0407,0.0368,0.03615,0.03385,0.03415,0.21326165,1.2789116,0.0,0.8306333,0.78006166,0.21326165,0.0910556,-0.08750835,-0.057103064,0.88961893,1.5351474,0.92900854,0.6903305,0.8306333,0.7756184,0.7411301,0.0,-32.975437,-20.321709,12.653728,19.628188958011545,86.82217221015175,3,"{""geodesic"":false,""type"":""Point"",""coordinates"":[86.82217221015175,19.628188958011545]}"
634,0.0,1.0,0.0,0.02995,0.095063984,0.02475,0.0621,0.04985,0.043,-0.18173169,0.04505,0.04005,0.04,0.0353,0.0362,0.17568693,1.2052314,0.0,0.8460452,0.69131833,0.17568693,0.081992336,-0.10892308,-0.09833972,0.8190255,1.4205232,0.8608609,0.5995996,0.8460452,0.8236273,0.69489557,0.0,-33.607708,-19.763714,13.843992,19.628188958011545,86.9120037385637,3,"{""geodesic"":false,""type"":""Point"",""coordinates"":[86.9120037385637,19.628188958011545]}"
635,75.0,0.25881904,0.9659258,0.26515,0.20276707,0.17575,0.0572,0.0804,0.0859,0.20055905,0.13315,0.1928,0.21805,0.2303,0.2468,0.13434306,1.5078192,488.0,1.1508247,1.4991274,0.13434306,-0.0703401,0.2991183,0.456673,2.677907,1.3096389,1.0670807,3.293789,1.1508247,0.66258246,3.0831394,1.0,-13.056341,-6.890296,6.1660457,19.718020486423494,82.60009037479,3,"{""geodesic"":false,""type"":""Point"",""coordinates"":[82.60009037479,19.718020486423494]}"
636,64.0,0.43837115,0.89879405,0.25675,0.22685462,0.1618,0.05745,0.0818,0.0865,0.20180619,0.1301,0.1953,0.2182,0.22585,0.24445,0.16522637,1.5858555,262.0,1.1363133,1.5030408,0.16522637,-0.06402818,0.3052997,0.44613415,2.6079676,1.3949969,1.056166,3.1349206,1.1363133,0.6299397,2.9647806,0.0,-16.807476,-9.87937,6.9281063,19.718020486423494,82.68992190320195,3,"{""geodesic"":false,""type"":""Point"",""coordinates"":[82.68992190320195,19.718020486423494]}"
637,77.0,0.22495106,0.97437006,0.14625,0.29625526,0.0794,0.0504,0.0772,0.07095,0.16934487,0.11375,0.1967,0.22005,0.2218,0.23735,0.47277558,1.8396226,247.0,0.6590807,1.4049505,0.47277558,0.20527102,0.35203645,0.5152861,3.1217453,2.789937,0.9178525,1.8919793,0.6590807,0.542535,2.0584095,0.0,-16.531218,-9.780862,6.7503567,19.718020486423494,82.7797534316139,3,"{""geodesic"":false,""type"":""Point"",""coordinates"":[82.7797534316139,19.718020486423494]}"
638,277.0,0.12186934,-0.99254614,0.17825,0.22550705,0.11265,0.05915,0.0835,0.08725,0.19193989,0.12375,0.18855,0.21225,0.21055,0.224,0.30290842,1.5809313,229.0,0.84619033,1.4725739,0.30290842,0.083076134,0.2882818,0.41403627,2.4104178,1.8674058,1.0436603,2.132177,0.84619033,0.6316232,2.040641,0.0,-16.420061,-8.81071,7.60935,19.718020486423494,82.86958496002586,3,"{""geodesic"":false,""type"":""Point"",""coordinates"":[82.86958496002586,19.718020486423494]}"
639,317.0,0.7313537,-0.6819984,0.2384,0.2738445,0.1359,0.0512,0.0786,0.0761,0.19560094,0.1319,0.2313,0.2634,0.2717,0.2896,0.3331698,1.7529411,290.0,0.87711555,1.4834307,0.3331698,0.06528132,0.37413996,0.5623922,3.5656168,1.9977942,0.9669632,3.0292249,0.87711555,0.56981134,3.128609,2.0,-13.7339525,-7.502266,6.2316866,19.718020486423494,82.95941648843781,3,"{""geodesic"":false,""type"":""Point"",""coordinates"":[82.95941648843781,19.718020486423494]}"
640,345.0,0.9659258,-0.25881904,0.1947,0.28769842,0.1077,0.0426,0.064,0.0497,0.07692308,0.1078,0.2149,0.2563,0.2667,0.287,0.4246795,1.8061224,701.0,0.7297601,1.1639345,0.4246795,0.15604681,0.4539007,0.6858407,5.3554215,2.474026,0.775351,3.0374415,0.7297601,0.55287474,3.9096386,2.0,-15.926408,-9.524574,6.4018335,19.718020486423494,83.13907954526171,3,"{""geodesic"":false,""type"":""Point"",""coordinates"":[83.13907954526171,19.718020486423494]}"
641,6.0,0.9945219,0.104528464,0.2446,0.20670943,0.1608,0.0451,0.069,0.0823,0.2919937,0.1259,0.1955,0.2277,0.2353,0.2546,0.18808381,1.5201988,615.0,1.0390824,1.8207965,0.18808381,-0.019379037,0.33823916,0.48173803,2.8555825,1.462399,1.1910275,3.5397973,1.0390824,0.6571312,2.9684465,1.0,-15.17584,-8.819749,6.3560915,19.718020486423494,83.22891107367366,3,"{""geodesic"":false,""type"":""Point"",""coordinates"":[83.22891107367366,19.718020486423494]}"
642,154.0,-0.89879405,0.43837115,0.2925,0.16766468,0.2085,0.0578,0.0845,0.1027,0.27975076,0.1431,0.1908,0.2145,0.2187,0.2407,0.023876404,1.4022052,678.0,1.3368373,1.7737478,0.023876404,-0.14436619,0.2542991,0.36092097,2.1274319,1.048418,1.213948,3.4574468,1.3368373,0.7125769,2.8453307,0.0,-16.027792,-9.718186,6.309606,19.718020486423494,83.31874260208562,3,"{""geodesic"":false,""type"":""Point"",""coordinates"":[83.31874260208562,19.718020486423494]}"
643,31.0,0.8571673,0.5150381,0.31375,0.14194722,0.23575,0.07355,0.1009,0.12595,0.26265663,0.1675,0.215,0.2379,0.242,0.26335,0.013082156,1.3302947,494.0,1.2959521,1.7101154,0.013082156,-0.12910481,0.22246721,0.3153961,1.9198731,1.0260758,1.2470297,3.1064355,1.2959521,0.751155,2.4890916,1.0,-13.56176,-5.037615,8.524145,19.718020486423494,83.40857413049757,3,"{""geodesic"":false,""type"":""Point"",""coordinates"":[83.40857413049757,19.718020486423494]}"
644,115.0,-0.42261827,0.9063078,0.299,0.16796875,0.213,0.06325,0.0904,0.1087,0.26432103,0.1521,0.20975,0.2348,0.24395,0.26315,0.0677317,1.4030972,382.0,1.2251588,1.7158643,0.0677317,-0.10139055,0.26742926,0.38352475,2.2421875,1.1447678,1.201105,3.3038673,1.2251588,0.7121364,2.7481618,0.0,-17.359175,-10.326696,7.032478,19.718020486423494,83.49840565890952,3,"{""geodesic"":false,""type"":""Point"",""coordinates"":[83.49840565890952,19.718020486423494]}"
645,189.0,-0.98768836,-0.15643446,0.21365,0.24886745,0.1285,0.0485,0.06585,0.07115,0.18930213,0.1122,0.17705,0.205,0.21155,0.2312,0.2442288,1.661353,392.0,1.0094496,1.4639918,0.2442288,-0.0049388525,0.34653464,0.49663955,2.969123,1.6450233,1.0788476,3.2395754,1.0094496,0.6011696,2.9985964,1.0,-12.80523,-5.770505,7.0347257,19.718020486423494,83.58823718732147,3,"{""geodesic"":false,""type"":""Point"",""coordinates"":[83.58823718732147,19.718020486423494]}"
646,246.0,-0.40673664,-0.9135454,0.2581,0.1926987,0.1747,0.055,0.074,0.0831,0.20347574,0.1342,0.1945,0.2232,0.234,0.2523,0.1450942,1.4765446,481.0,1.1025203,1.508167,0.1450942,-0.048973788,0.30556273,0.4758751,2.8125,1.3386728,1.1214575,3.483131,1.1025203,0.6766073,3.1021636,2.0,-15.123237,-8.016196,7.1070404,19.718020486423494,83.76790024414538,3,"{""geodesic"":false,""type"":""Point"",""coordinates"":[83.76790024414538,19.718020486423494]}"
647,88.0,0.034899496,0.99939084,0.233,0.2396914,0.1429,0.0394,0.06105,0.0616,0.21980198,0.1081,0.20045,0.22835,0.23935,0.2597,0.25232178,1.6293706,780.0,0.9730633,1.5594937,0.25232178,0.013443422,0.41218054,0.5906297,3.8792543,1.6737763,1.0073589,3.8103025,0.9730633,0.61304164,3.7763371,1.0,-14.633999,-8.04524,6.588759,19.718020486423494,84.12722635779319,3,"{""geodesic"":false,""type"":""Point"",""coordinates"":[84.12722635779319,19.718020486423494]}"
648,63.0,0.4539905,0.8910065,0.2853,0.14509332,0.213,0.0604,0.0835,0.1024,0.25798526,0.1388,0.1876,0.2107,0.2234,0.2343,0.023831347,1.3388081,587.0,1.2765101,1.692562,0.023831347,-0.12168272,0.25596353,0.3713935,2.1795123,1.0483341,1.2248803,3.4126794,1.2765101,0.74632096,2.7834146,2.0,-16.16588,-9.5204735,6.6454062,19.718020486423494,84.21705788620514,3,"{""geodesic"":false,""type"":""Point"",""coordinates"":[84.21705788620514,19.718020486423494]}"
649,85.0,0.087155744,0.9961947,0.2694,0.19653565,0.1809,0.0604,0.0775,0.0857,0.17316906,0.1276,0.1928,0.2245,0.2392,0.249,0.13877648,1.4883978,326.0,1.1257836,1.4165289,0.13877648,-0.059378687,0.32235795,0.47245306,2.7878788,1.3215469,1.1043814,3.4716494,1.1257836,0.6712431,3.1398602,2.0,-14.790973,-8.364585,6.426388,19.718020486423494,84.30688941461709,3,"{""geodesic"":false,""type"":""Point"",""coordinates"":[84.30688941461709,19.718020486423494]}"
650,65.0,0.42261827,0.9063078,0.3044,0.16964458,0.2161,0.0755,0.1017,0.1147,0.20609884,0.1593,0.2118,0.2359,0.2437,0.2641,0.060026098,1.4079556,111.0,1.2485644,1.5171958,0.060026098,-0.11074621,0.24752007,0.35993305,2.1228223,1.127197,1.126719,2.990177,1.2485644,0.709688,2.651568,0.0,-17.720541,-10.783635,6.936905,19.718020486423494,84.39672094302904,3,"{""geodesic"":false,""type"":""Point"",""coordinates"":[84.39672094302904,19.718020486423494]}"
651,341.0,0.94551855,-0.32556817,0.2376,0.20121334,0.158,0.0523,0.0705,0.0696,0.14191961,0.1139,0.18,0.2038,0.2096,0.2291,0.14036997,1.5028462,138.0,1.1330472,1.3282443,0.14036997,-0.0626118,0.33586004,0.50143266,3.0071735,1.3257432,0.9858357,3.3654392,1.1330472,0.6647034,3.4088953,0.0,-13.357401,-6.8656974,6.4917035,19.718020486423494,84.48655247144099,3,"{""geodesic"":false,""type"":""Point"",""coordinates"":[84.48655247144099,19.718020486423494]}"
652,120.0,-0.5,0.8660254,0.2386,0.25678167,0.1411,0.0557,0.0773,0.0688,0.105220884,0.1247,0.2154,0.2397,0.2501,0.266,0.27862987,1.6898017,95.0,0.95363706,1.2329749,0.27862987,0.023531819,0.36165857,0.5685168,3.6298983,1.7712464,0.8888889,3.0826874,0.95363706,0.5911186,3.4629898,0.0,-16.165611,-9.511474,6.6541376,19.718020486423494,84.6662155282649,3,"{""geodesic"":false,""type"":""Point"",""coordinates"":[84.6662155282649,19.718020486423494]}"
653,186.0,-0.9945219,-0.104528464,0.2009,0.270313,0.1154,0.0428,0.0625,0.0533,0.109261185,0.1029,0.2036,0.235,0.2417,0.2598,0.35368243,1.739394,220.0,0.830852,1.2424242,0.35368243,0.092182554,0.4325889,0.63864404,4.5262175,2.0926406,0.8514377,3.2092652,0.830852,0.57412934,3.7621722,0.0,-13.6711035,-7.3902116,6.2808914,19.718020486423494,84.93571011350076,3,"{""geodesic"":false,""type"":""Point"",""coordinates"":[84.93571011350076,19.718020486423494]}"
654,137.0,-0.7313537,0.6819984,0.2677,0.16695727,0.1911,0.0697,0.101,0.109,0.21992166,0.1551,0.2327,0.2606,0.269,0.2816,0.16931102,1.4001046,128.0,0.99479747,1.5616046,0.16931102,0.0024222098,0.28967255,0.42328042,2.465628,1.4069037,1.0781405,2.6478734,0.99479747,0.71359223,2.4537122,1.0,-16.376074,-9.441988,6.934087,19.718020486423494,85.02554164191271,3,"{""geodesic"":false,""type"":""Point"",""coordinates"":[85.02554164191271,19.718020486423494]}"
655,108.0,-0.309017,0.95105654,0.0361,0.15705128,0.0263,0.1004,0.1326,0.1094,0.042898,0.1111,0.0685,0.0697,0.0559,0.0567,0.36009732,1.3674242,7.0,0.64464283,1.0885572,0.36009732,0.2152174,-0.32419547,-0.32365397,0.5105023,2.1174242,0.824416,0.2720422,0.64464283,0.72651935,0.32968035,0.0,-29.333971,-21.057304,8.276669,19.718020486423494,85.20520469873661,3,"{""geodesic"":false,""type"":""Point"",""coordinates"":[85.20520469873661,19.718020486423494]}"
656,138.0,-0.7431448,0.6691306,0.0225,0.1627907,0.0162,0.0971,0.1303,0.091,-0.032429557,0.0845,0.0433,0.0435,0.0387,0.0348,0.40983605,1.3803681,1.0,0.5798969,0.93621397,0.40983605,0.2647059,-0.4165968,-0.40323824,0.4248079,2.3742332,0.6978528,0.17254601,0.5798969,0.71681416,0.24698134,0.0,-31.128004,-20.11215,11.015854,19.718020486423494,85.29503622714856,3,"{""geodesic"":false,""type"":""Point"",""coordinates"":[85.29503622714856,19.718020486423494]}"
657,165.0,-0.9659258,0.25881904,0.2789,0.12437008,0.2172,0.0761,0.1025,0.1171,0.21221532,0.1544,0.2074,0.2351,0.2441,0.2638,0.058313463,1.2834791,6.0,1.1420966,1.5367454,0.058313463,-0.0665392,0.26159734,0.35160577,2.0827644,1.1233318,1.1413256,2.7183235,1.1420966,0.7784946,2.3796928,0.0,-16.346975,-10.3470335,5.9999423,19.718020486423494,85.56453081238442,3,"{""geodesic"":false,""type"":""Point"",""coordinates"":[85.56453081238442,19.718020486423494]}"
658,145.0,-0.81915206,0.57357645,0.04685,0.07331043,0.04045,0.08105,0.0885,0.07585,-0.033142127,0.0821,0.07565,0.0784,0.0699,0.0738,0.26687813,1.1553638,3.0,0.6692857,0.93468887,0.26687813,0.1974304,-0.053239256,-0.04082333,0.9203423,1.7237978,0.85609484,0.52878106,0.6692857,0.86155486,0.6168532,0.0,-29.834059,-18.313883,11.520176,19.718020486423494,85.65436234079637,3,"{""geodesic"":false,""type"":""Point"",""coordinates"":[85.65436234079637,19.718020486423494]}"
659,180.0,-1.0,1.2246469E-16,0.03575,0.22852233,0.02245,0.06515,0.06425,0.0562,-0.0737536,0.0605,0.0577,0.05665,0.0518,0.05215,0.3952862,1.5853659,0.0,0.68882465,0.8613027,0.3952862,0.18332382,-0.07412339,-0.04074074,0.92007107,2.2971175,0.8733489,0.5555556,0.68882465,0.62622035,0.6349911,0.0,-30.783129,-17.923826,12.859303,19.718020486423494,85.74419386920833,3,"{""geodesic"":false,""type"":""Point"",""coordinates"":[85.74419386920833,19.718020486423494]}"
660,180.0,-1.0,1.2246469E-16,0.03195,0.14928058,0.02365,0.06035,0.0619,0.05575,-0.039621018,0.0625,0.05665,0.05635,0.04645,0.04815,0.32524964,1.3452631,0.0,0.68635875,0.9222498,0.32524964,0.18494898,-0.1296882,-0.090998046,0.83169204,1.9557894,0.8991935,0.51532257,0.68635875,0.7379095,0.57206804,0.0,-30.974184,-17.33088,13.643306,19.718020486423494,85.83402539762028,3,"{""geodesic"":false,""type"":""Point"",""coordinates"":[85.83402539762028,19.718020486423494]}"
661,180.0,-1.0,1.2246469E-16,0.0225,0.10837439,0.0181,0.0573,0.0503,0.0415,-0.15991902,0.0445,0.0394,0.038,0.0321,0.0333,0.27888447,1.2362638,0.0,0.69875777,0.72299653,0.27888447,0.17582418,-0.14395887,-0.12771739,0.77163464,1.7637362,0.8234127,0.44642857,0.69875777,0.80088496,0.54086536,0.0,-31.419018,-16.795717,14.623301,19.718020486423494,85.92385692603223,3,"{""geodesic"":false,""type"":""Point"",""coordinates"":[85.92385692603223,19.718020486423494]}"
662,0.0,1.0,0.0,0.027866667,0.14383444,0.020858333,0.0555,0.04865,0.04125,-0.14728682,0.0426,0.0379,0.037575,0.0338,0.03545,0.2367739,1.3296223,0.0,0.82202554,0.74190646,0.2367739,0.09621622,-0.09160794,-0.099267155,0.8174123,1.6127237,0.84615386,0.5716239,0.82202554,0.7458284,0.6739218,0.0,-31.250065,-17.309965,13.9401,19.718020486423494,86.10351998285613,3,"{""geodesic"":false,""type"":""Point"",""coordinates"":[86.10351998285613,19.718020486423494]}"
663,0.0,1.0,0.0,0.0286,0.1042471,0.0232,0.0534,0.0462,0.0362,-0.19196428,0.044,0.0411,0.0399,0.0353,0.0358,0.20683761,1.2274678,0.0,0.8079096,0.6766355,0.20683761,0.10485133,-0.102756895,-0.012587412,0.9724518,1.5150214,0.78185743,0.6177106,0.8079096,0.80836236,0.7878788,0.0,-30.988256,-17.272278,13.71598,19.718020486423494,86.19335151126809,3,"{""geodesic"":false,""type"":""Point"",""coordinates"":[86.19335151126809,19.718020486423494]}"
664,0.0,1.0,0.0,0.01745,0.07219662,0.0151,0.0381,0.0334,0.0274,-0.16335878,0.03165,0.02625,0.02565,0.0198,0.02075,0.13467048,1.1480263,0.0,0.8768844,0.71727747,0.13467048,0.06308725,-0.20801526,-0.16101696,0.72,1.3026316,0.81791043,0.52089554,0.8768844,0.8603989,0.63454545,0.0,-31.873602,-18.954123,12.919479,19.718020486423494,86.28318303968004,3,"{""geodesic"":false,""type"":""Point"",""coordinates"":[86.28318303968004,19.718020486423494]}"
665,0.0,1.0,0.0,0.0201,0.082099594,0.01705,0.0466,0.0411,0.03045,-0.20960416,0.03295,0.02785,0.02925,0.0245,0.0245,0.17930205,1.1720116,0.0,0.81707317,0.6520343,0.17930205,0.09865471,-0.14708441,-0.10828026,0.801964,1.4285715,0.7390777,0.48786408,0.81707317,0.8440594,0.6579378,0.0,-31.789274,-19.057,12.732277,19.718020486423494,86.37301456809199,3,"{""geodesic"":false,""type"":""Point"",""coordinates"":[86.37301456809199,19.718020486423494]}"
666,0.0,1.0,0.0,0.0211,0.07242694,0.01825,0.05615,0.04295,0.03565,-0.22331154,0.03785,0.0337,0.0327,0.0289,0.0305,0.22587487,1.1498637,0.0,0.7275862,0.6337778,0.22587487,0.156,-0.10753475,-0.1045701,0.80839163,1.5749319,0.8281069,0.49012777,0.7275862,0.8608491,0.5902098,0.0,-32.092876,-19.308739,12.784139,19.718020486423494,86.46284609650394,3,"{""geodesic"":false,""type"":""Point"",""coordinates"":[86.46284609650394,19.718020486423494]}"
667,0.0,1.0,0.0,0.02265,0.10622711,0.0183,0.0577,0.04355,0.03635,-0.22700691,0.03965,0.03565,0.0339,0.0308,0.032,0.2545825,1.2309783,0.0,0.7330097,0.6288927,0.2545825,0.15247895,-0.10676902,-0.08265078,0.8449931,1.673913,0.8327606,0.51890033,0.7330097,0.8043956,0.62139916,0.0,-31.79287,-20.372105,11.420764,19.718020486423494,86.55267762491589,3,"{""geodesic"":false,""type"":""Point"",""coordinates"":[86.55267762491589,19.718020486423494]}"
668,0.0,1.0,0.0,0.0301,0.08176101,0.02555,0.053,0.0415,0.03705,-0.17712381,0.04185,0.0374,0.03575,0.03015,0.0324,0.082585275,1.1734893,0.0,0.9950413,0.69774014,0.082585275,8.298755E-4,-0.12727273,-0.102678575,0.8115747,1.1754386,0.890625,0.7235577,0.9950413,0.8460265,0.8102288,0.0,-33.50503,-20.329023,13.176009,19.718020486423494,86.9120037385637,3,"{""geodesic"":false,""type"":""Point"",""coordinates"":[86.9120037385637,19.718020486423494]}"
669,22.0,0.92718387,0.37460658,0.34795,0.17184474,0.2459,0.06665,0.09435,0.1182,0.27887475,0.16215,0.21835,0.24505,0.2518,0.2745,0.011854531,1.4144309,386.0,1.3813021,1.7707865,0.011854531,-0.1603168,0.2572999,0.3610811,2.1284869,1.0235772,1.2514558,3.6839597,1.3813021,0.7065077,2.941251,1.0,-17.231714,-10.746589,6.4851246,19.807852014835447,82.60009037479,3,"{""geodesic"":false,""type"":""Point"",""coordinates"":[82.60009037479,19.807852014835447]}"
670,54.0,0.58778524,0.809017,0.2926,0.2102161,0.19095,0.06035,0.0844,0.09315,0.21368079,0.13735,0.20325,0.229,0.23725,0.2569,0.10812704,1.5315362,253.0,1.2327785,1.5409429,0.10812704,-0.104463525,0.30323398,0.436138,2.544236,1.2418215,1.1023668,3.4627218,1.2327785,0.65237445,3.1378016,0.0,-16.885483,-10.590863,6.294619,19.807852014835447,82.68992190320195,3,"{""geodesic"":false,""type"":""Point"",""coordinates"":[82.68992190320195,19.807852014835447]}"
671,74.0,0.27563736,0.9612617,0.1516,0.28556284,0.08425,0.0518,0.07305,0.07405,0.17679778,0.1089,0.18785,0.2102,0.2139,0.2319,0.43484822,1.7972733,247.0,0.7084112,1.4267823,0.43484822,0.17045143,0.36091548,0.4856746,2.8846931,2.5358624,1.0123035,2.072454,0.7084112,0.5553724,2.0445044,0.0,-15.936531,-8.711209,7.225322,19.807852014835447,82.7797534316139,3,"{""geodesic"":false,""type"":""Point"",""coordinates"":[82.7797534316139,19.807852014835447]}"
672,333.0,0.8910065,-0.4539905,0.2825,0.17610325,0.1979,0.0595,0.084,0.1043,0.2735043,0.1402,0.1796,0.2039,0.2103,0.229,0.030377267,1.4267677,334.0,1.3426806,1.75,0.030377267,-0.14650974,0.24052005,0.3369358,2.0143678,1.0621212,1.2401903,3.3590963,1.3426806,0.7002831,2.7059388,1.0,-17.305887,-10.422228,6.88366,19.807852014835447,83.04924801684976,3,"{""geodesic"":false,""type"":""Point"",""coordinates"":[83.04924801684976,19.807852014835447]}"
673,340.0,0.9396926,-0.34202015,0.299,0.14603296,0.2228,0.0603,0.0857,0.1085,0.28554502,0.1489,0.1854,0.2094,0.2167,0.2341,-0.013879408,1.3414087,360.0,1.3791513,1.7963576,-0.013879408,-0.1595889,0.22245431,0.3327183,1.9953959,0.97218484,1.2645688,3.4848485,1.3791513,0.74490136,2.753223,2.0,-17.79632,-10.26737,7.5289497,19.807852014835447,83.13907954526171,3,"{""geodesic"":false,""type"":""Point"",""coordinates"":[83.13907954526171,19.807852014835447]}"
674,316.0,0.7193398,-0.6946584,0.2682,0.19946332,0.179,0.0446,0.0698,0.0831,0.30148786,0.122,0.1858,0.2121,0.2207,0.2381,0.104328245,1.4974874,683.0,1.2146739,1.8590604,0.104328245,-0.09715688,0.32241043,0.45292956,2.6526442,1.2322725,1.1888412,3.8369098,1.2146739,0.6671636,3.2235577,1.0,-14.050847,-7.316659,6.734188,19.807852014835447,83.31874260208562,3,"{""geodesic"":false,""type"":""Point"",""coordinates"":[83.31874260208562,19.807852014835447]}"
675,66.0,0.40673664,0.9135454,0.2645,0.19920658,0.176625,0.05433,0.0771,0.08455,0.21759793,0.1288,0.190925,0.2181,0.22654,0.2476325,0.12380787,1.4966756,403.0,1.167049,1.5533713,0.12380787,-0.07730531,0.31568077,0.4564274,2.676196,1.2818786,1.0952072,3.4261658,1.167049,0.667517,3.124631,1.0,-13.393109,-5.6055975,7.7875123,19.807852014835447,83.40857413049757,3,"{""geodesic"":false,""type"":""Point"",""coordinates"":[83.40857413049757,19.807852014835447]}"
676,207.0,-0.8910065,-0.4539905,0.22,0.28542215,0.1223,0.053,0.07195,0.06598333,0.10911892,0.11863,0.218225,0.2568,0.265995,0.2878,0.37006658,1.7973856,412.0,0.8267724,1.2426239,0.37006658,0.09464089,0.41623405,0.6024841,4.025145,2.1731617,0.9157992,3.053435,0.8267724,0.5556565,3.32913,1.0,-14.215798,-7.552983,6.662816,19.807852014835447,83.49840565890952,3,"{""geodesic"":false,""type"":""Point"",""coordinates"":[83.49840565890952,19.807852014835447]}"
677,206.0,-0.89879405,-0.43837115,0.21118334,0.29190457,0.11575,0.041109093,0.057975,0.051011667,0.1074956,0.0977,0.20992,0.25095,0.257875,0.28015,0.3803948,1.8229032,476.0,0.8186194,1.2378742,0.3803948,0.099543415,0.48286358,0.6697063,5.0453258,2.2259388,0.87837565,3.6363897,0.8186194,0.54784256,4.131803,1.0,-12.518513,-5.5127997,7.0057125,19.807852014835447,83.58823718732147,3,"{""geodesic"":false,""type"":""Point"",""coordinates"":[83.58823718732147,19.807852014835447]}"
678,169.0,-0.98162717,0.190809,0.19395,0.3327607,0.0971,0.0466,0.06975,0.053,0.064257026,0.12013333,0.2414,0.2819125,0.2937,0.31825,0.50307065,1.9953704,544.0,0.66014296,1.1349037,0.50307065,0.20455244,0.45192564,0.6942602,5.5310736,3.021605,0.7587688,2.7766643,0.66014296,0.5003865,3.6525424,1.0,-14.207733,-7.6579967,6.5497365,19.807852014835447,83.67806871573343,3,"{""geodesic"":false,""type"":""Point"",""coordinates"":[83.67806871573343,19.807852014835447]}"
679,187.0,-0.99254614,-0.12186934,0.28075,0.19646281,0.18855,0.0441,0.064733334,0.07898334,0.2834123,0.1213,0.18784,0.2141,0.22556667,0.2469,0.08938705,1.4882057,817.0,1.2440916,1.7869532,0.08938705,-0.10898976,0.34111896,0.48131123,2.8522656,1.1956887,1.218252,4.330334,1.2440916,0.67135483,3.5500526,1.0,-15.887186,-9.384878,6.5023084,19.807852014835447,83.94756330096928,3,"{""geodesic"":false,""type"":""Point"",""coordinates"":[83.94756330096928,19.807852014835447]}"
680,133.0,-0.6819984,0.7313537,0.2414,0.24368882,0.1468,0.0483,0.0716,0.0691,0.17717206,0.1271,0.2151,0.2496,0.2582,0.2807,0.27506173,1.6432948,777.0,0.9345722,1.427686,0.27506173,0.033626903,0.37665522,0.5777574,3.7312138,1.7576582,0.9637378,3.366806,0.9345722,0.6078675,3.4884393,1.0,-14.346697,-7.8776608,6.469036,19.807852014835447,84.03739482938123,3,"{""geodesic"":false,""type"":""Point"",""coordinates"":[84.03739482938123,19.807852014835447]}"
681,175.0,-0.9961947,0.087155744,0.2688,0.21354401,0.1742,0.055466667,0.07806667,0.083475,0.2015834,0.1307,0.1974,0.22785,0.2374,0.2586,0.15354714,1.5421686,142.0,1.1317894,1.5022496,0.15354714,-0.06203082,0.3285384,0.47970393,2.8405623,1.3620195,1.0679104,3.438806,1.1317894,0.64782447,3.2162728,1.0,-16.754158,-9.978983,6.775175,19.807852014835447,84.39672094302904,3,"{""geodesic"":false,""type"":""Point"",""coordinates"":[84.39672094302904,19.807852014835447]}"
682,159.0,-0.9335804,0.35836795,0.2329,0.21809624,0.1495,0.04756,0.0693,0.0715,0.20107509,0.1246,0.1973,0.226775,0.2358,0.2618,0.2239813,1.5568181,144.0,0.98728275,1.5002098,0.2239813,0.0061873267,0.35507247,0.5346567,3.293296,1.5762032,1.0302594,3.3559077,0.98728275,0.6416309,3.2527933,0.0,-14.877092,-8.496517,6.380575,19.807852014835447,84.48655247144099,3,"{""geodesic"":false,""type"":""Point"",""coordinates"":[84.48655247144099,19.807852014835447]}"
683,82.0,0.1391731,0.99026805,0.26505,0.22304897,0.168375,0.0571,0.0802,0.079566665,0.16439025,0.12775,0.1966,0.2222,0.2339,0.2489,0.16288608,1.5732305,98.0,1.1326923,1.3910257,0.16288608,-0.062431104,0.3216514,0.4923437,2.9359832,1.3883365,0.99086756,3.3007472,1.1326923,0.63501793,3.3269875,0.0,-15.492979,-9.364502,6.1284766,19.807852014835447,84.57638399985295,3,"{""geodesic"":false,""type"":""Point"",""coordinates"":[84.57638399985295,19.807852014835447]}"
684,35.0,0.81915206,0.57357645,0.27936667,0.20477252,0.1844,0.06662778,0.0942,0.097475,0.18797502,0.14864445,0.22915,0.2549,0.25755,0.27645,0.16551647,1.5141824,73.0,1.0842875,1.460786,0.16551647,-0.040633246,0.30065215,0.45088375,2.639508,1.3959349,1.0336691,2.9625309,1.0842875,0.65982825,2.8630967,0.0,-16.997963,-10.453547,6.5444164,19.807852014835447,84.6662155282649,3,"{""geodesic"":false,""type"":""Point"",""coordinates"":[84.6662155282649,19.807852014835447]}"
685,247.0,-0.39073113,-0.92050487,0.21995,0.27840745,0.12415,0.0461,0.0701,0.05705,0.10615608,0.114,0.213,0.24955,0.26005,0.2751,0.353722,1.7702214,157.0,0.84547377,1.2348485,0.353722,0.08354167,0.41403237,0.6401766,4.5503063,2.0929577,0.81267804,3.1331909,0.84547377,0.56419,3.848644,0.0,-14.338403,-8.216008,6.1223946,19.807852014835447,84.93571011350076,3,"{""geodesic"":false,""type"":""Point"",""coordinates"":[84.93571011350076,19.807852014835447]}"
686,103.0,-0.22495106,0.97437006,0.21632858,0.32623926,0.1099,0.044238888,0.07231,0.05418667,0.101069055,0.11152,0.2466,0.2832,0.2860143,0.3151,0.44482931,1.9666234,52.0,0.7560915,1.2221025,0.44482931,0.13872142,0.47719282,0.68144315,5.268592,2.6001298,0.74833125,2.987551,0.7560915,0.5077888,3.98493,0.0,-12.590552,-6.350515,6.2400374,19.807852014835447,85.11537317032466,3,"{""geodesic"":false,""type"":""Point"",""coordinates"":[85.11537317032466,19.807852014835447]}"
687,135.0,-0.70710677,0.70710677,0.2817,0.11102346,0.2254,0.0867,0.1127,0.1312,0.20422211,0.1641,0.1968,0.2157,0.2199,0.2358,-0.012351224,1.249224,10.0,1.2804545,1.5115207,-0.012351224,-0.123205744,0.17929482,0.25263458,1.6747905,0.9751663,1.1631205,2.4973404,1.2804545,0.79985803,2.1454685,0.0,-17.64835,-9.980627,7.6677227,19.807852014835447,85.29503622714856,3,"{""geodesic"":false,""type"":""Point"",""coordinates"":[85.29503622714856,19.807852014835447]}"
688,151.0,-0.8746197,0.4848096,0.0171,0.2,0.0114,0.0654,0.0747,0.0603,-0.040572792,0.0786,0.0528,0.0543,0.0435,0.0392,0.58469945,1.4869565,2.0,0.39220184,0.92061067,0.58469945,0.43564355,-0.3344652,-0.1618497,0.7201987,3.7826087,0.8061497,0.22860962,0.39220184,0.6627907,0.2831126,0.0,-29.335117,-22.7705,6.564617,19.807852014835447,85.38486775556052,3,"{""geodesic"":false,""type"":""Point"",""coordinates"":[85.38486775556052,19.807852014835447]}"
689,283.0,0.22495106,-0.97437006,0.1803,0.24473593,0.1094,0.0581,0.0802,0.0784,0.14871795,0.1185,0.1851,0.2126,0.2119,0.2281,0.3190165,1.6465753,4.0,0.8504717,1.347079,0.3190165,0.08057114,0.31621465,0.4598691,2.699363,1.9351598,0.97633874,2.24533,0.8504717,0.6064302,2.2968154,0.0,-18.476744,-12.528613,5.94813,19.807852014835447,85.56453081238442,3,"{""geodesic"":false,""type"":""Point"",""coordinates"":[85.56453081238442,19.807852014835447]}"
690,227.0,-0.6819984,-0.7313537,0.1766,0.26959023,0.1016,0.0579,0.0867,0.0786,0.15164836,0.128,0.2301,0.2669,0.2696,0.2942,0.4525862,1.7364799,9.0,0.6548016,1.3551724,0.4525862,0.20842671,0.3936523,0.54853535,3.425667,2.6509342,0.90553,2.034562,0.6548016,0.57498586,2.2439644,0.0,-16.129267,-9.068574,7.060693,19.807852014835447,85.65436234079637,3,"{""geodesic"":false,""type"":""Point"",""coordinates"":[85.65436234079637,19.807852014835447]}"
691,150.0,-0.8660254,0.5,0.2344,0.09943715,0.192,0.095,0.1129,0.1198,0.11545624,0.1504,0.1906,0.2118,0.2112,0.2285,0.04761905,1.2201978,4.0,1.1093233,1.2597266,0.04761905,-0.05206463,0.206123,0.27613294,1.7614679,1.0994273,1.060177,2.0743363,1.1093233,0.8187633,1.9549625,0.0,-13.385847,-7.0573163,6.328531,19.807852014835447,85.83402539762028,3,"{""geodesic"":false,""type"":""Point"",""coordinates"":[85.83402539762028,19.807852014835447]}"
692,157.0,-0.92050487,0.39073113,0.02605,0.18723889,0.017833333,0.07105,0.0714,0.0473,-0.20067596,0.0526,0.0432,0.042033333,0.0375,0.0386,0.3554217,1.4526023,1.0,0.6928192,0.6647927,0.3554217,0.1801731,-0.15350877,-0.11556604,0.79113925,2.091078,0.6615385,0.36433566,0.6928192,0.681963,0.5495781,0.0,-29.41168,-16.943447,12.468232,19.807852014835447,85.92385692603223,3,"{""geodesic"":false,""type"":""Point"",""coordinates"":[85.92385692603223,19.807852014835447]}"
693,180.0,-1.0,1.2246469E-16,0.023118181,0.109529965,0.018553846,0.0599125,0.0557,0.04081667,-0.18957601,0.0439,0.039025,0.0374,0.03282,0.034175,0.27769294,1.2393252,0.0,0.7022534,0.6801361,0.27769294,0.1734382,-0.124559715,-0.10859626,0.8021181,1.7594227,0.7314815,0.41430435,0.7022534,0.7991085,0.5650065,0.0,-31.47441,-17.21767,14.256739,19.807852014835447,86.10351998285613,3,"{""geodesic"":false,""type"":""Point"",""coordinates"":[86.10351998285613,19.807852014835447]}"
694,180.0,-1.0,1.2246469E-16,0.0241,0.1394799,0.0182,0.0523,0.04934,0.03795,-0.15900277,0.04015,0.0358,0.034,0.0298,0.03275,0.24166666,1.31694,0.0,0.8060201,0.72423667,0.24166666,0.10575139,-0.101508915,-0.120295204,0.78318,1.6284153,0.7675971,0.48745954,0.8060201,0.75206614,0.63337713,0.0,-31.69735,-17.51573,14.181621,19.807852014835447,86.19335151126809,3,"{""geodesic"":false,""type"":""Point"",""coordinates"":[86.19335151126809,19.807852014835447]}"
695,0.0,1.0,0.0,0.0196,0.12643678,0.0152,0.0418,0.0384,0.0268,-0.2186589,0.0348,0.0287,0.0288,0.0187,0.024,0.10324484,1.2810458,0.0,1.0425532,0.63961816,0.10324484,-0.023498695,-0.18367347,-0.17802198,0.6951673,1.2222222,0.6961039,0.5090909,1.0425532,0.7715736,0.7286245,0.0,-32.174694,-19.082392,13.092302,19.807852014835447,86.28318303968004,3,"{""geodesic"":false,""type"":""Point"",""coordinates"":[86.28318303968004,19.807852014835447]}"
696,0.0,1.0,0.0,0.0237,0.16748768,0.0169,0.0454,0.0396,0.0297,-0.20905459,0.036,0.0313,0.0298,0.0265,0.0267,0.22119816,1.3941176,0.0,0.89097744,0.6527473,0.22119816,0.055776894,-0.14832535,-0.0569395,0.8892617,1.5588236,0.74811083,0.59697735,0.89097744,0.710084,0.79530203,0.0,-32.658974,-19.744047,12.914926,19.807852014835447,86.37301456809199,3,"{""geodesic"":false,""type"":""Point"",""coordinates"":[86.37301456809199,19.807852014835447]}"
697,0.0,1.0,0.0,0.0231,0.11325301,0.0184,0.049,0.0402,0.0319,-0.21137206,0.0397,0.0355,0.0338,0.0266,0.0283,0.18222222,1.2486486,0.0,0.8651685,0.6496945,0.18222222,0.07042254,-0.16764706,-0.09059829,0.83125,1.4378378,0.7915633,0.573201,0.8651685,0.79310346,0.721875,0.0,-32.01866,-20.056767,11.961897,19.807852014835447,86.55267762491589,3,"{""geodesic"":false,""type"":""Point"",""coordinates"":[86.55267762491589,19.807852014835447]}"
698,0.0,1.0,0.0,0.0243,0.051948052,0.0219,0.0552,0.0452,0.036,-0.21052632,0.0399,0.0362,0.0362,0.0318,0.0329,0.18435754,1.1045455,0.0,0.76175547,0.6509946,0.18435754,0.13368984,-0.09615385,-0.061946902,0.88088644,1.4454546,0.794702,0.53642386,0.76175547,0.897541,0.6731302,0.0,-31.10785,-19.685843,11.422007,19.807852014835447,86.64250915332785,3,"{""geodesic"":false,""type"":""Point"",""coordinates"":[86.64250915332785,19.807852014835447]}"
699,0.0,1.0,0.0,0.0286,0.0772128,0.0245,0.0536,0.0437,0.0381,-0.16902944,0.04,0.0344,0.0338,0.0294,0.0322,0.09090909,1.1626016,0.0,0.96949154,0.7094972,0.09090909,0.013793103,-0.10803324,-0.12888889,0.76963353,1.195122,0.86986303,0.65296805,0.96949154,0.85365856,0.7486911,0.0,-32.497368,-19.69648,12.800887,19.807852014835447,86.7323406817398,3,"{""geodesic"":false,""type"":""Point"",""coordinates"":[86.7323406817398,19.807852014835447]}"
700,0.0,1.0,0.0,0.0292,0.07749078,0.025,0.0516,0.0399,0.0368,-0.16742082,0.0411,0.0368,0.0347,0.0307,0.0327,0.10233393,1.1633466,0.0,0.9480519,0.71179885,0.10233393,0.025041737,-0.11382114,-0.09037037,0.8319783,1.2231076,0.92,0.73,0.9480519,0.85324234,0.7913279,0.0,-33.12739,-19.731436,13.395958,19.807852014835447,86.82217221015175,3,"{""geodesic"":false,""type"":""Point"",""coordinates"":[86.82217221015175,19.807852014835447]}"
701,143.0,-0.7986355,0.60181504,0.3087,0.15845764,0.22425,0.06765,0.0923,0.1094,0.23580909,0.1484,0.19605,0.21695,0.2252,0.24345,0.0021136946,1.375975,278.0,1.3701731,1.6147602,0.0021136946,-0.15639633,0.24256732,0.34608486,2.056621,1.0037887,1.1839827,3.340909,1.3701731,0.7261982,2.819178,0.0,-17.55185,-10.987387,6.564462,19.8976835432474,82.60009037479,3,"{""geodesic"":false,""type"":""Point"",""coordinates"":[82.60009037479,19.8976835432474]}"
702,126.0,-0.58778524,0.809017,0.14215,0.27431646,0.08095,0.0595,0.0831,0.07875,0.1392405,0.12135,0.1921,0.2132,0.2121,0.2271,0.44753456,1.7538556,231.0,0.6698869,1.3213087,0.44753456,0.19745941,0.30348688,0.45848376,2.6899176,2.616903,0.9465144,1.7085336,0.6698869,0.56906855,1.8027902,0.0,-16.15365,-8.95707,7.1965804,19.8976835432474,82.7797534316139,3,"{""geodesic"":false,""type"":""Point"",""coordinates"":[82.7797534316139,19.8976835432474]}"
703,163.0,-0.9563047,0.2923717,0.1758,0.22380787,0.1115,0.05835,0.08005,0.0832,0.17555635,0.1225,0.1869,0.20525,0.21095,0.22595,0.3084199,1.5752689,220.0,0.83297795,1.4234388,0.3084199,0.09088559,0.2968862,0.43430224,2.532413,1.8902329,1.0380536,2.1933875,0.83297795,0.6338829,2.110444,0.0,-16.16878,-9.281757,6.8870225,19.8976835432474,82.86958496002586,3,"{""geodesic"":false,""type"":""Point"",""coordinates"":[82.86958496002586,19.8976835432474]}"
704,183.0,-0.9986295,-0.052335955,0.15045,0.27069256,0.08635,0.0525,0.07405,0.0714,0.15254237,0.10765,0.1839,0.2043,0.20705,0.21565,0.41138378,1.7403123,216.0,0.7262853,1.3574145,0.41138378,0.15832168,0.33405507,0.48716107,2.8958042,2.395026,0.96291304,2.0289953,0.7262853,0.5735636,2.1041958,1.0,-16.11533,-9.025181,7.0901484,19.8976835432474,82.95941648843781,3,"{""geodesic"":false,""type"":""Point"",""coordinates"":[82.95941648843781,19.8976835432474]}"
705,217.0,-0.7986355,-0.60181504,0.26065,0.18679568,0.1786,0.0587,0.08615,0.0952,0.23716699,0.1393,0.20455,0.2287,0.23365,0.2549,0.13353547,1.4585898,281.0,1.1150802,1.6190476,0.13353547,-0.0546227,0.29325217,0.4210126,2.4517314,1.3074986,1.1037681,3.022029,1.1150802,0.68494725,2.735047,0.0,-16.669361,-9.877705,6.7916574,19.8976835432474,83.04924801684976,3,"{""geodesic"":false,""type"":""Point"",""coordinates"":[83.04924801684976,19.8976835432474]}"
706,332.0,0.88294756,-0.46947157,0.2923,0.18220425,0.2022,0.06345,0.08885,0.1041,0.24261415,0.1449,0.2002,0.2259,0.236,0.25375,0.07713373,1.4448838,249.0,1.2380347,1.6380802,0.07713373,-0.10656824,0.27304652,0.3878271,2.2648752,1.1665843,1.1703204,3.286116,1.2380347,0.6915185,2.8051825,0.0,-18.330206,-11.198565,7.1316404,19.8976835432474,83.13907954526171,3,"{""geodesic"":false,""type"":""Point"",""coordinates"":[83.13907954526171,19.8976835432474]}"
707,323.0,0.7986355,-0.60181504,0.22725,0.22523251,0.1437,0.0405,0.0676,0.0741,0.29319373,0.1239,0.18915,0.21355,0.2206,0.2401,0.21108976,1.5803199,305.0,1.0296783,1.8251232,0.21108976,-0.014848721,0.31923077,0.4971157,2.9730458,1.5340751,1.0945348,3.356721,1.0296783,0.6320651,3.0626686,1.0,-15.302641,-9.017307,6.2853336,19.8976835432474,83.22891107367366,3,"{""geodesic"":false,""type"":""Point"",""coordinates"":[83.22891107367366,19.8976835432474]}"
708,323.0,0.7986355,-0.60181504,0.2251,0.24364641,0.1369,0.04845,0.0656,0.0668,0.15921909,0.11245,0.17865,0.2057,0.2167,0.23395,0.22567873,1.6430657,454.0,1.0382842,1.3759011,0.22567873,-0.019013127,0.35075057,0.5287478,3.239163,1.5817518,1.0167428,3.4261796,1.0382842,0.6079041,3.3647234,0.0,-15.290553,-8.610492,6.680062,19.8976835432474,83.40857413049757,3,"{""geodesic"":false,""type"":""Point"",""coordinates"":[83.40857413049757,19.8976835432474]}"
709,288.0,0.309017,-0.95105654,0.1919,0.32253617,0.0983,0.04065,0.06255,0.055,0.15002614,0.1094,0.23075,0.26435,0.2731,0.29375,0.4706516,1.9502033,497.0,0.7024158,1.3496933,0.4706516,0.17462365,0.45727396,0.6647364,4.956443,2.7754066,0.87789303,3.0630486,0.7024158,0.51197916,3.4827585,1.0,-14.332175,-7.4850273,6.847148,19.8976835432474,83.49840565890952,3,"{""geodesic"":false,""type"":""Point"",""coordinates"":[83.49840565890952,19.8976835432474]}"
710,278.0,0.1391731,-0.99026805,0.2549,0.2253335,0.16115,0.0447,0.06615,0.06835,0.20919947,0.12025,0.1988,0.22995,0.23865,0.25925,0.19384693,1.5807751,713.0,1.067644,1.5256697,0.19384693,-0.03292473,0.3662714,0.55472314,3.4864864,1.48,1.0316981,3.847547,1.067644,0.6319608,3.723886,1.0,-15.497425,-8.601052,6.896373,19.8976835432474,83.58823718732147,3,"{""geodesic"":false,""type"":""Point"",""coordinates"":[83.58823718732147,19.8976835432474]}"
711,40.0,0.76604444,0.64278764,0.21365,0.28996226,0.1176,0.0371,0.05635,0.0504,0.152,0.09825,0.21055,0.2473,0.25785,0.2783,0.37355173,1.8152082,799.0,0.8282613,1.3548387,0.37355173,0.09374337,0.47815695,0.6729927,5.105941,2.1907392,0.8928255,3.7847652,0.8282613,0.5501754,4.230693,1.0,-11.4965,-4.6321354,6.8643646,19.8976835432474,83.67806871573343,3,"{""geodesic"":false,""type"":""Point"",""coordinates"":[83.67806871573343,19.8976835432474]}"
712,268.0,-0.034899496,-0.99939084,0.2267,0.2750281,0.1289,0.05235,0.07295,0.06595,0.11496196,0.1243,0.2181,0.25695,0.2659,0.29045,0.34701115,1.7573644,515.0,0.85225564,1.257388,0.34701115,0.07957775,0.40060276,0.60253125,4.0257382,2.0612402,0.9028063,3.103354,0.85225564,0.56834215,3.4322484,0.0,-16.936213,-10.313128,6.623085,19.8976835432474,83.76790024414538,3,"{""geodesic"":false,""type"":""Point"",""coordinates"":[83.76790024414538,19.8976835432474]}"
713,271.0,0.017452406,-0.9998477,0.2563,0.21844545,0.1644,0.0376,0.0599,0.0718,0.31261426,0.1293,0.1972,0.2264,0.2384,0.2563,0.183714,1.5580547,834.0,1.0746331,1.9045093,0.183714,-0.036183547,0.32935685,0.53707284,3.3157163,1.4492401,1.1966667,4.2716665,1.0746331,0.64118564,3.5646732,1.0,-15.018881,-8.023709,6.995172,19.8976835432474,83.94756330096928,3,"{""geodesic"":false,""type"":""Point"",""coordinates"":[83.94756330096928,19.8976835432474]}"
714,94.0,-0.06975647,0.9975641,0.2875,0.13861386,0.2175,0.0555,0.0835,0.107,0.31692308,0.144,0.2018,0.2242,0.2333,0.2481,0.0350488,1.3212316,898.0,1.2317909,1.9244604,0.0350488,-0.10407066,0.26549348,0.3711431,2.178338,1.0721507,1.2799044,3.4389951,1.2317909,0.75625867,2.684407,0.0,-16.130344,-9.144108,6.9862366,19.8976835432474,84.12722635779319,3,"{""geodesic"":false,""type"":""Point"",""coordinates"":[84.12722635779319,19.8976835432474]}"
715,76.0,0.2419219,0.9702957,0.22775,0.27199107,0.13035,0.0521,0.07665,0.06145,0.08234258,0.1261,0.23465,0.26955,0.2731,0.2994,0.35382327,1.7458797,266.0,0.83363837,1.177203,0.35382327,0.09054607,0.40728554,0.63264084,4.437043,2.0935223,0.8006515,2.9674268,0.83363837,0.5720869,3.7002437,1.0,-15.854018,-9.552029,6.3019896,19.8976835432474,84.39672094302904,3,"{""geodesic"":false,""type"":""Point"",""coordinates"":[84.39672094302904,19.8976835432474]}"
716,55.0,0.57357645,0.81915206,0.2419,0.22171718,0.1541,0.0575,0.08605,0.07265,0.116404146,0.13915,0.2306,0.2631,0.26885,0.29145,0.27130866,1.5687419,136.0,0.89942366,1.2612847,0.27130866,0.05276554,0.35369253,0.57452416,3.6955326,1.7435149,0.8432966,2.8078933,0.89942366,0.63677686,3.3250859,1.0,-12.205247,-5.614253,6.5909944,19.8976835432474,84.48655247144099,3,"{""geodesic"":false,""type"":""Point"",""coordinates"":[84.48655247144099,19.8976835432474]}"
717,124.0,-0.5591929,0.82903755,0.27445,0.18463364,0.1889,0.07025,0.10095,0.10085,0.17884278,0.1555,0.2518,0.28065,0.28365,0.30585,0.20050788,1.4521164,92.0,0.96722466,1.4335465,0.20050788,0.0164845,0.3258914,0.47542262,2.8098068,1.5007937,0.99802077,2.7159822,0.96722466,0.68803495,2.7186725,0.0,-16.937214,-10.202184,6.7350297,19.8976835432474,84.57638399985295,3,"{""geodesic"":false,""type"":""Point"",""coordinates"":[84.57638399985295,19.8976835432474]}"
718,210.0,-0.8660254,-0.5,0.24485,0.25951645,0.14395,0.04885,0.07495,0.06815,0.16495727,0.1238,0.2306,0.2656,0.273,0.29795,0.30950955,1.699757,89.0,0.89655805,1.392237,0.30950955,0.05435937,0.41292235,0.600469,4.0,1.8951753,0.90806127,3.2624917,0.89655805,0.587671,3.5875459,0.0,-16.291357,-9.846347,6.445009,19.8976835432474,84.6662155282649,3,"{""geodesic"":false,""type"":""Point"",""coordinates"":[84.6662155282649,19.8976835432474]}"
719,236.0,-0.5591929,-0.82903755,0.18535,0.33441326,0.09245,0.04245,0.0651,0.0509,0.09051955,0.1065,0.2201,0.257,0.2636,0.2882,0.48069093,2.0027013,128.0,0.70288205,1.1962397,0.48069093,0.17429557,0.46034962,0.6763116,5.1686273,2.84819,0.7806749,2.8427913,0.70288205,0.49851713,3.6343138,0.0,-14.219194,-8.105989,6.113205,19.8976835432474,84.75604705667685,3,"{""geodesic"":false,""type"":""Point"",""coordinates"":[84.75604705667685,19.8976835432474]}"
720,316.0,0.7193398,-0.6946584,0.23245,0.24688213,0.1404,0.04665,0.0687,0.0663,0.17397079,0.1201,0.19455,0.2274,0.23695,0.2553,0.25586325,1.6544484,180.0,0.9805948,1.4181818,0.25586325,0.009586707,0.36014917,0.562737,3.5685241,1.6864768,0.9636628,3.3786337,0.9805948,0.6037411,3.500753,0.0,-14.768859,-8.237515,6.531343,19.8976835432474,84.93571011350076,3,"{""geodesic"":false,""type"":""Point"",""coordinates"":[84.93571011350076,19.8976835432474]}"
721,315.0,0.70710677,-0.70710677,0.1816,0.3355396,0.09035,0.0431,0.06515,0.0452,0.023782559,0.10115,0.22865,0.2714,0.2764,0.2995,0.5072938,2.007739,243.0,0.6567812,1.0462962,0.5072938,0.2069869,0.49507052,0.71890545,6.1015453,3.055832,0.6927203,2.7831419,0.6567812,0.4972482,4.00883,1.0,-13.853333,-7.261127,6.5922065,19.8976835432474,85.02554164191271,3,"{""geodesic"":false,""type"":""Point"",""coordinates"":[85.02554164191271,19.8976835432474]}"
722,102.0,-0.20791169,0.9781476,0.1723,0.34556815,0.0838,0.0442,0.0603,0.0447,0.005624297,0.0936,0.2064,0.2511,0.2597,0.2809,0.5120815,2.0536354,254.0,0.66320246,1.0090294,0.5120815,0.20231481,0.5001335,0.7063075,5.796875,3.0953517,0.74006623,2.852649,0.66320246,0.4860789,3.845982,0.0,-13.311358,-7.0881767,6.2231817,19.8976835432474,85.11537317032466,3,"{""geodesic"":false,""type"":""Point"",""coordinates"":[85.11537317032466,19.8976835432474]}"
723,131.0,-0.656059,0.7547096,0.1934,0.35055867,0.093,0.0407,0.0604,0.0435,0.033254158,0.0997,0.2231,0.2644,0.2715,0.2969,0.48971194,2.0773363,211.0,0.7120766,1.0661764,0.48971194,0.16799311,0.49722642,0.72380954,6.227064,2.9162192,0.71900827,3.1966941,0.7120766,0.48062015,4.43578,1.0,-12.101941,-5.9672537,6.1346874,19.8976835432474,85.20520469873661,3,"{""geodesic"":false,""type"":""Point"",""coordinates"":[85.20520469873661,19.8976835432474]}"
724,127.0,-0.60181504,0.7986355,0.3377,0.15295322,0.2481,0.0877,0.1195,0.1393,0.22731277,0.1839,0.2391,0.2632,0.2693,0.2911,0.040974103,1.3605963,48.0,1.2535263,1.5865604,0.040974103,-0.11268534,0.22568421,0.31815958,1.9318508,1.0850121,1.1647158,2.8235786,1.2535263,0.73445827,2.4225252,0.0,-17.477283,-8.765197,8.712087,19.8976835432474,85.38486775556052,3,"{""geodesic"":false,""type"":""Point"",""coordinates"":[85.38486775556052,19.8976835432474]}"
725,155.0,-0.9063078,0.42261827,0.2339,0.1973381,0.1568,0.0679,0.0886,0.0898,0.13887127,0.1331,0.1962,0.2258,0.2282,0.247,0.18545455,1.4907584,9.0,1.0245291,1.3205882,0.18545455,-0.012334992,0.29965797,0.43522012,2.5383759,1.4544296,1.0124013,2.6369786,1.0245291,0.6700855,2.6017797,0.0,-15.411292,-10.871223,4.540068,19.8976835432474,85.47469928397247,3,"{""geodesic"":false,""type"":""Point"",""coordinates"":[85.47469928397247,19.8976835432474]}"
726,0.0,1.0,0.0,0.1562,0.3104027,0.0822,0.0672,0.0868,0.0673,7.434944E-4,0.1294,0.242,0.3022,0.3016,0.3165,0.5716519,1.8979344,7.0,0.51773286,1.0,0.5716519,0.31760594,0.4196008,0.6351315,4.474777,3.6646416,0.7744534,1.7974683,0.51773286,0.5259117,2.3175075,0.0,-16.942276,-10.341993,6.6002836,19.8976835432474,85.65436234079637,3,"{""geodesic"":false,""type"":""Point"",""coordinates"":[85.65436234079637,19.8976835432474]}"
727,270.0,-1.8369701E-16,-1.0,0.13545,0.29153755,0.0743,0.05215,0.0756,0.05255,0.0038204393,0.1119,0.2221,0.26055,0.2605,0.2871,0.55615294,1.8205645,9.0,0.5197621,1.0057416,0.55615294,0.3158227,0.43909773,0.6642709,4.947768,3.5013442,0.6941876,1.7892998,0.5197621,0.54813725,2.5726495,0.0,-15.891837,-8.547234,7.3446035,19.8976835432474,85.74419386920833,3,"{""geodesic"":false,""type"":""Point"",""coordinates"":[85.74419386920833,19.8976835432474]}"
728,115.0,-0.42261827,0.9063078,0.3334,0.14688683,0.248,0.0887,0.1247,0.145,0.24090715,0.1872,0.2534,0.2735,0.2834,0.3077,0.06661648,1.343813,10.0,1.1760141,1.6328828,0.06661648,-0.08106355,0.24348353,0.32306257,1.9531357,1.1422813,1.1618589,2.6714745,1.1760141,0.7436282,2.2977257,0.0,-16.478775,-9.489202,6.989574,19.8976835432474,85.92385692603223,3,"{""geodesic"":false,""type"":""Point"",""coordinates"":[85.92385692603223,19.8976835432474]}"
729,157.0,-0.92050487,0.39073113,0.260775,0.16606115,0.1865,0.075725,0.10323333,0.113075,0.1978284,0.15657,0.2241375,0.2597,0.26156,0.2818,0.1675222,1.397508,7.0,0.99661773,1.4912628,0.1675222,0.001502867,0.28567192,0.39634576,2.3111112,1.4017149,1.0942742,2.523629,0.99661773,0.71490175,2.304175,0.0,-15.854236,-8.826093,7.0281425,19.8976835432474,86.10351998285613,3,"{""geodesic"":false,""type"":""Point"",""coordinates"":[86.10351998285613,19.8976835432474]}"
730,158.0,-0.92718387,0.37460658,0.199,0.2892776,0.1097,0.0467,0.0709,0.0565,0.09496124,0.1146,0.2301,0.2712,0.2766,0.3057,0.43204764,1.8123862,7.0,0.7191905,1.2072649,0.43204764,0.16316232,0.45467523,0.66076255,4.8869257,2.5191257,0.79577464,2.8028169,0.7191905,0.55097944,3.515901,0.0,-14.534799,-8.6685095,5.866289,19.8976835432474,86.19335151126809,3,"{""geodesic"":false,""type"":""Point"",""coordinates"":[86.19335151126809,19.8976835432474]}"
731,133.0,-0.6819984,0.7313537,0.0215,0.14666666,0.016,0.0554,0.0571,0.0375,-0.1926803,0.038,0.0336,0.0335,0.0299,0.0319,0.30283225,1.3354037,4.0,0.71666664,0.6756757,0.30283225,0.16342412,-0.087267525,-0.11275964,0.79521275,1.8571428,0.6555944,0.37587413,0.71666664,0.7407407,0.5718085,0.0,-30.567177,-18.403416,12.16376,19.8976835432474,86.28318303968004,3,"{""geodesic"":false,""type"":""Point"",""coordinates"":[86.28318303968004,19.8976835432474]}"
732,0.0,1.0,0.0,0.0243,0.215,0.0157,0.0407,0.0373,0.033,-0.104477614,0.0374,0.0336,0.0316,0.0291,0.0296,0.29910713,1.5379747,0.0,0.83219177,0.8088235,0.29910713,0.08988764,-0.11641791,-0.062801935,0.8791541,1.8417722,0.88235295,0.64973265,0.83219177,0.64344263,0.73413897,0.0,-32.223053,-20.119411,12.1036415,19.8976835432474,86.46284609650394,3,"{""geodesic"":false,""type"":""Point"",""coordinates"":[86.46284609650394,19.8976835432474]}"
733,0.0,1.0,0.0,0.0203,0.2119403,0.0132,0.043,0.0352,0.0312,-0.15902965,0.0379,0.0337,0.0327,0.0287,0.0302,0.3699284,1.5263158,0.0,0.7048611,0.72389793,0.3699284,0.17142858,-0.11306901,-0.041736227,0.9169329,2.1578948,0.8838527,0.5750708,0.7048611,0.64705884,0.6485623,0.0,-31.2435,-20.05453,11.188972,19.8976835432474,86.64250915332785,3,"{""geodesic"":false,""type"":""Point"",""coordinates"":[86.64250915332785,19.8976835432474]}"
734,0.0,1.0,0.0,0.0194,0.12790698,0.015,0.0464,0.0381,0.0338,-0.15710723,0.0391,0.0334,0.0342,0.0266,0.0291,0.27884614,1.2847682,0.0,0.72659177,0.72688174,0.27884614,0.15652174,-0.14662756,-0.119205296,0.78466076,1.7615894,0.88481677,0.5078534,0.72659177,0.7692308,0.5722714,0.0,-32.423515,-19.192501,13.231013,19.8976835432474,86.7323406817398,3,"{""geodesic"":false,""type"":""Point"",""coordinates"":[86.7323406817398,19.8976835432474]}"
735,0.0,1.0,0.0,0.0285,0.0940499,0.0236,0.0527,0.0406,0.0368,-0.17765363,0.0412,0.0367,0.0358,0.0313,0.0338,0.140255,1.2025317,0.0,0.9076433,0.6969697,0.140255,0.04682274,-0.09866667,-0.080763586,0.84823847,1.3206751,0.9041769,0.7002457,0.9076433,0.8251748,0.7723577,0.0,-33.40448,-20.109966,13.294515,19.8976835432474,86.9120037385637,3,"{""geodesic"":false,""type"":""Point"",""coordinates"":[86.9120037385637,19.8976835432474]}"
736,79.0,0.190809,0.98162717,0.3278,0.156363,0.23915,0.071,0.0972,0.1198,0.2557652,0.1577,0.198,0.2195,0.2285,0.2494,-0.02277344,1.3701149,306.0,1.4339458,1.6849508,-0.02277344,-0.17850082,0.22525178,0.31208727,1.9057548,0.95506793,1.2312436,3.368962,1.4339458,0.7293382,2.733945,0.0,-17.275978,-10.309401,6.966578,19.987515071659352,82.60009037479,3,"{""geodesic"":false,""type"":""Point"",""coordinates"":[82.60009037479,19.987515071659352]}"
737,121.0,-0.5150381,0.8571673,0.25065,0.20158197,0.16655,0.0555,0.07655,0.08255,0.1959435,0.1257,0.1848,0.2114,0.21855,0.24095,0.13502987,1.5040504,328.0,1.1463526,1.4847122,0.13502987,-0.06841432,0.31433246,0.45167717,2.644283,1.3114312,1.0769732,3.2700586,1.1463526,0.6642074,3.0326679,0.0,-14.247143,-8.043431,6.2037106,19.987515071659352,82.68992190320195,3,"{""geodesic"":false,""type"":""Point"",""coordinates"":[82.68992190320195,19.987515071659352]}"
738,104.0,-0.2419219,0.9702957,0.2925,0.18733509,0.2002,0.0635,0.08125,0.0984,0.21556516,0.1353,0.1803,0.20165,0.2131,0.22975,0.031212194,1.4603095,264.0,1.3719512,1.5471698,0.031212194,-0.15704113,0.2587317,0.3682183,2.1634517,1.0639042,1.2095882,3.5955746,1.3719512,0.68421054,2.9695432,0.0,-15.861034,-9.330223,6.5308113,19.987515071659352,82.7797534316139,3,"{""geodesic"":false,""type"":""Point"",""coordinates"":[82.7797534316139,19.987515071659352]}"
739,32.0,0.8480481,0.52991927,0.2253,0.21112753,0.14675,0.05115,0.0697,0.0737,0.18061674,0.1169,0.1829,0.2068,0.21805,0.23705,0.19544956,1.5342185,319.0,1.0327756,1.4380488,0.19544956,-0.016352769,0.3394547,0.4947729,2.954607,1.4848485,1.0558739,3.2277937,1.0327756,0.65106475,3.0528455,0.0,-13.24582,-7.1906652,6.0551553,19.987515071659352,83.04924801684976,3,"{""geodesic"":false,""type"":""Point"",""coordinates"":[83.04924801684976,19.987515071659352]}"
740,69.0,0.35836795,0.9335804,0.2705,0.16544592,0.1937,0.0699,0.0898,0.1017,0.18531469,0.1399,0.18735,0.2141,0.22125,0.2401,0.06639354,1.3957689,226.0,1.2220465,1.4528571,0.06639354,-0.100152515,0.2636842,0.37018114,2.1733792,1.1416409,1.1312569,3.0088987,1.2220465,0.7158167,2.657171,0.0,-16.851591,-9.821076,7.0305142,19.987515071659352,83.13907954526171,3,"{""geodesic"":false,""type"":""Point"",""coordinates"":[83.13907954526171,19.987515071659352]}"
741,344.0,0.9612617,-0.27563736,0.172,0.1961057,0.1156,0.062,0.08255,0.08545,0.15903696,0.12245,0.17045,0.188,0.1878,0.19935,0.23796968,1.4866033,263.0,0.91538054,1.3760065,0.23796968,0.043913286,0.2389683,0.37456542,2.1952076,1.6231633,1.0338778,2.0810647,0.91538054,0.6717025,2.0105202,1.0,-17.944595,-9.024936,8.919661,19.987515071659352,83.31874260208562,3,"{""geodesic"":false,""type"":""Point"",""coordinates"":[83.31874260208562,19.987515071659352]}"
742,319.0,0.7547096,-0.656059,0.2323,0.24976462,0.13945,0.04795,0.0712,0.0648,0.14944568,0.12165,0.19835,0.2268,0.23325,0.25665,0.25167695,1.6646364,361.0,0.9955003,1.3485953,0.25167695,0.0020405971,0.35685962,0.5651736,3.5939908,1.6714439,0.9088359,3.2580645,0.9955003,0.60004306,3.5793529,1.0,-14.6925745,-7.8838143,6.8087597,19.987515071659352,83.40857413049757,3,"{""geodesic"":false,""type"":""Point"",""coordinates"":[83.40857413049757,19.987515071659352]}"
743,294.0,0.40673664,-0.9135454,0.2657,0.18062653,0.1844,0.0507,0.0671,0.0825,0.23873875,0.1199,0.1662,0.1906,0.198,0.2183,0.035564855,1.4401084,445.0,1.3412418,1.6240157,0.035564855,-0.14599957,0.2909521,0.4117647,2.3970945,1.0731708,1.2276785,3.953869,1.3412418,0.6937547,3.216707,1.0,-14.366195,-7.945534,6.4206605,19.987515071659352,83.49840565890952,3,"{""geodesic"":false,""type"":""Point"",""coordinates"":[83.49840565890952,19.987515071659352]}"
744,316.0,0.7193398,-0.6946584,0.286,0.20522545,0.1886,0.04,0.065,0.0764,0.3127148,0.1238,0.1846,0.2101,0.223,0.2411,0.083576284,1.5156332,844.0,1.2819364,1.905237,0.083576284,-0.1237721,0.32145792,0.48964596,2.9150326,1.18177,1.1735791,4.3932414,1.2819364,0.6592101,3.738562,0.0,-15.000818,-8.068046,6.932773,19.987515071659352,84.12722635779319,3,"{""geodesic"":false,""type"":""Point"",""coordinates"":[84.12722635779319,19.987515071659352]}"
745,12.0,0.9781476,0.20791169,0.2431,0.20630194,0.15995,0.03825,0.05795,0.0638,0.25036746,0.10895,0.182,0.2112,0.22015,0.2362,0.15837938,1.5189004,819.0,1.1037457,1.6636245,0.15837938,-0.049541283,0.3686803,0.5506251,3.445227,1.3755077,1.0990525,4.187769,1.1037457,0.65768915,3.8043818,0.0,-12.590507,-5.75565,6.8348565,19.987515071659352,84.21705788620514,3,"{""geodesic"":false,""type"":""Point"",""coordinates"":[84.21705788620514,19.987515071659352]}"
746,109.0,-0.32556817,0.94551855,0.2234,0.28133065,0.1253,0.04725,0.0669,0.0529,0.056415375,0.10945,0.21695,0.24655,0.25235,0.279,0.33642262,1.7814991,256.0,0.8849277,1.1172123,0.33642262,0.060851287,0.43647832,0.6533989,4.7613206,2.0123603,0.7895522,3.3343284,0.8849277,0.5606264,4.2150946,2.0,-13.480195,-6.9851737,6.495021,19.987515071659352,84.39672094302904,3,"{""geodesic"":false,""type"":""Point"",""coordinates"":[84.39672094302904,19.987515071659352]}"
747,113.0,-0.39073113,0.92050487,0.2522,0.25037184,0.1512,0.04985,0.07395,0.0701,0.16882034,0.1304,0.2052,0.2327,0.2426,0.26575,0.2320975,1.6668869,133.0,1.039143,1.4034034,0.2320975,-0.01940178,0.3416635,0.55164695,3.4558403,1.6034368,0.94665766,3.4058068,1.039143,0.59928656,3.5925925,1.0,-16.846237,-9.97844,6.8677964,19.987515071659352,84.48655247144099,3,"{""geodesic"":false,""type"":""Point"",""coordinates"":[84.48655247144099,19.987515071659352]}"
748,176.0,-0.9975641,0.06975647,0.237,0.26822743,0.13675,0.0613,0.0881,0.0759,0.106414,0.12875,0.26085,0.3019,0.3055,0.33205,0.3815715,1.7318232,136.0,0.77552354,1.2361563,0.3815715,0.12626728,0.44118923,0.60199267,4.019737,2.232371,0.8605442,2.687075,0.77552354,0.5767609,3.118421,0.0,-17.138391,-10.5804825,6.5579095,19.987515071659352,84.57638399985295,3,"{""geodesic"":false,""type"":""Point"",""coordinates"":[84.57638399985295,19.987515071659352]}"
749,187.0,-0.99254614,-0.12186934,0.2243,0.26597998,0.13005,0.04935,0.07155,0.07045,0.17612688,0.1181,0.20315,0.2391,0.25015,0.26895,0.31588638,1.7233961,128.0,0.8963037,1.4246714,0.31588638,0.05448414,0.38974294,0.5605115,3.5457122,1.922013,0.9832519,3.1304955,0.8963037,0.57954544,3.1793056,0.0,-12.641703,-5.941119,6.700583,19.987515071659352,84.6662155282649,3,"{""geodesic"":false,""type"":""Point"",""coordinates"":[84.6662155282649,19.987515071659352]}"
750,178.0,-0.99939084,0.034899496,0.2435,0.2567742,0.144,0.05575,0.07295,0.0639,0.06811534,0.11715,0.2111,0.25005,0.2547,0.2787,0.27765238,1.6897987,175.0,0.95565146,1.1441361,0.27765238,0.022480931,0.40810913,0.59887004,3.9796875,1.7675226,0.87474334,3.3333333,0.95565146,0.591133,3.8046875,0.0,-13.753685,-7.6447315,6.108954,19.987515071659352,84.75604705667685,3,"{""geodesic"":false,""type"":""Point"",""coordinates"":[84.75604705667685,19.987515071659352]}"
751,152.0,-0.88294756,0.46947157,0.2722,0.20110315,0.18105,0.0611,0.08755,0.09225,0.2031301,0.13915,0.21755,0.24105,0.2462,0.2659,0.15248683,1.5026221,143.0,1.1051563,1.507353,0.15248683,-0.05015432,0.31292433,0.45486778,2.6659448,1.3590946,1.0524814,3.1055334,1.1051563,0.66489166,2.9474823,0.0,-16.874361,-10.157296,6.717065,19.987515071659352,84.8458785850888,3,"{""geodesic"":false,""type"":""Point"",""coordinates"":[84.8458785850888,19.987515071659352]}"
752,33.0,0.83867055,0.54463905,0.24695,0.15966189,0.17895,0.07665,0.10225,0.1092,0.17514125,0.1463,0.22285,0.24855,0.2481,0.26705,0.16192484,1.3792237,162.0,0.99496377,1.4228013,0.16192484,0.0023229977,0.2921253,0.38874894,2.2698994,1.3856465,1.0669272,2.4127991,0.99496377,0.7243473,2.259378,0.0,-16.624641,-9.265809,7.358832,19.987515071659352,85.02554164191271,3,"{""geodesic"":false,""type"":""Point"",""coordinates"":[85.02554164191271,19.987515071659352]}"
753,350.0,0.9848077,-0.17364818,0.2424,0.22920893,0.152,0.0562,0.0743,0.0702,0.1107595,0.1201,0.1949,0.2228,0.2309,0.2513,0.20605902,1.5936884,152.0,1.0493506,1.2468916,0.20605902,-0.024297485,0.35325795,0.5337097,3.284495,1.5180802,0.9435484,3.2580645,1.0493506,0.6268041,3.4480796,1.0,-12.826248,-6.5376024,6.2886457,19.987515071659352,85.11537317032466,3,"{""geodesic"":false,""type"":""Point"",""coordinates"":[85.11537317032466,19.987515071659352]}"
754,347.0,0.97437006,-0.22495106,0.1942,0.30248156,0.104,0.0432,0.0615,0.048,0.05263158,0.0994,0.2119,0.2477,0.2533,0.2825,0.41785616,1.8655139,193.0,0.7663773,1.1085451,0.41785616,0.13206704,0.4794449,0.6813807,5.2661123,2.4332373,0.77922076,3.1525974,0.7663773,0.5352548,4.037422,0.0,-12.989568,-6.478989,6.5105786,19.987515071659352,85.20520469873661,3,"{""geodesic"":false,""type"":""Point"",""coordinates"":[85.20520469873661,19.987515071659352]}"
755,107.0,-0.2923717,0.9563047,0.2247,0.330373,0.1131,0.0582,0.0795,0.0635,0.043549713,0.1228,0.2629,0.3103,0.3205,0.345,0.47832105,1.9849824,170.0,0.7008734,1.0891938,0.47832105,0.17571533,0.47498932,0.6692708,5.039308,2.8312721,0.7977387,2.8228643,0.7008734,0.50311387,3.5330188,0.0,-12.166936,-6.005554,6.1613812,19.987515071659352,85.29503622714856,3,"{""geodesic"":false,""type"":""Point"",""coordinates"":[85.29503622714856,19.987515071659352]}"
756,97.0,-0.12186934,0.99254614,0.2194,0.23536035,0.1358,0.0506,0.074,0.0681,0.1474305,0.11515,0.20495,0.23785,0.24085,0.26315,0.27890614,1.6144223,86.0,0.91056234,1.3431953,0.27890614,0.046605106,0.3912239,0.55915195,3.531525,1.772259,0.91902834,2.9608636,0.91056234,0.6186788,3.2170088,0.0,-14.852351,-8.795532,6.056819,19.987515071659352,85.38486775556052,3,"{""geodesic"":false,""type"":""Point"",""coordinates"":[85.38486775556052,19.987515071659352]}"
757,132.0,-0.6691306,0.7431448,0.31415,0.123368494,0.24515,0.0868,0.11755,0.14905,0.26393893,0.17995,0.2064,0.226,0.22845,0.2501,-0.035261825,1.2809378,12.0,1.3745351,1.7151898,-0.035261825,-0.15794323,0.16312057,0.21033113,1.5316795,0.93149847,1.2668934,2.6702082,1.3745351,0.7801114,2.106269,0.0,-18.653591,-10.345033,8.308558,19.987515071659352,85.56453081238442,3,"{""geodesic"":false,""type"":""Point"",""coordinates"":[85.56453081238442,19.987515071659352]}"
758,143.0,-0.7986355,0.60181504,0.1808,0.2669937,0.1046,0.05505,0.07745,0.0634,0.07049388,0.10945,0.2121,0.2486,0.25215,0.27215,0.41359496,1.7268386,7.0,0.71674925,1.149592,0.41359496,0.16479963,0.4263627,0.59816194,3.9708662,2.4083095,0.81753707,2.3313992,0.71674925,0.57822,2.847244,0.0,-17.194195,-10.185027,7.0091677,19.987515071659352,85.65436234079637,3,"{""geodesic"":false,""type"":""Point"",""coordinates"":[85.65436234079637,19.987515071659352]}"
759,259.0,-0.190809,-0.98162717,0.24805,0.19269143,0.1679,0.06875,0.09615,0.09325,0.15123457,0.1431,0.21985,0.25,0.2512,0.27845,0.19875924,1.4764881,10.0,0.9870672,1.3543936,0.19875924,0.006309464,0.321077,0.45855713,2.690948,1.4952381,0.9688312,2.577143,0.9870672,0.6766069,2.6572042,0.0,-16.273872,-8.902686,7.3711863,19.987515071659352,85.74419386920833,3,"{""geodesic"":false,""type"":""Point"",""coordinates"":[85.74419386920833,19.987515071659352]}"
760,208.0,-0.88294756,-0.46947157,0.2422,0.15127748,0.17855,0.06485,0.0925,0.10165,0.22102103,0.13925,0.21505,0.24085,0.24435,0.26295,0.15559234,1.3557235,12.0,0.9907957,1.56505,0.15559234,0.0044188676,0.30755842,0.41242775,2.4014742,1.3677582,1.0977322,2.6155508,0.9907957,0.7368964,2.380344,0.0,-16.071568,-8.598689,7.472877,19.987515071659352,85.83402539762028,3,"{""geodesic"":false,""type"":""Point"",""coordinates"":[85.83402539762028,19.987515071659352]}"
761,152.0,-0.88294756,0.46947157,0.261,0.16961685,0.1853,0.0706,0.0976,0.0997,0.17087492,0.1441,0.2227,0.2527,0.257,0.2759,0.16210717,1.4077669,11.0,1.0151691,1.4101839,0.16210717,-0.0077220076,0.3138095,0.4409868,2.5751503,1.386192,1.0204709,2.6714432,1.0151691,0.7096898,2.6152306,0.0,-16.101297,-8.988555,7.1127424,19.987515071659352,86.01368845444418,3,"{""geodesic"":false,""type"":""Point"",""coordinates"":[86.01368845444418,19.987515071659352]}"
762,180.0,-1.0,1.2246469E-16,0.20165,0.2307927,0.126025,0.0572,0.08465,0.081533335,0.17539644,0.13363333,0.2228,0.27035,0.26696667,0.28886,0.3586378,1.5988107,9.0,0.7550549,1.4229203,0.3586378,0.13938187,0.3674062,0.5320899,3.2703145,2.1166832,0.96204525,2.3793511,0.7550549,0.62465924,2.470192,0.0,-16.982733,-9.610106,7.3726263,19.987515071659352,86.10351998285613,3,"{""geodesic"":false,""type"":""Point"",""coordinates"":[86.10351998285613,19.987515071659352]}"
763,122.0,-0.52991927,0.8480481,0.2605,0.19468012,0.1756,0.053,0.0772,0.0829,0.22001472,0.1279,0.2097,0.2411,0.2462,0.2664,0.1673779,1.4826409,9.0,1.0576533,1.5612053,0.1673779,-0.028221827,0.3512554,0.49620175,2.966265,1.4012522,1.072445,3.369987,1.0576533,0.6738296,3.1385543,0.0,-16.037373,-9.335513,6.7018585,19.987515071659352,86.19335151126809,3,"{""geodesic"":false,""type"":""Point"",""coordinates"":[86.19335151126809,19.987515071659352]}"
764,119.0,-0.4848096,0.8746197,0.2744,0.1411936,0.2065,0.0787,0.1051,0.1282,0.23924601,0.1609,0.1757,0.1961,0.2002,0.2166,-0.015490534,1.3281704,6.0,1.369945,1.6269035,-0.015490534,-0.15634218,0.14754967,0.21924482,1.5604053,0.9690223,1.2186311,2.608365,1.369945,0.75227684,2.1387374,0.0,-18.042097,-10.435834,7.6062636,19.987515071659352,86.28318303968004,3,"{""geodesic"":false,""type"":""Point"",""coordinates"":[86.28318303968004,19.987515071659352]}"
765,133.0,-0.6819984,0.7313537,0.2695,0.20420018,0.1781,0.0793,0.1082,0.1213,0.20937188,0.1633,0.2166,0.245,0.2517,0.2696,0.17124245,1.5123457,4.0,1.0702939,1.5277078,0.17124245,-0.034151956,0.24555324,0.34959784,2.0733113,1.412458,1.120037,2.488458,1.0702939,0.6606083,2.219934,0.0,-17.005758,-11.108175,5.8975835,19.987515071659352,86.37301456809199,3,"{""geodesic"":false,""type"":""Point"",""coordinates"":[86.37301456809199,19.987515071659352]}"
766,115.0,-0.42261827,0.9063078,0.0224,0.20430107,0.0148,0.0547,0.0572,0.0363,-0.2021978,0.0382,0.0319,0.0314,0.029,0.0297,0.3242009,1.5033557,0.0,0.7697595,0.66240877,0.3242009,0.12840466,-0.12518409,-0.11179173,0.7967033,1.9463087,0.63350785,0.39092496,0.7697595,0.6577778,0.61538464,0.0,-30.609428,-19.546782,11.062647,19.987515071659352,86.46284609650394,3,"{""geodesic"":false,""type"":""Point"",""coordinates"":[86.46284609650394,19.987515071659352]}"
767,0.0,1.0,0.0,0.0221,0.20108695,0.0147,0.0406,0.0372,0.0323,-0.113854595,0.0368,0.0327,0.0319,0.0284,0.0301,0.31786543,1.4932432,0.0,0.7754386,0.79361176,0.31786543,0.12475248,-0.100149475,-0.06425041,0.8765432,1.918919,0.8659517,0.5924933,0.7754386,0.6621622,0.68209875,0.0,-30.969425,-19.876524,11.092901,19.987515071659352,86.55267762491589,3,"{""geodesic"":false,""type"":""Point"",""coordinates"":[86.55267762491589,19.987515071659352]}"
768,0.0,1.0,0.0,0.0234,0.13317192,0.0179,0.0385,0.0365,0.032,-0.09219858,0.0387,0.0346,0.0332,0.029,0.0308,0.23667377,1.3,0.0,0.8041237,0.82901555,0.23667377,0.10687023,-0.11366907,-0.04918033,0.90342677,1.6111112,0.87431693,0.6393443,0.8041237,0.7617021,0.72897196,0.0,-31.403889,-19.823544,11.580345,19.987515071659352,86.64250915332785,3,"{""geodesic"":false,""type"":""Point"",""coordinates"":[86.64250915332785,19.987515071659352]}"
769,0.0,1.0,0.0,0.0283,0.078095235,0.0242,0.0485,0.0478,0.0421,-0.07064018,0.0438,0.0393,0.0367,0.0351,0.0348,0.18381113,1.1646091,0.0,0.80397725,0.86625516,0.18381113,0.10725552,-0.114503816,-0.09067357,0.83175355,1.4444444,0.8789144,0.5908142,0.80397725,0.85211265,0.6706161,0.0,-32.430405,-19.470251,12.9601555,19.987515071659352,86.7323406817398,3,"{""geodesic"":false,""type"":""Point"",""coordinates"":[86.7323406817398,19.987515071659352]}"
770,0.0,1.0,0.0,0.0309,0.14444445,0.0231,0.0478,0.0463,0.0423,-0.061043285,0.0444,0.04,0.0385,0.0351,0.036,0.20618556,1.3318965,0.0,0.87784094,0.8830898,0.20618556,0.06363636,-0.104477614,-0.093023255,0.8278302,1.512931,0.9116379,0.6659483,0.87784094,0.7451613,0.7287736,0.0,-33.087852,-19.017534,14.070316,19.987515071659352,86.82217221015175,3,"{""geodesic"":false,""type"":""Point"",""coordinates"":[86.82217221015175,19.987515071659352]}"
771,0.0,1.0,0.0,0.028,0.1691023,0.0199,0.0459,0.0443,0.0419,-0.045558088,0.0424,0.0366,0.0353,0.0321,0.0322,0.23461539,1.4,0.0,0.8695652,0.91086954,0.23461539,0.06821963,-0.13672923,-0.13243243,0.76428574,1.605,0.9436937,0.6306306,0.8695652,0.7081851,0.6666667,0.0,-33.543793,-19.959206,13.584587,19.987515071659352,86.9120037385637,3,"{""geodesic"":false,""type"":""Point"",""coordinates"":[86.9120037385637,19.987515071659352]}"
772,0.0,1.0,0.0,0.0283,0.071969695,0.0245,0.05005,0.0429,0.03855,-0.12979683,0.0422,0.0371,0.03605,0.03245,0.03285,0.13959613,1.1504065,0.0,0.8694316,0.7686939,0.13959613,0.06831276,-0.12458361,-0.08591549,0.839586,1.3191057,0.8965116,0.6581395,0.8694316,0.8626761,0.7322122,0.0,-33.65215,-20.047771,13.604378,19.987515071659352,87.00183526697566,3,"{""geodesic"":false,""type"":""Point"",""coordinates"":[87.00183526697566,19.987515071659352]}"
773,71.0,0.32556817,0.94551855,0.3204,0.14993271,0.23685,0.06715,0.09205,0.1118,0.24951103,0.15035,0.1968,0.2188,0.2289,0.24595,-0.017069243,1.352184,273.0,1.3991266,1.6624535,-0.017069243,-0.16657564,0.2412314,0.34370413,2.0455763,0.9660266,1.2132393,3.4769397,1.3991266,0.7390016,2.8632708,0.0,-17.397093,-10.579318,6.8177752,20.077346600071305,82.60009037479,3,"{""geodesic"":false,""type"":""Point"",""coordinates"":[82.60009037479,20.077346600071305]}"
774,38.0,0.7880108,0.6156615,0.3043,0.15813512,0.2212,0.06105,0.08535,0.10175,0.25,0.1413,0.18235,0.2017,0.20985,0.2294,-0.026331052,1.3750565,265.0,1.4493927,1.6639411,-0.026331052,-0.18370126,0.23765849,0.34691912,2.0603828,0.9482603,1.1907548,3.561147,1.4493927,0.72667545,2.9877272,0.0,-17.04548,-10.189745,6.8557353,20.077346600071305,82.68992190320195,3,"{""geodesic"":false,""type"":""Point"",""coordinates"":[82.68992190320195,20.077346600071305]}"
775,161.0,-0.94551855,0.32556817,0.2951,0.1717292,0.2086,0.0648,0.0919,0.10305,0.22788204,0.14625,0.19415,0.2146,0.2239,0.24185,0.03537572,1.4139913,245.0,1.3174107,1.5878274,0.03537572,-0.1371869,0.24632826,0.36962837,2.1706252,1.0728319,1.1201087,3.2076087,1.3174107,0.7066396,2.8608823,0.0,-17.399704,-10.539958,6.8597465,20.077346600071305,82.7797534316139,3,"{""geodesic"":false,""type"":""Point"",""coordinates"":[82.7797534316139,20.077346600071305]}"
776,14.0,0.9702957,0.2419219,0.2463,0.20927949,0.16105,0.0537,0.0751,0.0794,0.1930879,0.12335,0.18675,0.209,0.21725,0.23625,0.14855935,1.5283897,205.0,1.1331953,1.4758364,0.14855935,-0.06266854,0.31395996,0.46468902,2.7327044,1.3481228,1.0558511,3.275266,1.1331953,0.653612,3.0981133,0.0,-15.578106,-8.739625,6.838481,20.077346600071305,83.04924801684976,3,"{""geodesic"":false,""type"":""Point"",""coordinates"":[83.04924801684976,20.077346600071305]}"
777,325.0,0.81915206,-0.57357645,0.2677,0.16772082,0.1908,0.0688,0.0924,0.1,0.18483412,0.1412,0.1936,0.2164,0.2201,0.2399,0.071306884,1.4023049,214.0,1.215713,1.4513788,0.071306884,-0.09758098,0.25898713,0.37519526,2.1988013,1.1529597,1.081081,2.894054,1.215713,0.712472,2.6743257,0.0,-16.912876,-9.780476,7.1324,20.077346600071305,83.22891107367366,3,"{""geodesic"":false,""type"":""Point"",""coordinates"":[83.22891107367366,20.077346600071305]}"
778,323.0,0.7986355,-0.60181504,0.2677,0.18320441,0.1848,0.0609,0.0822,0.0921,0.20392157,0.1329,0.1876,0.2099,0.2176,0.2348,0.08151093,1.4478096,242.0,1.2296739,1.5098361,0.08151093,-0.10323511,0.2771281,0.40523088,2.3600867,1.1768523,1.1190765,3.252734,1.2296739,0.69006723,2.9034708,0.0,-15.859438,-9.111902,6.747535,20.077346600071305,83.31874260208562,3,"{""geodesic"":false,""type"":""Point"",""coordinates"":[83.31874260208562,20.077346600071305]}"
779,347.0,0.97437006,-0.22495106,0.2204,0.23369718,0.1369,0.0409,0.0601,0.0665,0.23836127,0.1086,0.1794,0.2102,0.2181,0.2391,0.22873239,1.6087592,408.0,1.0100825,1.6219512,0.22873239,-0.005245154,0.37532356,0.5326775,3.2747748,1.5919708,1.1046512,3.6611295,1.0100825,0.62086165,3.3093092,1.0,-16.390345,-9.511511,6.8788333,20.077346600071305,83.58823718732147,3,"{""geodesic"":false,""type"":""Point"",""coordinates"":[83.58823718732147,20.077346600071305]}"
780,268.0,-0.034899496,-0.99939084,0.20575,0.3168,0.10675,0.0312,0.05365,0.04285,0.15732613,0.1005,0.2313,0.27925,0.28995,0.31255,0.46180993,1.9255966,713.0,0.7093605,1.3690096,0.46180993,0.16986081,0.5133761,0.74248797,6.750873,2.7136173,0.7972093,3.827907,0.7093605,0.5185815,4.790454,1.0,-15.149883,-8.534251,6.6156316,20.077346600071305,83.85773177255733,3,"{""geodesic"":false,""type"":""Point"",""coordinates"":[83.85773177255733,20.077346600071305]}"
781,15.0,0.9659258,0.25881904,0.2663,0.22577676,0.1682,0.043,0.0671,0.0709,0.24495171,0.1325,0.2066,0.2403,0.2518,0.2696,0.19904763,1.5822935,719.0,1.0571655,1.6450115,0.19904763,-0.027986875,0.34095997,0.5605826,3.546479,1.4961379,1.0550596,3.9627976,1.0571655,0.6313814,3.7507043,1.0,-15.070451,-8.039816,7.030635,20.077346600071305,83.94756330096928,3,"{""geodesic"":false,""type"":""Point"",""coordinates"":[83.94756330096928,20.077346600071305]}"
782,287.0,0.2923717,-0.9563047,0.2294,0.2547518,0.13625,0.0425,0.0775,0.0641,0.20262665,0.1395,0.23765,0.26925,0.2732,0.29765,0.33447307,1.6824349,787.0,0.83937067,1.5046948,0.33447307,0.08714683,0.36177513,0.61992294,4.2554517,2.003667,0.8260309,2.9561856,0.83937067,0.59368193,3.5732088,1.0,-15.037044,-7.8378277,7.199216,20.077346600071305,84.03739482938123,3,"{""geodesic"":false,""type"":""Point"",""coordinates"":[84.03739482938123,20.077346600071305]}"
783,49.0,0.656059,0.7547096,0.25815,0.2243301,0.16355,0.04195,0.06605,0.06525,0.21735075,0.11635,0.20635,0.24765,0.26105,0.2772,0.22962789,1.5774518,800.0,0.98851234,1.5517242,0.22962789,0.0055855163,0.40871555,0.6000613,3.9946442,1.5951726,0.9863946,3.9024944,0.98851234,0.6333011,3.9502678,0.0,-13.882157,-6.9006777,6.98148,20.077346600071305,84.12722635779319,3,"{""geodesic"":false,""type"":""Point"",""coordinates"":[84.12722635779319,20.077346600071305]}"
784,330.0,0.8660254,-0.5,0.2948,0.18026224,0.20475,0.0483,0.07155,0.08905,0.2966873,0.145,0.19555,0.2209,0.2311,0.2497,0.060456578,1.4391018,715.0,1.2750865,1.839876,0.060456578,-0.12112569,0.26526475,0.44369826,2.5922601,1.1281426,1.2428472,4.114445,1.2750865,0.69430315,3.3067863,0.0,-16.15087,-8.935178,7.215692,20.077346600071305,84.21705788620514,3,"{""geodesic"":false,""type"":""Point"",""coordinates"":[84.21705788620514,20.077346600071305]}"
785,311.0,0.656059,-0.7547096,0.22895,0.27282834,0.1308,0.0375,0.06135,0.0541,0.1812227,0.11135,0.2167,0.25155,0.2636,0.2788,0.336714,1.749045,834.0,0.86822146,1.4388298,0.336714,0.07034819,0.4291939,0.6594271,4.8634686,2.013751,0.8803906,3.7257934,0.86822146,0.57105434,4.2241697,0.0,-14.128053,-7.5622106,6.565842,20.077346600071305,84.30688941461709,3,"{""geodesic"":false,""type"":""Point"",""coordinates"":[84.30688941461709,20.077346600071305]}"
786,120.0,-0.5,0.8660254,0.24845,0.22661072,0.15665,0.04285,0.0668,0.063,0.19036372,0.11495,0.2183,0.2454,0.2564,0.27125,0.24149619,1.585008,452.0,0.968616,1.4668219,0.24149619,0.015747251,0.4047126,0.60551035,4.063391,1.6357257,0.94170403,3.7137518,0.968616,0.63025546,3.937401,3.0,-13.953122,-7.5483947,6.4047275,20.077346600071305,84.39672094302904,3,"{""geodesic"":false,""type"":""Point"",""coordinates"":[84.39672094302904,20.077346600071305]}"
787,122.0,-0.52991927,0.8480481,0.26115,0.224045,0.16555,0.0527,0.07465,0.07265,0.15915437,0.1307,0.2056,0.2312,0.23935,0.2621,0.18226723,1.5765167,190.0,1.0906243,1.375947,0.18226723,-0.043556444,0.33452138,0.53429484,3.2900343,1.444914,0.97190636,3.4936454,1.0906243,0.6336842,3.5896907,1.0,-15.196798,-8.689451,6.5073476,20.077346600071305,84.48655247144099,3,"{""geodesic"":false,""type"":""Point"",""coordinates"":[84.48655247144099,20.077346600071305]}"
788,174.0,-0.9945219,0.104528464,0.3112,0.18960245,0.212,0.06995,0.0904,0.1028,0.19015919,0.15015,0.21055,0.23605,0.2436,0.2659,0.06935909,1.4672325,173.0,1.2769799,1.4675232,0.06935909,-0.12184571,0.27821174,0.4064665,2.367347,1.1485149,1.1359116,3.438674,1.2769799,0.6810151,3.0242953,0.0,-16.006123,-9.512031,6.494092,20.077346600071305,84.57638399985295,3,"{""geodesic"":false,""type"":""Point"",""coordinates"":[84.57638399985295,20.077346600071305]}"
789,180.0,-1.0,1.2246469E-16,0.21245,0.26949507,0.12225,0.0422,0.0613,0.0516,0.10021322,0.1037,0.18795,0.2188,0.2268,0.24655,0.2995273,1.7364119,181.0,0.93631554,1.2198582,0.2995273,0.032669324,0.40785155,0.62931037,4.386847,1.8536984,0.84039086,3.4600978,0.93631554,0.5751588,4.1092844,1.0,-14.05712,-7.870466,6.186654,20.077346600071305,84.6662155282649,3,"{""geodesic"":false,""type"":""Point"",""coordinates"":[84.6662155282649,20.077346600071305]}"
790,219.0,-0.777146,-0.6293204,0.26705,0.22485954,0.169,0.0552,0.0777,0.0799,0.18282753,0.13515,0.198,0.2242,0.2337,0.25205,0.16066551,1.5792431,214.0,1.1422156,1.4448463,0.16066551,-0.0666001,0.30191115,0.49043366,2.92125,1.3820225,1.0269923,3.4325192,1.1422156,0.6326034,3.338125,0.0,-15.367239,-8.734832,6.6324077,20.077346600071305,84.75604705667685,3,"{""geodesic"":false,""type"":""Point"",""coordinates"":[84.75604705667685,20.077346600071305]}"
791,138.0,-0.7431448,0.6691306,0.22745,0.2528229,0.13565,0.04905,0.06915,0.06245,0.12017937,0.11205,0.20955,0.23885,0.2463,0.2651,0.28969762,1.6755065,190.0,0.92309254,1.2706002,0.28969762,0.039788917,0.40580672,0.5954656,3.93765,1.8143647,0.90180504,3.2844765,0.92309254,0.5961327,3.636291,0.0,-14.373542,-8.518469,5.8550725,20.077346600071305,84.8458785850888,3,"{""geodesic"":false,""type"":""Point"",""coordinates"":[84.8458785850888,20.077346600071305]}"
792,291.0,0.35836795,-0.9335804,0.2783,0.14691943,0.207,0.0717,0.0959,0.1109,0.21467689,0.151,0.2052,0.2245,0.2281,0.2448,0.0484946,1.3437953,146.0,1.2195443,1.5445683,0.0484946,-0.09913112,0.23698838,0.3457227,2.054955,1.1014003,1.1552083,2.8989584,1.2195443,0.7435345,2.5072072,0.0,-17.716545,-10.479853,7.236693,20.077346600071305,84.93571011350076,3,"{""geodesic"":false,""type"":""Point"",""coordinates"":[84.93571011350076,20.077346600071305]}"
793,358.0,0.99939084,-0.034899496,0.2666,0.1476539,0.198,0.0713,0.098,0.1188,0.2498685,0.15,0.2012,0.2223,0.2282,0.2437,0.070858754,1.3457849,88.0,1.1677617,1.6638656,0.070858754,-0.07760712,0.23799847,0.31527376,1.9192599,1.1519434,1.2110091,2.7176352,1.1677617,0.7424072,2.2422204,0.0,-18.550097,-10.590043,7.9600534,20.077346600071305,85.11537317032466,3,"{""geodesic"":false,""type"":""Point"",""coordinates"":[85.11537317032466,20.077346600071305]}"
794,88.0,0.034899496,0.99939084,0.3108,0.121212125,0.2436,0.0895,0.1194,0.1428,0.22944468,0.18355,0.2205,0.24115,0.2436,0.26575,0.0,1.2753385,64.0,1.2753385,1.59375,0.0,-0.121212125,0.18295126,0.26086956,1.7046885,0.9995897,1.1949791,2.6008368,1.2753385,0.78353167,2.1749475,0.0,-17.241093,-10.021266,7.2198267,20.077346600071305,85.38486775556052,3,"{""geodesic"":false,""type"":""Point"",""coordinates"":[85.38486775556052,20.077346600071305]}"
795,153.0,-0.8910065,0.4539905,0.2792,0.18443102,0.19225,0.0743,0.1015,0.11075,0.19697379,0.1616,0.22025,0.24375,0.2478,0.2664,0.12623565,1.4515207,38.0,1.1262606,1.4885752,0.12623565,-0.059582543,0.24485981,0.382234,2.2354534,1.2882766,1.090059,2.7480314,1.1262606,0.68832797,2.518719,0.0,-15.973653,-9.5683975,6.405256,20.077346600071305,85.47469928397247,3,"{""geodesic"":false,""type"":""Point"",""coordinates"":[85.47469928397247,20.077346600071305]}"
796,152.0,-0.88294756,0.46947157,0.25955,0.11192032,0.2073,0.07015,0.0954,0.1218,0.2690805,0.1521,0.18925,0.2052,0.202,0.21765,-0.012948937,1.2514465,32.0,1.2842652,1.7338078,-0.012948937,-0.12468855,0.17728195,0.24768375,1.657096,0.9739634,1.2753927,2.717801,1.2842652,0.79838246,2.1292043,0.0,-17.238493,-8.440835,8.797658,20.077346600071305,85.56453081238442,3,"{""geodesic"":false,""type"":""Point"",""coordinates"":[85.56453081238442,20.077346600071305]}"
797,153.0,-0.8910065,0.4539905,0.2565,0.1467531,0.19085,0.06655,0.0923,0.10915,0.24245873,0.1387,0.1907,0.215,0.21615,0.2336,0.06216216,1.3432835,14.0,1.1861272,1.6376594,0.06216216,-0.08536972,0.25490198,0.32892713,1.9784898,1.1319717,1.181277,2.775974,1.1861272,0.74376464,2.347826,0.0,-20.108112,-12.076779,8.031333,20.077346600071305,85.65436234079637,3,"{""geodesic"":false,""type"":""Point"",""coordinates"":[85.65436234079637,20.077346600071305]}"
798,190.0,-0.9848077,-0.17364818,0.2512,0.18392836,0.17315,0.0661,0.0899,0.09625,0.18570988,0.14015,0.21605,0.2461,0.2499,0.2695,0.18142064,1.4499278,10.0,1.0048,1.4539275,0.18142064,-0.0025942926,0.31575736,0.4438827,2.593669,1.4424243,1.0694444,2.791111,1.0048,0.6890171,2.6071613,0.0,-16.33417,-8.867694,7.4664764,20.077346600071305,85.74419386920833,3,"{""geodesic"":false,""type"":""Point"",""coordinates"":[85.74419386920833,20.077346600071305]}"
799,227.0,-0.6819984,-0.7313537,0.2451,0.17118624,0.17345,0.07005,0.0956,0.1042,0.19598278,0.1416,0.21455,0.24215,0.24455,0.2624,0.1700957,1.4122732,13.0,1.0018394,1.4853884,0.1700957,-0.0011232513,0.2990099,0.40243727,2.3446789,1.409104,1.0888193,2.5611286,1.0018394,0.7073817,2.349952,0.0,-15.682274,-8.239419,7.4428544,20.077346600071305,85.83402539762028,3,"{""geodesic"":false,""type"":""Point"",""coordinates"":[85.83402539762028,20.077346600071305]}"
800,180.0,-1.0,1.2246469E-16,0.2972,0.16938816,0.2111,0.0792,0.1076,0.1223,0.21389578,0.1735,0.2327,0.2549,0.2628,0.2804,0.10909475,1.407197,13.0,1.1304679,1.5422447,0.10909475,-0.061428573,0.23551443,0.3648403,2.1470587,1.2443181,1.1355617,2.7595172,1.1304679,0.7100572,2.4281046,0.0,-16.622812,-9.54897,7.0738416,20.077346600071305,86.01368845444418,3,"{""geodesic"":false,""type"":""Point"",""coordinates"":[86.01368845444418,20.077346600071305]}"
801,133.0,-0.6819984,0.7313537,0.2727,0.1461595,0.20315,0.0699,0.10195,0.1163,0.24919441,0.1527,0.2198,0.2528,0.257075,0.2779,0.11717095,1.3416975,12.0,1.0603675,1.6614286,0.11717095,-0.029493652,0.2907571,0.3770338,2.208548,1.2648216,1.1396375,2.6722195,1.0603675,0.74468476,2.3427835,0.0,-16.678043,-9.501287,7.1767564,20.077346600071305,86.10351998285613,3,"{""geodesic"":false,""type"":""Point"",""coordinates"":[86.10351998285613,20.077346600071305]}"
802,119.0,-0.4848096,0.8746197,0.2988,0.15100154,0.2204,0.0617,0.0954,0.1093,0.27836257,0.1564,0.222,0.2462,0.2518,0.2748,0.066497244,1.3551021,9.0,1.186185,1.7686085,0.066497244,-0.08536142,0.27458256,0.39462754,2.3016453,1.1419501,1.1445026,3.1287959,1.186185,0.7373704,2.7312615,0.0,-17.385485,-10.013313,7.372172,20.077346600071305,86.19335151126809,3,"{""geodesic"":false,""type"":""Point"",""coordinates"":[86.19335151126809,20.077346600071305]}"
803,133.0,-0.6819984,0.7313537,0.2083,0.15818737,0.1514,0.064,0.0893,0.1021,0.22937989,0.1345,0.1687,0.1871,0.1902,0.2041,0.11358314,1.3749175,5.0,1.0945874,1.5928237,0.11358314,-0.045420326,0.20555228,0.30140266,1.8610568,1.2554456,1.1420581,2.3299775,1.0945874,0.7264875,2.0381606,0.0,-19.130598,-11.64492,7.4856772,20.077346600071305,86.37301456809199,3,"{""geodesic"":false,""type"":""Point"",""coordinates"":[86.37301456809199,20.077346600071305]}"
804,125.0,-0.57357645,0.81915206,0.0289,0.20416667,0.0191,0.0727,0.0887,0.0552,-0.13682565,0.0549,0.0362,0.0343,0.033,0.0316,0.26679462,1.5052084,1.0,0.8731118,0.7582418,0.26679462,0.06623586,-0.26936415,-0.25170067,0.596745,1.71875,0.6216216,0.32545045,0.8731118,0.6586207,0.522604,0.0,-28.355639,-18.802689,9.552951,20.077346600071305,86.46284609650394,3,"{""geodesic"":false,""type"":""Point"",""coordinates"":[86.46284609650394,20.077346600071305]}"
805,0.0,1.0,0.0,0.0237,0.089655176,0.0198,0.0466,0.0401,0.031,-0.20103092,0.0324,0.0292,0.0289,0.0264,0.0272,0.14285715,1.1909548,0.0,0.8943396,0.66381156,0.14285715,0.053892214,-0.087248325,-0.080139376,0.84887457,1.3266332,0.7711443,0.5895522,0.8943396,0.8319328,0.7620579,0.0,-31.607351,-20.103323,11.504027,20.077346600071305,86.64250915332785,3,"{""geodesic"":false,""type"":""Point"",""coordinates"":[86.64250915332785,20.077346600071305]}"
806,0.0,1.0,0.0,0.0262,0.112526536,0.0209,0.0439,0.0405,0.0369,-0.08663366,0.0389,0.0358,0.0355,0.0325,0.0345,0.21722846,1.247619,0.0,0.80368096,0.83863634,0.21722846,0.10732538,-0.059945505,-0.063400574,0.8783784,1.5476191,0.908867,0.6453202,0.80368096,0.7946768,0.7081081,0.0,-32.54829,-19.798157,12.750134,20.077346600071305,86.7323406817398,3,"{""geodesic"":false,""type"":""Point"",""coordinates"":[86.7323406817398,20.077346600071305]}"
807,0.0,1.0,0.0,0.0276,0.14049587,0.0208,0.0498,0.0458,0.0419,-0.08615049,0.0445,0.0398,0.0373,0.0339,0.0351,0.23948811,1.3205742,0.0,0.8117647,0.83967936,0.23948811,0.10243902,-0.11809045,-0.105540894,0.80714285,1.6220095,0.912854,0.6013072,0.8117647,0.75090253,0.6571429,0.0,-33.333344,-19.675915,13.657432,20.077346600071305,86.82217221015175,3,"{""geodesic"":false,""type"":""Point"",""coordinates"":[86.82217221015175,20.077346600071305]}"
808,0.0,1.0,0.0,0.0296,0.15851273,0.0215,0.0498,0.0488,0.0443,-0.05844846,0.0466,0.0412,0.0401,0.0359,0.0356,0.2508711,1.3703704,0.0,0.82222223,0.88777554,0.2508711,0.0961832,-0.13381995,-0.10473815,0.8085586,1.662037,0.90593046,0.605317,0.82222223,0.72390574,0.6666667,0.0,-33.37166,-19.903967,13.46769,20.077346600071305,86.9120037385637,3,"{""geodesic"":false,""type"":""Point"",""coordinates"":[86.9120037385637,20.077346600071305]}"
809,0.0,1.0,0.0,0.0278,0.11311311,0.02215,0.0528,0.04365,0.0387,-0.15409836,0.04205,0.03705,0.03625,0.0326,0.0318,0.19086757,1.2494382,0.0,0.8501529,0.731569,0.19086757,0.0794702,-0.13879485,-0.085553996,0.8402062,1.4651686,0.88457143,0.63542855,0.8501529,0.7939068,0.71649486,0.0,-33.562115,-19.987358,13.574756,20.077346600071305,87.00183526697566,3,"{""geodesic"":false,""type"":""Point"",""coordinates"":[87.00183526697566,20.077346600071305]}"
810,0.0,1.0,0.0,0.0323,0.052117262,0.0291,0.05195,0.04325,0.03955,-0.13551913,0.04675,0.04125,0.0402,0.034,0.0361,0.07765452,1.1061643,0.0,0.94721407,0.7598463,0.07765452,0.025641026,-0.12854557,-0.07545887,0.8575032,1.1643835,0.9123414,0.74509805,0.94721407,0.8981481,0.814628,0.0,-33.601387,-19.85907,13.742318,20.077346600071305,87.09166679538761,3,"{""geodesic"":false,""type"":""Point"",""coordinates"":[87.09166679538761,20.077346600071305]}"
811,0.0,1.0,0.0,0.0422,0.09184994,0.0351,0.0535,0.0454,0.0356,-0.20089787,0.0458,0.04,0.0403,0.0338,0.0386,-0.018867925,1.1988636,0.0,1.2448378,0.6641791,-0.018867925,-0.110526316,-0.08530806,-0.0259366,0.9467787,0.96022725,0.7824176,0.92747253,1.2448378,0.82978725,1.1820729,0.0,-33.36115,-19.512281,13.8488655,20.077346600071305,87.27132985221151,3,"{""geodesic"":false,""type"":""Point"",""coordinates"":[87.27132985221151,20.077346600071305]}"
812,0.0,1.0,0.0,0.0478,0.14354067,0.0358,0.0464,0.042,0.0339,-0.15566625,0.0423,0.0406,0.0437,0.0379,0.0423,0.028493894,1.3314763,0.0,1.2578948,0.7290323,0.028493894,-0.115519255,0.0,0.05571031,1.1147059,1.0557103,0.8052257,1.135392,1.2578948,0.7473904,1.4058824,0.0,-32.65345,-19.071194,13.582258,20.077346600071305,87.36116138062346,3,"{""geodesic"":false,""type"":""Point"",""coordinates"":[87.36116138062346,20.077346600071305]}"
813,0.0,1.0,0.0,0.0401,0.08378378,0.0339,0.0432,0.0362,0.035,-0.10485934,0.0427,0.0404,0.0429,0.0399,0.0419,0.08130081,1.1794118,0.0,1.0025,0.8083141,0.08130081,-0.0025,-0.009456265,0.06542056,1.1367521,1.1735294,0.9641873,1.1046832,1.0025,0.8432836,1.1424501,0.0,-32.079483,-18.89897,13.180514,20.077346600071305,87.45099290903542,3,"{""geodesic"":false,""type"":""Point"",""coordinates"":[87.45099290903542,20.077346600071305]}"
814,0.0,1.0,0.0,0.0404,0.10533515,0.0327,0.0466,0.0396,0.0398,-0.0787037,0.0457,0.0418,0.0418,0.0389,0.0391,0.086592175,1.2317073,0.0,1.0358975,0.8522484,0.086592175,-0.01891551,-0.07783019,-0.011435832,0.9749373,1.1859756,1.0025189,1.0176322,1.0358975,0.8074074,1.0125313,0.0,-32.390167,-18.956858,13.433308,20.077346600071305,87.54082443744737,3,"{""geodesic"":false,""type"":""Point"",""coordinates"":[87.54082443744737,20.077346600071305]}"
815,0.0,1.0,0.0,0.0514,0.0674974,0.0449,0.0544,0.054,0.0526,-0.01682243,0.0559,0.0512,0.0515,0.0507,0.0506,0.060669456,1.1422222,0.0,1.011811,0.9651376,0.060669456,-0.0068560233,-0.04976526,-0.01839303,0.96204937,1.1266667,0.9722736,0.95009243,1.011811,0.87184465,0.9753321,0.0,-33.266697,-19.044733,14.221962,20.077346600071305,87.81031902268322,3,"{""geodesic"":false,""type"":""Point"",""coordinates"":[87.81031902268322,20.077346600071305]}"
816,110.0,-0.34202015,0.9396926,0.294,0.17084827,0.2082,0.06385,0.08825,0.10005,0.22086638,0.139,0.19365,0.21595,0.22505,0.2448,0.038892094,1.4114258,273.0,1.3057961,1.5645036,0.038892094,-0.13283885,0.27566442,0.38449708,2.2471292,1.0804129,1.1324278,3.327674,1.3057961,0.70792246,2.9355967,0.0,-17.171541,-10.6891985,6.482344,20.167178128483258,82.60009037479,3,"{""geodesic"":false,""type"":""Point"",""coordinates"":[82.60009037479,20.167178128483258]}"
817,121.0,-0.5150381,0.8571673,0.2872,0.15434083,0.2104,0.0574,0.0846,0.1009,0.2747947,0.1396,0.191,0.2139,0.2199,0.2415,0.02207762,1.3643706,355.0,1.3054545,1.7547826,0.02207762,-0.13271543,0.2673839,0.37094763,2.1772277,1.0446556,1.1912633,3.390791,1.3054545,0.73233557,2.8435643,0.0,-14.763036,-8.421161,6.341875,20.167178128483258,82.7797534316139,3,"{""geodesic"":false,""type"":""Point"",""coordinates"":[82.7797534316139,20.167178128483258]}"
818,65.0,0.42261827,0.9063078,0.2399,0.16090007,0.1734,0.0644,0.0851,0.0949,0.19146265,0.1306,0.1851,0.2087,0.2122,0.2301,0.10062241,1.3827089,195.0,1.1300048,1.4713179,0.10062241,-0.06126963,0.2758525,0.38196027,2.2336843,1.2230548,1.1138498,2.8157277,1.1300048,0.7225,2.525263,0.0,-16.736807,-9.785049,6.951758,20.167178128483258,83.04924801684976,3,"{""geodesic"":false,""type"":""Point"",""coordinates"":[83.04924801684976,20.167178128483258]}"
819,2.0,0.99939084,0.034899496,0.2713,0.05708163,0.242,0.0896,0.1232,0.1529,0.26103094,0.1848,0.1963,0.2119,0.208,0.2222,-0.075555556,1.1206113,201.0,1.3037001,1.7045708,-0.075555556,-0.1320676,0.09189189,0.15267387,1.3594772,0.8591491,1.2400649,2.2003243,1.3037001,0.8916728,1.7732027,0.0,-17.602224,-10.361097,7.2411265,20.167178128483258,83.13907954526171,3,"{""geodesic"":false,""type"":""Point"",""coordinates"":[83.13907954526171,20.167178128483258]}"
820,330.0,0.8660254,-0.5,0.2376,0.14838086,0.1762,0.0649,0.086,0.0935,0.18055555,0.1299,0.1736,0.1929,0.1973,0.2104,0.056492638,1.3477027,194.0,1.2036474,1.4384615,0.056492638,-0.09266498,0.23655598,0.35694635,2.1079059,1.1191151,1.0859466,2.7595818,1.2036474,0.7412705,2.5384614,0.0,-15.925064,-9.435574,6.4894905,20.167178128483258,83.22891107367366,3,"{""geodesic"":false,""type"":""Point"",""coordinates"":[83.22891107367366,20.167178128483258]}"
821,317.0,0.7313537,-0.6819984,0.2814,0.1296668,0.2168,0.0717,0.0973,0.1115,0.2172489,0.1509,0.2072,0.2309,0.2342,0.2524,0.03858093,1.2973721,210.0,1.2010243,1.5529248,0.03858093,-0.09154383,0.2516737,0.354932,2.0985663,1.0797603,1.1447638,2.889117,1.2010243,0.77015984,2.5215054,0.0,-16.731045,-9.707088,7.023957,20.167178128483258,83.40857413049757,3,"{""geodesic"":false,""type"":""Point"",""coordinates"":[83.40857413049757,20.167178128483258]}"
822,266.0,-0.06975647,-0.9975641,0.1963,0.26808786,0.1133,0.0385,0.0581,0.0538,0.16576381,0.0994,0.1837,0.2121,0.2196,0.2404,0.3193151,1.7310406,359.0,0.89349115,1.3937824,0.3193151,0.056023084,0.41494998,0.60643744,4.0742116,1.9365079,0.9243986,3.3728523,0.89349115,0.5768839,3.6419294,1.0,-13.5149975,-5.9449673,7.57003,20.167178128483258,83.67806871573343,3,"{""geodesic"":false,""type"":""Point"",""coordinates"":[83.67806871573343,20.167178128483258]}"
823,344.0,0.9612617,-0.27563736,0.2578,0.2100446,0.1683,0.0404,0.0616,0.0711,0.27533633,0.1213,0.1882,0.2167,0.2312,0.2379,0.1574468,1.5308789,667.0,1.1145698,1.7555555,0.1574468,-0.054396726,0.32461023,0.52960634,3.247191,1.3729216,1.1523501,4.178282,1.1145698,0.65257853,3.6207864,0.0,-14.733431,-7.386012,7.3474183,20.167178128483258,83.85773177255733,3,"{""geodesic"":false,""type"":""Point"",""coordinates"":[83.85773177255733,20.167178128483258]}"
824,11.0,0.98162717,0.190809,0.3879,0.13970913,0.2928,0.0952,0.1236,0.1616,0.25856698,0.1994,0.2289,0.2488,0.2594,0.2834,-0.060485333,1.3243427,594.0,1.4947977,1.6956978,-0.060485333,-0.19851692,0.1739851,0.23230404,1.6042054,0.8856265,1.3063865,3.1358125,1.4947977,0.75463915,2.398887,1.0,-18.307825,-10.324963,7.9828625,20.167178128483258,83.94756330096928,3,"{""geodesic"":false,""type"":""Point"",""coordinates"":[83.94756330096928,20.167178128483258]}"
825,286.0,0.27563736,-0.9612617,0.2538,0.21989906,0.1623,0.0455,0.06445,0.07135,0.22122379,0.122,0.19475,0.22685,0.23735,0.25745,0.18778932,1.5628079,683.0,1.0688566,1.564693,0.18778932,-0.033492822,0.35696402,0.5377389,3.3219035,1.4615148,1.1053447,3.931836,1.0688566,0.63922805,3.5521343,1.0,-12.556225,-5.0875254,7.4686995,20.167178128483258,84.03739482938123,3,"{""geodesic"":false,""type"":""Point"",""coordinates"":[84.03739482938123,20.167178128483258]}"
826,56.0,0.5591929,0.82903755,0.27995,0.2031804,0.1854,0.04855,0.0751,0.08165,0.25422427,0.1316,0.20555,0.2374,0.2493,0.27015,0.14699793,1.5091645,756.0,1.122494,1.6783144,0.14699793,-0.05791214,0.34486622,0.506572,3.0495412,1.3439353,1.0857713,3.7227395,1.122494,0.6620246,3.424465,0.0,-14.479719,-7.837704,6.6420155,20.167178128483258,84.21705788620514,3,"{""geodesic"":false,""type"":""Point"",""coordinates"":[84.21705788620514,20.167178128483258]}"
827,112.0,-0.37460658,0.92718387,0.21265,0.28800726,0.11755,0.0348,0.05835,0.04615,0.14021,0.10355,0.20685,0.23865,0.2551,0.26605,0.36911312,1.8074799,625.0,0.83326805,1.3223495,0.36911312,0.09075361,0.4396645,0.69360995,5.5156755,2.1682959,0.7895637,3.6381524,0.83326805,0.5525264,4.597838,1.0,-13.752627,-7.1640625,6.5885653,20.167178128483258,84.39672094302904,3,"{""geodesic"":false,""type"":""Point"",""coordinates"":[84.39672094302904,20.167178128483258]}"
828,120.0,-0.5,0.8660254,0.21405,0.28442845,0.11925,0.04305,0.06345,0.0513,0.08744038,0.10995,0.2085,0.24385,0.2515,0.27,0.35670936,1.7934645,322.0,0.85075516,1.188876,0.35670936,0.08044249,0.42123964,0.6611625,4.8929963,2.1072476,0.8072384,3.368214,0.85075516,0.5568527,4.164397,2.0,-13.066085,-6.1092114,6.9568734,20.167178128483258,84.48655247144099,3,"{""geodesic"":false,""type"":""Point"",""coordinates"":[84.48655247144099,20.167178128483258]}"
829,208.0,-0.88294756,-0.46947157,0.2944,0.19286872,0.1992,0.0604,0.08345,0.09285,0.21174552,0.1431,0.20645,0.2359,0.24345,0.26355,0.099966116,1.4771701,221.0,1.2087867,1.5347108,0.099966116,-0.094729014,0.29620066,0.44781446,2.6191502,1.2215253,1.1113106,3.5236385,1.2087867,0.67640066,3.1672943,0.0,-16.023056,-9.435548,6.5875087,20.167178128483258,84.57638399985295,3,"{""geodesic"":false,""type"":""Point"",""coordinates"":[84.57638399985295,20.167178128483258]}"
830,137.0,-0.7313537,0.6819984,0.3062,0.1663651,0.21885,0.07335,0.0991,0.11765,0.23193717,0.15975,0.2093,0.2308,0.2365,0.25755,0.038761392,1.3984928,224.0,1.2941674,1.6017699,0.038761392,-0.12843192,0.23436376,0.33559227,2.0084925,1.0801553,1.185988,3.0866935,1.2941674,0.7144956,2.6004245,0.0,-16.446753,-9.8175125,6.6292415,20.167178128483258,84.8458785850888,3,"{""geodesic"":false,""type"":""Point"",""coordinates"":[84.8458785850888,20.167178128483258]}"
831,26.0,0.89879405,0.43837115,0.2512,0.17547965,0.1762,0.0669,0.0874,0.093,0.16322702,0.1419,0.2075,0.2346,0.239,0.2584,0.1512524,1.424844,155.0,1.0506065,1.3880597,0.1512524,-0.0248878,0.29103172,0.43975905,2.5671322,1.3556437,1.0628572,2.8708572,1.0506065,0.701154,2.698174,0.0,-16.395176,-9.510619,6.8845563,20.167178128483258,85.02554164191271,3,"{""geodesic"":false,""type"":""Point"",""coordinates"":[85.02554164191271,20.167178128483258]}"
832,198.0,-0.95105654,-0.309017,0.2795,0.1487875,0.2071,0.0743,0.1043,0.1148,0.2141724,0.1601,0.2194,0.2426,0.2465,0.2645,0.08686067,1.3489382,76.0,1.1334144,1.5430107,0.08686067,-0.06273764,0.24587847,0.36451703,2.1453438,1.1896719,1.0996169,2.6772032,1.1334144,0.740701,2.43255,0.0,-16.614872,-9.003161,7.6117105,20.167178128483258,85.11537317032466,3,"{""geodesic"":false,""type"":""Point"",""coordinates"":[85.11537317032466,20.167178128483258]}"
833,318.0,0.7431448,-0.6691306,0.25625,0.12773682,0.1982,0.07885,0.101,0.12135,0.21228771,0.1503,0.1961,0.2137,0.2164,0.23295,0.043897733,1.292234,127.0,1.1836028,1.5370488,0.043897733,-0.08431186,0.21565558,0.28142115,1.7818033,1.0912758,1.2002968,2.534619,1.1836028,0.7731617,2.1099217,0.0,-18.21928,-10.041835,8.177444,20.167178128483258,85.20520469873661,3,"{""geodesic"":false,""type"":""Point"",""coordinates"":[85.20520469873661,20.167178128483258]}"
834,86.0,0.06975647,0.9975641,0.2808,0.15496144,0.20545,0.0822,0.10785,0.12485,0.2059889,0.16345,0.20795,0.2278,0.23155,0.25085,0.0597254,1.366091,82.0,1.2121736,1.5170109,0.0597254,-0.09612569,0.21095824,0.29938272,1.8531413,1.1264899,1.156554,2.6012042,1.2121736,0.73139906,2.247299,0.0,-17.715776,-9.632294,8.083482,20.167178128483258,85.38486775556052,3,"{""geodesic"":false,""type"":""Point"",""coordinates"":[85.38486775556052,20.167178128483258]}"
835,217.0,-0.7986355,-0.60181504,0.328,0.12569712,0.25475,0.0892,0.12495,0.1491,0.2513638,0.191,0.23,0.24915,0.2557,0.27295,0.001861103,1.2870315,54.0,1.2822517,1.6696528,0.001861103,-0.123865,0.17663541,0.2633399,1.713807,1.0033352,1.1923231,2.6229508,1.2822517,0.7764401,2.1983914,0.0,-16.886604,-10.508289,6.3783145,20.167178128483258,85.47469928397247,3,"{""geodesic"":false,""type"":""Point"",""coordinates"":[85.47469928397247,20.167178128483258]}"
836,162.0,-0.95105654,0.309017,0.2925,0.13438046,0.2232,0.0769,0.10485,0.12525,0.23917882,0.16305,0.20245,0.2198,0.22435,0.2412,0.0025695453,1.309897,60.0,1.3031856,1.6266234,0.0025695453,-0.13185644,0.19332096,0.28346682,1.7897886,1.0047022,1.1934254,2.7870414,1.3031856,0.76281613,2.3334663,0.0,-18.398018,-10.543709,7.8543086,20.167178128483258,85.56453081238442,3,"{""geodesic"":false,""type"":""Point"",""coordinates"":[85.56453081238442,20.167178128483258]}"
837,138.0,-0.7431448,0.6691306,0.259,0.16758706,0.18465,0.07205,0.0967,0.10405,0.18171494,0.1486,0.2156,0.23925,0.24045,0.26225,0.13126323,1.4018945,16.0,1.0766993,1.4421345,0.13126323,-0.037140854,0.27662164,0.39593613,2.3086894,1.3014885,1.0748967,2.6756198,1.0766993,0.7126592,2.4867978,0.0,-18.004793,-10.196134,7.8086596,20.167178128483258,85.74419386920833,3,"{""geodesic"":false,""type"":""Point"",""coordinates"":[85.74419386920833,20.167178128483258]}"
838,171.0,-0.98768836,0.15643446,0.2548,0.14349826,0.19085,0.0703,0.0975,0.108,0.2114414,0.14425,0.21095,0.2297,0.23235,0.24915,0.09806238,1.3343807,15.0,1.0961497,1.5340909,0.09806238,-0.046084367,0.26664972,0.3653592,2.1493988,1.2168107,1.1065574,2.6106558,1.0961497,0.748725,2.357077,0.0,-16.451315,-8.923731,7.527584,20.167178128483258,85.83402539762028,3,"{""geodesic"":false,""type"":""Point"",""coordinates"":[85.83402539762028,20.167178128483258]}"
839,180.0,-1.0,1.2246469E-16,0.20305,0.21350665,0.1316,0.06595,0.0901,0.0945,0.17793705,0.13055,0.2141,0.23685,0.24425,0.25975,0.29972064,1.5417616,15.0,0.8309801,1.4307343,0.29972064,0.092108205,0.33102742,0.44206643,2.581924,1.8545938,1.0476718,2.2511086,0.8309801,0.64779717,2.146406,0.0,-16.603344,-9.137966,7.465378,20.167178128483258,85.92385692603223,3,"{""geodesic"":false,""type"":""Point"",""coordinates"":[85.92385692603223,20.167178128483258]}"
840,133.0,-0.6819984,0.7313537,0.2678,0.2076663,0.1757,0.06065,0.087683335,0.09225,0.20667103,0.13912857,0.22823334,0.262,0.2641,0.2902,0.20100045,1.523322,13.0,1.0136261,1.5185186,0.20100045,-0.006956195,0.35187835,0.4822506,2.8597727,1.5022753,1.0508828,3.050693,1.0136261,0.6558417,2.8998375,0.0,-16.041492,-8.889518,7.151974,20.167178128483258,86.10351998285613,3,"{""geodesic"":false,""type"":""Point"",""coordinates"":[86.10351998285613,20.167178128483258]}"
841,133.0,-0.6819984,0.7313537,0.2865,0.19225967,0.1941,0.0616,0.0937,0.113,0.29438716,0.1555,0.2203,0.2442,0.2525,0.2687,0.13076578,1.4752833,12.0,1.1342043,1.8314425,0.13076578,-0.063079774,0.26685527,0.38166896,2.2325375,1.300206,1.2046908,3.054371,1.1342043,0.6772505,2.5331564,0.0,-16.581415,-9.450912,7.130502,20.167178128483258,86.19335151126809,3,"{""geodesic"":false,""type"":""Point"",""coordinates"":[86.19335151126809,20.167178128483258]}"
842,127.0,-0.60181504,0.7986355,0.1665,0.15947075,0.1207,0.0717,0.1011,0.1057,0.19165727,0.1376,0.1506,0.1569,0.1558,0.1664,0.12694395,1.3783113,3.0,1.0679923,1.4721448,0.12694395,-0.033198882,0.094736844,0.191587,1.4725899,1.2897351,1.0444664,1.6452569,1.0679923,0.7244898,1.573724,0.0,-19.81139,-12.043701,7.7676897,20.167178128483258,86.46284609650394,3,"{""geodesic"":false,""type"":""Point"",""coordinates"":[86.46284609650394,20.167178128483258]}"
843,141.0,-0.777146,0.6293204,0.0252,0.11013216,0.0202,0.0564,0.066,0.0432,-0.13253012,0.0445,0.0379,0.0372,0.033,0.0352,0.24060151,1.2413793,0.0,0.7613293,0.76460177,0.24060151,0.13402061,-0.11668758,-0.13385826,0.7621247,1.6256157,0.6535552,0.38124055,0.7613293,0.798419,0.5819861,0.0,-30.413542,-20.568218,9.845324,20.167178128483258,86.55267762491589,3,"{""geodesic"":false,""type"":""Point"",""coordinates"":[86.55267762491589,20.167178128483258]}"
844,180.0,-1.0,1.2246469E-16,0.023,0.11380145,0.0183,0.0573,0.0544,0.0474,-0.09455588,0.0489,0.042,0.0394,0.0366,0.0368,0.33333334,1.25,0.0,0.626703,0.82578397,0.33333334,0.22818792,-0.1411902,-0.12857144,0.7705263,1.9891304,0.86972475,0.42201835,0.626703,0.7922078,0.48421052,0.0,-31.835535,-20.203867,11.631668,20.167178128483258,86.64250915332785,3,"{""geodesic"":false,""type"":""Point"",""coordinates"":[86.64250915332785,20.167178128483258]}"
845,0.0,1.0,0.0,0.0278,0.15833333,0.0202,0.0473,0.0471,0.0345,-0.15647922,0.0382,0.0347,0.0362,0.0295,0.0335,0.18712273,1.3694581,0.0,0.9391892,0.7278481,0.18712273,0.029668411,-0.06555091,-0.078125,0.8526012,1.453202,0.7309322,0.58898306,0.9391892,0.72401434,0.8034682,0.0,-32.15915,-18.88407,13.275082,20.167178128483258,86.7323406817398,3,"{""geodesic"":false,""type"":""Point"",""coordinates"":[86.7323406817398,20.167178128483258]}"
846,0.0,1.0,0.0,0.0254,0.20379147,0.0168,0.0431,0.0388,0.0363,-0.085642315,0.0426,0.0385,0.0374,0.0322,0.0353,0.31428573,1.5029585,0.0,0.7863777,0.8402778,0.31428573,0.11805555,-0.093709886,-0.059854016,0.88461536,1.9053254,0.933162,0.6529563,0.7863777,0.65882355,0.6978022,0.0,-32.93991,-19.505865,13.434043,20.167178128483258,86.82217221015175,3,"{""geodesic"":false,""type"":""Point"",""coordinates"":[86.82217221015175,20.167178128483258]}"
847,0.0,1.0,0.0,0.0228,0.060465116,0.0202,0.0411,0.0383,0.0362,-0.06338939,0.0429,0.0383,0.0374,0.0324,0.0335,0.23193917,1.1231527,0.0,0.70153844,0.8786408,0.23193917,0.17391305,-0.12303665,-0.055393588,0.892562,1.5960591,0.9427083,0.59375,0.70153844,0.88209605,0.6280992,0.0,-33.62326,-19.946606,13.676655,20.167178128483258,86.9120037385637,3,"{""geodesic"":false,""type"":""Point"",""coordinates"":[86.9120037385637,20.167178128483258]}"
848,0.0,1.0,0.0,0.0271,0.09939148,0.0222,0.0514,0.04215,0.03845,-0.1441291,0.04275,0.0368,0.03615,0.03215,0.03175,0.18307267,1.2152467,0.0,0.8403101,0.74660194,0.18307267,0.085232064,-0.147651,-0.08923513,0.8339818,1.441704,0.91005915,0.6414201,0.8403101,0.8161765,0.70298314,0.0,-33.749516,-19.88024,13.869276,20.167178128483258,87.00183526697566,3,"{""geodesic"":false,""type"":""Point"",""coordinates"":[87.00183526697566,20.167178128483258]}"
849,0.0,1.0,0.0,0.03375,0.08086469,0.0287,0.0522,0.04575,0.0439,-0.08636837,0.04865,0.04445,0.044,0.0401,0.0409,0.16569768,1.171875,0.0,0.8395522,0.83938813,0.16569768,0.0859851,-0.08654383,-0.045238096,0.91136366,1.3923612,0.95747,0.73609596,0.8395522,0.8478582,0.76704544,0.0,-33.669964,-19.790617,13.879347,20.167178128483258,87.09166679538761,3,"{""geodesic"":false,""type"":""Point"",""coordinates"":[87.09166679538761,20.167178128483258]}"
850,0.0,1.0,0.0,0.0421,0.0407911,0.0388,0.0597,0.0521,0.0444,-0.14697406,0.0565,0.0507,0.0495,0.037,0.0434,-0.023746701,1.0822622,0.0,1.1347709,0.7424749,-0.023746701,-0.06447535,-0.13113113,-0.09090909,0.83146065,0.9511568,0.85057473,0.8065134,1.1347709,0.91943127,0.9460674,0.0,-33.69618,-20.027317,13.668861,20.167178128483258,87.18149832379956,3,"{""geodesic"":false,""type"":""Point"",""coordinates"":[87.18149832379956,20.167178128483258]}"
851,0.0,1.0,0.0,0.041,0.078947365,0.035,0.0541,0.0481,0.0471,-0.06916996,0.0534,0.0481,0.0471,0.0386,0.0452,0.048913043,1.1680912,0.0,1.0594316,0.8690037,0.048913043,-0.030150754,-0.0831643,-0.099183194,0.8177966,1.0997151,0.9771784,0.8506224,1.0594316,0.8515815,0.86864406,0.0,-33.294468,-19.375113,13.919357,20.167178128483258,87.27132985221151,3,"{""geodesic"":false,""type"":""Point"",""coordinates"":[87.27132985221151,20.167178128483258]}"
852,0.0,1.0,0.0,0.0397,0.072972976,0.0343,0.045,0.0506,0.0486,0.03846154,0.0547,0.0495,0.0485,0.0425,0.0461,0.106770836,1.1540698,0.0,0.9319249,1.0776054,0.106770836,0.03406326,-0.08531746,-0.06695939,0.87268996,1.2354652,0.9585799,0.7830375,0.9319249,0.8618091,0.8151951,0.0,-32.272095,-19.374264,12.89783,20.167178128483258,87.45099290903542,3,"{""geodesic"":false,""type"":""Point"",""coordinates"":[87.45099290903542,20.167178128483258]}"
853,0.0,1.0,0.0,0.0444,0.19034852,0.0302,0.0403,0.036,0.039,-0.016393442,0.045,0.0426,0.0451,0.0419,0.0449,0.16227461,1.4653466,0.0,1.0571429,0.9653465,0.16227461,-0.028968714,-0.001112347,0.035846725,1.0716113,1.3828382,1.0803324,1.2299169,1.0571429,0.6786517,1.1355499,0.0,-32.49169,-18.933004,13.558688,20.167178128483258,87.54082443744737,3,"{""geodesic"":false,""type"":""Point"",""coordinates"":[87.54082443744737,20.167178128483258]}"
854,0.0,1.0,0.0,0.0409,0.09798658,0.0336,0.0438,0.0417,0.0426,-0.013888889,0.0469,0.0425,0.043,0.0403,0.0399,0.09066306,1.2136499,0.0,1.0123762,0.9703872,0.09066306,-0.0073891627,-0.08064516,-0.02774427,0.9437939,1.1958457,1.0191388,0.9784689,1.0123762,0.8195122,0.95784545,0.0,-32.93116,-18.918894,14.012267,20.167178128483258,87.63065596585932,3,"{""geodesic"":false,""type"":""Point"",""coordinates"":[87.63065596585932,20.167178128483258]}"
855,0.0,1.0,0.0,0.044,0.22222222,0.028,0.04,0.0354,0.0364,-0.04712042,0.0424,0.0362,0.0377,0.0304,0.0374,0.04109589,1.5658363,0.0,1.4426229,0.9077307,0.04109589,-0.1827957,-0.06265664,-0.08982036,0.83287674,1.0818505,1.0253521,1.2394366,1.4426229,0.63492066,1.2054795,0.0,-31.56763,-18.102652,13.464979,20.167178128483258,87.81031902268322,3,"{""geodesic"":false,""type"":""Point"",""coordinates"":[87.81031902268322,20.167178128483258]}"
856,0.0,1.0,0.0,0.0418,0.18079096,0.029,0.0506,0.0488,0.0474,-0.03265306,0.0533,0.0494,0.0489,0.0463,0.0479,0.22974768,1.4364262,0.0,0.9008621,0.93491125,0.22974768,0.05107832,-0.053359684,-0.011739595,0.97473687,1.5910653,0.9693251,0.8548057,0.9008621,0.6921241,0.88,0.0,-31.343933,-17.51387,13.830062,20.167178128483258,87.90015055109518,3,"{""geodesic"":false,""type"":""Point"",""coordinates"":[87.90015055109518,20.167178128483258]}"
857,113.0,-0.39073113,0.92050487,0.33,0.17521368,0.2316,0.0691,0.0932,0.11,0.22836404,0.1507,0.2024,0.2256,0.2337,0.2549,0.004513217,1.4242555,351.0,1.4114628,1.5895953,0.004513217,-0.17083555,0.25690335,0.35990688,2.1226158,1.0086318,1.1789925,3.5369775,1.4114628,0.70160556,2.997275,1.0,-18.189404,-11.04891,7.1404943,20.25700965689521,82.60009037479,3,"{""geodesic"":false,""type"":""Point"",""coordinates"":[82.60009037479,20.25700965689521]}"
858,30.0,0.8660254,0.5,0.2681,0.22531992,0.1695,0.0613,0.0855,0.088,0.17883456,0.1499,0.2397,0.2754,0.2793,0.3059,0.2446524,1.5807784,255.0,0.95955616,1.4332248,0.2446524,0.020460358,0.34225538,0.52082765,3.1702611,1.646816,1.0280374,3.1320093,0.95955616,0.631991,3.0431328,0.0,-14.754894,-7.832988,6.9219065,20.25700965689521,82.68992190320195,3,"{""geodesic"":false,""type"":""Point"",""coordinates"":[82.68992190320195,20.25700965689521]}"
859,50.0,0.64278764,0.76604444,0.2876,0.14126985,0.2164,0.0687,0.0993,0.1229,0.282881,0.1622,0.2108,0.2347,0.2382,0.2526,0.047954246,1.3284065,240.0,1.2068821,1.7863373,0.047954246,-0.093952075,0.21793635,0.31930214,1.9365853,1.1002309,1.2364185,2.8933601,1.2068821,0.7521724,2.3382113,0.0,-16.990126,-10.576717,6.4134088,20.25700965689521,82.7797534316139,3,"{""geodesic"":false,""type"":""Point"",""coordinates"":[82.7797534316139,20.25700965689521]}"
860,169.0,-0.98162717,0.190809,0.28685,0.16748066,0.20455,0.06465,0.0887,0.10405,0.23355068,0.1442,0.1929,0.2146,0.2199,0.23745,0.036164448,1.4016614,226.0,1.3038636,1.6069498,0.036164448,-0.13211642,0.24433382,0.3576169,2.1113777,1.0745175,1.1717342,3.2302928,1.3038636,0.712842,2.7542007,0.0,-17.383972,-10.8508415,6.53313,20.25700965689521,82.95941648843781,3,"{""geodesic"":false,""type"":""Point"",""coordinates"":[82.95941648843781,20.25700965689521]}"
861,166.0,-0.9702957,0.2419219,0.3159,0.1338837,0.2413,0.0598,0.0907,0.1172,0.3242938,0.1542,0.2012,0.2238,0.231,0.2506,-0.021808174,1.3086164,214.0,1.3669407,1.9565943,-0.021808174,-0.15523861,0.2381423,0.32682365,1.9693094,0.956918,1.290749,3.479075,1.3669407,0.7636076,2.6930947,0.0,-18.440563,-11.156161,7.284403,20.25700965689521,83.04924801684976,3,"{""geodesic"":false,""type"":""Point"",""coordinates"":[83.04924801684976,20.25700965689521]}"
862,173.0,-0.99254614,0.12186934,0.354,0.14119923,0.2664,0.0835,0.1124,0.1411,0.25645593,0.1804,0.2154,0.2373,0.2441,0.2666,-0.043682665,1.3283302,208.0,1.4496315,1.6877991,-0.043682665,-0.18374854,0.19284116,0.26739356,1.7287536,0.9159475,1.2542223,3.1466668,1.4496315,0.7523298,2.5070822,0.0,-17.47457,-10.33871,7.135859,20.25700965689521,83.13907954526171,3,"{""geodesic"":false,""type"":""Point"",""coordinates"":[83.13907954526171,20.25700965689521]}"
863,165.0,-0.9659258,0.25881904,0.24675,0.18458953,0.16985,0.06695,0.0912,0.09555,0.176,0.13885,0.18985,0.2123,0.2196,0.23215,0.12774426,1.4518976,208.0,1.1231225,1.425056,0.12774426,-0.058218077,0.2514825,0.39362207,2.2958703,1.2921448,1.0465498,2.7026286,1.1231225,0.6880697,2.5797176,0.0,-17.36171,-10.153284,7.208426,20.25700965689521,83.22891107367366,3,"{""geodesic"":false,""type"":""Point"",""coordinates"":[83.22891107367366,20.25700965689521]}"
864,279.0,0.15643446,-0.98768836,0.3095,0.158959,0.2246,0.0721,0.0996,0.1152,0.23011212,0.1547,0.1955,0.2197,0.2279,0.2478,0.007292818,1.377392,209.0,1.3574561,1.5955678,0.007292818,-0.1518422,0.23130435,0.32847565,1.9765829,1.0142412,1.1554664,3.104313,1.3574561,0.7254522,2.6843019,0.0,-16.889692,-9.601179,7.2885127,20.25700965689521,83.49840565890952,3,"{""geodesic"":false,""type"":""Point"",""coordinates"":[83.49840565890952,20.25700965689521]}"
865,280.0,0.17364818,-0.9848077,0.2244,0.2432133,0.1366,0.0502,0.0748,0.0734,0.18770227,0.1222,0.1963,0.2255,0.2334,0.2542,0.26162162,1.6415509,282.0,0.96102786,1.4592445,0.26162162,0.01965924,0.35069075,0.5215124,3.1755102,1.7073884,0.9799733,2.9959946,0.96102786,0.6084632,3.0530612,1.0,-15.596038,-8.436109,7.1599293,20.25700965689521,83.58823718732147,3,"{""geodesic"":false,""type"":""Point"",""coordinates"":[83.58823718732147,20.25700965689521]}"
866,0.0,1.0,0.0,0.2395,0.20868029,0.1568,0.0412,0.0638,0.0733,0.28034934,0.1224,0.1977,0.2285,0.2353,0.2549,0.20020403,1.5264499,630.0,1.0174172,1.7748184,0.20020403,-0.008845829,0.35117942,0.5249514,3.205722,1.4996814,1.1471049,3.7480438,1.0174172,0.654424,3.2629428,1.0,-15.013349,-7.401435,7.611914,20.25700965689521,83.76790024414538,3,"{""geodesic"":false,""type"":""Point"",""coordinates"":[83.76790024414538,20.25700965689521]}"
867,232.0,-0.6156615,-0.7880108,0.2918,0.15244865,0.2146,0.0555,0.0849,0.1059,0.31226766,0.1527,0.2035,0.2325,0.2416,0.2612,0.05918457,1.3591057,617.0,1.2072817,1.9046763,0.05918457,-0.09411324,0.2621406,0.3905036,2.2792454,1.1252911,1.2458824,3.4329412,1.2072817,0.7351833,2.7528303,1.0,-16.820253,-9.300778,7.5194755,20.25700965689521,83.94756330096928,3,"{""geodesic"":false,""type"":""Point"",""coordinates"":[83.94756330096928,20.25700965689521]}"
868,37.0,0.7986355,0.60181504,0.268,0.18243988,0.1853,0.0434,0.067,0.0787,0.2891073,0.1299,0.1901,0.2197,0.23,0.2486,0.10763304,1.4455231,743.0,1.164711,1.8091954,0.10763304,-0.07630522,0.31360635,0.49011984,2.9187818,1.240561,1.1728764,3.9940388,1.164711,0.69116,3.4010153,0.0,-16.304102,-9.142869,7.1612334,20.25700965689521,84.12722635779319,3,"{""geodesic"":false,""type"":""Point"",""coordinates"":[84.12722635779319,20.25700965689521]}"
869,86.0,0.06975647,0.9975641,0.23945,0.24876142,0.14405,0.0381,0.06395,0.06315,0.2474074,0.1266,0.2096,0.2399,0.2517,0.268,0.27201515,1.6611168,463.0,0.9509531,1.6531414,0.27201515,0.024941463,0.35833755,0.5988566,3.9794466,1.7460978,0.9859485,3.7384856,0.9509531,0.6013358,3.7857707,1.0,-14.408644,-7.7116585,6.696985,20.25700965689521,84.39672094302904,3,"{""geodesic"":false,""type"":""Point"",""coordinates"":[84.39672094302904,20.25700965689521]}"
870,37.0,0.7986355,0.60181504,0.33705,0.16354536,0.2423,0.0769,0.10085,0.11925,0.21590619,0.16605,0.2345,0.26325,0.26865,0.2948,0.051570605,1.3904703,313.0,1.2541395,1.5487013,0.051570605,-0.11292719,0.27937508,0.38515082,2.2509427,1.1082921,1.1812779,3.3387816,1.2541395,0.7186712,2.8240469,0.0,-14.891703,-8.195205,6.6964984,20.25700965689521,84.48655247144099,3,"{""geodesic"":false,""type"":""Point"",""coordinates"":[84.48655247144099,20.25700965689521]}"
871,251.0,-0.32556817,-0.94551855,0.3081,0.16715598,0.21985,0.0692,0.09475,0.1094,0.22508399,0.1525,0.20745,0.2314,0.2391,0.25825,0.041943565,1.4007729,387.0,1.2880435,1.5786436,0.041943565,-0.12609649,0.2574559,0.37216642,2.1835616,1.0870652,1.1534001,3.2482867,1.2880435,0.7133355,2.8136985,1.0,-15.057432,-8.263316,6.7941165,20.25700965689521,84.57638399985295,3,"{""geodesic"":false,""type"":""Point"",""coordinates"":[84.57638399985295,20.25700965689521]}"
872,5.0,0.9961947,0.087155744,0.20685,0.24739936,0.1248,0.0417,0.0632,0.0544,0.132154,0.10935,0.20535,0.2377,0.24805,0.26705,0.33056188,1.656125,453.0,0.8335684,1.3014354,0.33056188,0.090569355,0.41896918,0.6402711,4.5513763,1.9859887,0.8593997,3.2677724,0.8335684,0.6030442,3.7954128,1.0,-13.225649,-6.3196816,6.905967,20.25700965689521,84.6662155282649,3,"{""geodesic"":false,""type"":""Point"",""coordinates"":[84.6662155282649,20.25700965689521]}"
873,79.0,0.190809,0.98162717,0.244,0.24505676,0.14795,0.04775,0.0697,0.0665,0.16411379,0.12235,0.19545,0.22405,0.23525,0.2529,0.22781837,1.6480919,211.0,1.0367538,1.3897597,0.22781837,-0.018257694,0.3479014,0.5592378,3.5322824,1.5889902,0.9527221,3.495702,1.0367538,0.6061041,3.6636636,1.0,-15.460692,-8.592919,6.8677726,20.25700965689521,84.75604705667685,3,"{""geodesic"":false,""type"":""Point"",""coordinates"":[84.75604705667685,20.25700965689521]}"
874,25.0,0.9063078,0.42261827,0.26335,0.22374535,0.16705,0.06615,0.09575,0.0842,0.12005321,0.1492,0.2379,0.26765,0.2759,0.29705,0.24573879,1.575531,181.0,0.95416665,1.2709434,0.24573879,0.023273064,0.33131653,0.53235215,3.272835,1.6506132,0.87845594,2.747522,0.95416665,0.6340862,3.123962,0.0,-15.350899,-9.600935,5.7499638,20.25700965689521,84.8458785850888,3,"{""geodesic"":false,""type"":""Point"",""coordinates"":[84.8458785850888,20.25700965689521]}"
875,33.0,0.83867055,0.54463905,0.2619,0.17076442,0.1855,0.0665,0.0805,0.0907,0.15394402,0.1339,0.1836,0.2118,0.217,0.24,0.07826087,1.4110992,166.0,1.2063565,1.3618618,0.07826087,-0.09375653,0.2837657,0.41046473,2.3898678,1.169181,1.1253102,3.2493796,1.2063565,0.70801526,2.8843613,0.0,-13.955596,-7.478742,6.4768534,20.25700965689521,84.93571011350076,3,"{""geodesic"":false,""type"":""Point"",""coordinates"":[84.93571011350076,20.25700965689521]}"
876,80.0,0.17364818,0.9848077,0.215,0.26619554,0.1246,0.0454,0.0697,0.066,0.18491921,0.117,0.2044,0.2386,0.2457,0.2657,0.32703215,1.7241379,130.0,0.8746949,1.4505495,0.32703215,0.066637725,0.388555,0.57651585,3.7170954,1.9703288,0.9455587,3.0802293,0.8746949,0.5792655,3.2526474,1.0,-11.649838,-5.2454333,6.4044056,20.25700965689521,85.11537317032466,3,"{""geodesic"":false,""type"":""Point"",""coordinates"":[85.11537317032466,20.25700965689521]}"
877,12.0,0.9781476,0.20791169,0.294,0.120960824,0.23055,0.08255,0.10835,0.1289,0.21920076,0.16245,0.19455,0.21575,0.2193,0.23745,-0.025008336,1.2746586,76.0,1.3400183,1.5595887,-0.025008336,-0.14552893,0.1875469,0.2596209,1.7,0.95079124,1.1885662,2.7109268,1.3400183,0.783917,2.2790697,0.0,-17.631851,-10.357245,7.2746058,20.25700965689521,85.29503622714856,3,"{""geodesic"":false,""type"":""Point"",""coordinates"":[85.29503622714856,20.25700965689521]}"
878,93.0,-0.052335955,0.9986295,0.31935,0.12954284,0.2461,0.08805,0.1127,0.1391,0.22474135,0.17145,0.2045,0.2285,0.2304,0.2522,-0.032948583,1.2971162,54.0,1.3854663,1.5779921,-0.032948583,-0.16180082,0.19060545,0.24709067,1.6551725,0.9358245,1.2331561,2.831117,1.3854663,0.7703866,2.294181,0.0,-19.940857,-12.007594,7.9332633,20.25700965689521,85.47469928397247,3,"{""geodesic"":false,""type"":""Point"",""coordinates"":[85.47469928397247,20.25700965689521]}"
879,285.0,0.25881904,-0.9659258,0.354,0.09631465,0.2918,0.09365,0.1255,0.15265,0.23954527,0.1955,0.22655,0.24495,0.2507,0.2719,-0.07576037,1.2127441,52.0,1.4114833,1.6282667,-0.07576037,-0.1708285,0.16345742,0.24308912,1.6412438,0.8588558,1.2153662,2.8184714,1.4114833,0.824061,2.3175123,0.0,-20.727364,-12.70262,8.024744,20.25700965689521,85.56453081238442,3,"{""geodesic"":false,""type"":""Point"",""coordinates"":[85.56453081238442,20.25700965689521]}"
880,189.0,-0.98768836,-0.15643446,0.24785,0.1867369,0.16985,0.05875,0.082,0.0868,0.19271728,0.13365,0.20465,0.2289,0.23465,0.2498,0.16019778,1.4583701,104.0,1.055804,1.4749362,0.16019778,-0.027357513,0.30290782,0.4599471,2.7002301,1.3807002,1.0572473,3.0188794,1.055804,0.68501717,2.852129,0.0,-15.600846,-8.659772,6.9410744,20.25700965689521,85.65436234079637,3,"{""geodesic"":false,""type"":""Point"",""coordinates"":[85.65436234079637,20.25700965689521]}"
881,100.0,-0.17364818,0.9848077,0.21045,0.113197565,0.16765,0.08455,0.1051,0.1124,0.14140645,0.14245,0.19015,0.20895,0.2094,0.22085,0.11072802,1.2545455,36.0,1.0045346,1.3278204,0.11072802,-0.002500893,0.21579961,0.30142945,1.8613334,1.2482861,1.068441,2.0004752,1.0045346,0.7962479,1.8706666,0.0,-13.183932,-5.940523,7.243409,20.25700965689521,85.83402539762028,3,"{""geodesic"":false,""type"":""Point"",""coordinates"":[85.83402539762028,20.25700965689521]}"
882,105.0,-0.25881904,0.9659258,0.2722,0.18309247,0.18795,0.0726,0.09885,0.1014,0.16551724,0.15395,0.2303,0.2556,0.25845,0.28015,0.1579301,1.4474874,21.0,1.0527945,1.394773,0.1579301,-0.025911618,0.29071644,0.43643185,2.5463054,1.3743685,1.02476,2.7508843,1.0527945,0.6902314,2.6817734,0.0,-16.370094,-8.874448,7.4956455,20.25700965689521,85.92385692603223,3,"{""geodesic"":false,""type"":""Point"",""coordinates"":[85.92385692603223,20.25700965689521]}"
883,115.0,-0.42261827,0.9063078,0.2502,0.17630465,0.1752,0.07,0.0928,0.1052,0.20091324,0.1437,0.2076,0.2347,0.2341,0.2546,0.14390422,1.4272676,18.0,1.0683177,1.5007132,0.14390422,-0.033243857,0.27843335,0.3798998,2.223172,1.335425,1.1324004,2.6932185,1.0683177,0.69996005,2.3760684,0.0,-17.218096,-9.757665,7.460432,20.25700965689521,86.01368845444418,3,"{""geodesic"":false,""type"":""Point"",""coordinates"":[86.01368845444418,20.25700965689521]}"
884,90.0,6.123234E-17,1.0,0.27533334,0.19344759,0.186075,0.06358334,0.09318182,0.103225,0.237648,0.1500111,0.23815,0.26525,0.26806667,0.28655,0.18054205,1.4788953,16.0,1.0267247,1.6209108,0.18054205,-0.013372593,0.31276008,0.44396812,2.5944028,1.4398639,1.1065929,2.9516292,1.0267247,0.6755718,2.664731,0.0,-16.48122,-8.984628,7.496592,20.25700965689521,86.10351998285613,3,"{""geodesic"":false,""type"":""Point"",""coordinates"":[86.10351998285613,20.25700965689521]}"
885,90.0,6.123234E-17,1.0,0.2585,0.17740834,0.1806,0.0588,0.0883,0.0926,0.22324967,0.1435,0.2191,0.2452,0.2484,0.2673,0.15804195,1.4305478,13.0,1.0402415,1.5721562,0.15804195,-0.019925034,0.3013632,0.4568915,2.6796117,1.3746542,1.0475113,2.9242082,1.0402415,0.6983759,2.7885652,0.0,-15.946432,-8.696763,7.249669,20.25700965689521,86.19335151126809,3,"{""geodesic"":false,""type"":""Point"",""coordinates"":[86.19335151126809,20.25700965689521]}"
886,103.0,-0.22495106,0.97437006,0.2704,0.15877438,0.1963,0.0591,0.0901,0.103,0.27082047,0.1529,0.2093,0.2282,0.2381,0.2521,0.09622468,1.3767821,11.0,1.1351805,1.7398648,0.09622468,-0.063520156,0.24493827,0.39607152,2.3094084,1.2123218,1.1419069,2.9977827,1.1351805,0.72569317,2.6226964,0.0,-16.487122,-9.316453,7.1706696,20.25700965689521,86.28318303968004,3,"{""geodesic"":false,""type"":""Point"",""coordinates"":[86.28318303968004,20.25700965689521]}"
887,103.0,-0.22495106,0.97437006,0.3201,0.15789473,0.2328,0.0776,0.1112,0.1263,0.23884258,0.1734,0.2332,0.2555,0.2624,0.2824,0.05977383,1.3744097,6.0,1.2194285,1.6254827,0.05977383,-0.0990558,0.23913997,0.3501415,2.0759494,1.1266638,1.1347709,2.876011,1.2194285,0.7270456,2.5324366,0.0,-17.684572,-10.613249,7.0713234,20.25700965689521,86.46284609650394,3,"{""geodesic"":false,""type"":""Point"",""coordinates"":[86.46284609650394,20.25700965689521]}"
888,145.0,-0.81915206,0.57357645,0.2443,0.14856605,0.1811,0.0657,0.101,0.1131,0.26510066,0.1536,0.2077,0.2353,0.2376,0.2527,0.13494149,1.3482339,4.0,1.0277661,1.718845,0.13494149,-0.013903299,0.24390844,0.35500428,2.09894,1.3112583,1.1186943,2.4164193,1.0277661,0.7409984,2.1581273,0.0,-16.007196,-3.5447354,12.462461,20.25700965689521,86.64250915332785,3,"{""geodesic"":false,""type"":""Point"",""coordinates"":[86.64250915332785,20.25700965689521]}"
889,133.0,-0.6819984,0.7313537,0.0279,0.1552795,0.0204,0.069,0.0747,0.0472,-0.18760757,0.0498,0.042,0.0413,0.0361,0.036,0.2778761,1.3609756,2.0,0.7707182,0.68306804,0.2778761,0.128125,-0.16083916,-0.1332533,0.7632135,1.7609756,0.631016,0.37299466,0.7707182,0.7285714,0.58985204,0.0,-31.323772,-19.604612,11.71916,20.25700965689521,86.7323406817398,3,"{""geodesic"":false,""type"":""Point"",""coordinates"":[86.7323406817398,20.25700965689521]}"
890,0.0,1.0,0.0,0.0267,0.274463,0.0152,0.0534,0.0593,0.0386,-0.16086957,0.042,0.0344,0.0325,0.0298,0.033,0.32444444,1.745098,0.0,0.8929766,0.72149533,0.32444444,0.054867256,-0.12,-0.12865497,0.77002585,1.9477124,0.64983165,0.44949496,0.8929766,0.5671642,0.68992245,0.0,-32.919098,-19.678373,13.240723,20.25700965689521,86.82217221015175,3,"{""geodesic"":false,""type"":""Point"",""coordinates"":[86.82217221015175,20.25700965689521]}"
891,0.0,1.0,0.0,0.0301,0.102564104,0.0245,0.0494,0.0468,0.0384,-0.12528473,0.0428,0.0383,0.0371,0.0339,0.0352,0.1609589,1.2235773,0.0,0.88529414,0.77575755,0.1609589,0.059375,-0.0974359,-0.062240664,0.8805195,1.3780488,0.8187633,0.64179105,0.88529414,0.81125826,0.7818182,0.0,-33.358288,-20.029558,13.328731,20.25700965689521,86.9120037385637,3,"{""geodesic"":false,""type"":""Point"",""coordinates"":[86.9120037385637,20.25700965689521]}"
892,0.0,1.0,0.0,0.037,0.04964539,0.0335,0.059,0.0541,0.0446,-0.13899614,0.0502,0.0457,0.0441,0.0397,0.0416,0.08469945,1.1011904,0.0,0.9296482,0.75465316,0.08469945,0.035202086,-0.09368192,-0.05812574,0.8881432,1.1815476,0.82287824,0.6826568,0.9296482,0.90296495,0.8277405,0.0,-33.428722,-19.821848,13.606874,20.25700965689521,87.18149832379956,3,"{""geodesic"":false,""type"":""Point"",""coordinates"":[87.18149832379956,20.25700965689521]}"
893,0.0,1.0,0.0,0.0446,0.042056076,0.041,0.0595,0.0525,0.0455,-0.13333334,0.052,0.0468,0.0457,0.0407,0.0437,-0.0036719707,1.0851581,0.0,1.0931373,0.76342285,-0.0036719707,-0.045720983,-0.08672936,-0.055684455,0.89254385,0.99026763,0.865019,0.84790874,1.0931373,0.91722596,0.9780702,0.0,-33.145485,-19.50388,13.641606,20.25700965689521,87.27132985221151,3,"{""geodesic"":false,""type"":""Point"",""coordinates"":[87.27132985221151,20.25700965689521]}"
894,0.0,1.0,0.0,0.0435,0.14173229,0.0327,0.0502,0.0475,0.0469,-0.03398558,0.0518,0.0479,0.0486,0.043,0.0456,0.13606341,1.3262196,0.0,1.0092808,0.9324056,0.13606341,-0.0057803467,-0.06365503,-0.043381535,0.9148936,1.3109756,0.9852941,0.91386557,1.0092808,0.75,0.9255319,0.0,-32.28748,-18.316992,13.970488,20.25700965689521,87.72048749427127,3,"{""geodesic"":false,""type"":""Point"",""coordinates"":[87.72048749427127,20.25700965689521]}"
895,0.0,1.0,0.0,0.0471,0.095348835,0.0389,0.0542,0.0519,0.0472,-0.06903353,0.0527,0.0485,0.0485,0.0448,0.0446,0.070489846,1.2076923,0.0,1.0489978,0.86924493,0.070489846,-0.025027204,-0.083247684,-0.026086956,0.9471459,1.148718,0.9076923,0.9057692,1.0489978,0.8241525,0.99577165,0.0,-31.474203,-17.441645,14.032559,20.25700965689521,87.90015055109518,3,"{""geodesic"":false,""type"":""Point"",""coordinates"":[87.90015055109518,20.25700965689521]}"
896,91.0,-0.017452406,0.9998477,0.2398,0.1877167,0.164,0.0524,0.0698,0.0794,0.20485584,0.1206,0.1712,0.1963,0.2002,0.2196,0.09939594,1.4613041,416.0,1.1972042,1.512381,0.09939594,-0.09,0.29100528,0.4320458,2.518239,1.2199879,1.1359085,3.4306152,1.1972042,0.6836182,3.0163522,1.0,-12.833273,-6.5744877,6.2587852,20.346841185307163,82.60009037479,3,"{""geodesic"":false,""type"":""Point"",""coordinates"":[82.60009037479,20.346841185307163]}"
897,176.0,-0.9975641,0.06975647,0.2771,0.20583116,0.1825,0.0663,0.0915,0.1023,0.21352313,0.1485,0.2056,0.2267,0.2376,0.2567,0.13115925,1.5175246,267.0,1.1657552,1.5406626,0.13115925,-0.07674374,0.26702863,0.39805827,2.3203125,1.3012048,1.1168122,3.025109,1.1657552,0.6583694,2.7060547,0.0,-16.97443,-10.448331,6.5260987,20.346841185307163,82.68992190320195,3,"{""geodesic"":false,""type"":""Point"",""coordinates"":[82.68992190320195,20.346841185307163]}"
898,168.0,-0.9781476,0.20791169,0.25265,0.2074074,0.16585,0.05455,0.07765,0.08295,0.20654546,0.12655,0.20175,0.231,0.23865,0.255,0.17997527,1.5224465,254.0,1.0582199,1.5178409,0.17997527,-0.028495828,0.3366531,0.4841418,2.8735702,1.4380838,1.0668811,3.2495177,1.0582199,0.656182,3.0421433,0.0,-16.613525,-9.86649,6.747035,20.346841185307163,82.7797534316139,3,"{""geodesic"":false,""type"":""Point"",""coordinates"":[82.7797534316139,20.346841185307163]}"
899,173.0,-0.99254614,0.12186934,0.2859,0.16207702,0.20615,0.06355,0.0896,0.10325,0.23800959,0.14295,0.1939,0.2181,0.22525,0.24435,0.044274457,1.3861818,245.0,1.2686931,1.6221524,0.044274457,-0.11865401,0.26181254,0.3713851,2.1794872,1.0921212,1.151059,3.187291,1.2686931,0.7208042,2.766328,0.0,-17.074207,-10.443264,6.6309447,20.346841185307163,82.86958496002586,3,"{""geodesic"":false,""type"":""Point"",""coordinates"":[82.86958496002586,20.346841185307163]}"
900,182.0,-0.99939084,-0.034899496,0.3015,0.17475161,0.2118,0.0621,0.08845,0.10445,0.254278,0.1485,0.2063,0.23095,0.2367,0.25785,0.055518396,1.422841,246.0,1.2732264,1.6792605,0.055518396,-0.12040134,0.269103,0.3876594,2.2639885,1.1170363,1.1795596,3.404856,1.2732264,0.70225465,2.8837876,0.0,-16.529097,-10.034658,6.494438,20.346841185307163,82.95941648843781,3,"{""geodesic"":false,""type"":""Point"",""coordinates"":[82.95941648843781,20.346841185307163]}"
901,173.0,-0.99254614,0.12186934,0.31045,0.16316973,0.22335,0.0698,0.09585,0.1159,0.24824986,0.15365,0.2016,0.2245,0.23175,0.2502,0.018457482,1.3893489,248.0,1.3390123,1.658083,0.018457482,-0.1451494,0.23907392,0.33323744,1.9978448,1.0371448,1.2079208,3.2355394,1.3390123,0.7192079,2.6762931,0.0,-17.126482,-10.2983675,6.828115,20.346841185307163,83.04924801684976,3,"{""geodesic"":false,""type"":""Point"",""coordinates"":[83.04924801684976,20.346841185307163]}"
902,117.0,-0.4539905,0.8910065,0.2059,0.26493627,0.11965,0.0507,0.07275,0.06865,0.15039799,0.12205,0.1987,0.2265,0.23395,0.25515,0.3232466,1.7194154,254.0,0.8797265,1.351378,0.3232466,0.06377174,0.3528632,0.5462657,3.402909,1.9536535,0.9423473,2.8263555,0.8797265,0.58082527,2.994909,0.0,-11.515343,-4.209874,7.3054686,20.346841185307163,83.22891107367366,3,"{""geodesic"":false,""type"":""Point"",""coordinates"":[83.22891107367366,20.346841185307163]}"
903,92.0,-0.034899496,0.99939084,0.2631,0.18969026,0.1792,0.05925,0.07945,0.08785,0.19442557,0.1295,0.17715,0.19865,0.20445,0.2248,0.065815195,1.4673731,197.0,1.2862381,1.4802022,0.065815195,-0.12544113,0.2689811,0.39890525,2.3246162,1.1402677,1.1043369,3.307354,1.2862381,0.68085104,2.9914725,0.0,-16.677526,-9.9091,6.768427,20.346841185307163,83.31874260208562,3,"{""geodesic"":false,""type"":""Point"",""coordinates"":[83.31874260208562,20.346841185307163]}"
904,315.0,0.70710677,-0.70710677,0.23565,0.17957702,0.1639,0.0667,0.08815,0.09395,0.1696234,0.13625,0.2047,0.2348,0.23725,0.25485,0.1828493,1.4368902,168.0,0.9928376,1.4064372,0.1828493,0.0033833792,0.30324724,0.43266907,2.5225945,1.4466463,1.0645893,2.670255,0.9928376,0.695228,2.505582,0.0,-16.749262,-9.694813,7.054449,20.346841185307163,83.40857413049757,3,"{""geodesic"":false,""type"":""Point"",""coordinates"":[83.40857413049757,20.346841185307163]}"
905,305.0,0.57357645,-0.81915206,0.2886,0.19280843,0.1953,0.0757,0.1023,0.1092,0.18117902,0.1559,0.2108,0.2322,0.238,0.259,0.09854604,1.4769703,186.0,1.2120957,1.4406333,0.09854604,-0.09608811,0.24849361,0.37096775,2.177493,1.2180144,1.0664062,2.8183594,1.2120957,0.67648077,2.6404393,0.0,-17.551485,-10.377015,7.17447,20.346841185307163,83.49840565890952,3,"{""geodesic"":false,""type"":""Point"",""coordinates"":[83.49840565890952,20.346841185307163]}"
906,319.0,0.7547096,-0.656059,0.2095,0.25825825,0.1235,0.0479,0.069,0.063,0.1361587,0.1176,0.1933,0.2259,0.233,0.2537,0.30715287,1.6949838,423.0,0.8987559,1.3125,0.30715287,0.053107344,0.36654997,0.5743243,3.6925516,1.8851132,0.9117221,3.031838,0.8987559,0.58921754,3.3201268,1.0,-14.599016,-8.307812,6.291205,20.346841185307163,83.76790024414538,3,"{""geodesic"":false,""type"":""Point"",""coordinates"":[83.76790024414538,20.346841185307163]}"
907,285.0,0.25881904,-0.9659258,0.2447,0.18241121,0.1692,0.0511,0.0703,0.0872,0.26102674,0.1266,0.1799,0.2043,0.2165,0.2269,0.12263417,1.4453633,504.0,1.1297323,1.703125,0.12263417,-0.06114484,0.28373408,0.4257491,2.4799542,1.278795,1.2386364,3.4758523,1.1297323,0.6911765,2.8029783,1.0,-15.1318445,-7.9320335,7.199811,20.346841185307163,83.85773177255733,3,"{""geodesic"":false,""type"":""Point"",""coordinates"":[83.85773177255733,20.346841185307163]}"
908,346.0,0.9702957,-0.2419219,0.2869,0.18897638,0.1957,0.0467,0.0728,0.0787,0.2551834,0.1361,0.1999,0.2238,0.2323,0.2532,0.08551402,1.4652706,714.0,1.2345095,1.6816239,0.08551402,-0.105161786,0.3007963,0.49389067,2.9479694,1.1864147,1.079561,3.935528,1.2345095,0.68188155,3.640863,0.0,-16.977629,-9.665054,7.312574,20.346841185307163,84.03739482938123,3,"{""geodesic"":false,""type"":""Point"",""coordinates"":[84.03739482938123,20.346841185307163]}"
909,30.0,0.8660254,0.5,0.24295,0.23215418,0.1514,0.0446,0.0679,0.069,0.21478873,0.12605,0.21085,0.2436,0.2513,0.27485,0.24807549,1.6036303,628.0,0.9663882,1.5436242,0.24807549,0.016894285,0.3711649,0.5691539,3.6367583,1.6587459,1.0147059,3.5727942,0.9663882,0.6229171,3.515919,0.0,-15.262285,-7.8854065,7.3768787,20.346841185307163,84.21705788620514,3,"{""geodesic"":false,""type"":""Point"",""coordinates"":[84.21705788620514,20.346841185307163]}"
910,355.0,0.9961947,-0.087155744,0.1975,0.30492237,0.1052,0.03985,0.06715,0.04935,0.10650224,0.11945,0.23575,0.2724,0.2861,0.2976,0.46230513,1.8755935,663.0,0.6900769,1.2352941,0.46230513,0.18320927,0.427167,0.70576835,5.785642,2.716999,0.733829,2.9368029,0.6900769,0.5323887,3.9939332,0.0,-14.878854,-8.421785,6.457068,20.346841185307163,84.30688941461709,3,"{""geodesic"":false,""type"":""Point"",""coordinates"":[84.30688941461709,20.346841185307163]}"
911,309.0,0.6293204,-0.777146,0.23625,0.22330096,0.15,0.05225,0.07865,0.07025,0.14693877,0.12845,0.2123,0.24215,0.2502,0.2691,0.25037482,1.5739506,234.0,0.9438674,1.3419293,0.25037482,0.02867715,0.35379198,0.5615541,3.5565033,1.6668887,0.8920635,3.0,0.9438674,0.634652,3.358209,0.0,-16.389343,-10.356646,6.0326967,20.346841185307163,84.6662155282649,3,"{""geodesic"":false,""type"":""Point"",""coordinates"":[84.6662155282649,20.346841185307163]}"
912,96.0,-0.104528464,0.9945219,0.2826,0.19366421,0.1909,0.0597,0.0822,0.09085,0.206908,0.13575,0.19415,0.2199,0.22935,0.2469,0.09149316,1.4795811,172.0,1.2316409,1.5192307,0.09149316,-0.10401406,0.29047433,0.43254218,2.5217152,1.2007854,1.1038883,3.4337788,1.2316409,0.67527413,3.1072018,1.0,-15.36347,-8.926499,6.4369707,20.346841185307163,84.75604705667685,3,"{""geodesic"":false,""type"":""Point"",""coordinates"":[84.75604705667685,20.346841185307163]}"
913,70.0,0.34202015,0.9396926,0.26345,0.17323536,0.18565,0.0682,0.09555,0.10725,0.22257054,0.1469,0.19595,0.2189,0.21965,0.2385,0.08388848,1.4183042,142.0,1.1988623,1.5702782,0.08388848,-0.09066446,0.23767515,0.34383604,2.0461109,1.1825033,1.1212754,2.7543125,1.1988623,0.7044204,2.454122,0.0,-15.79203,-8.952335,6.839695,20.346841185307163,84.8458785850888,3,"{""geodesic"":false,""type"":""Point"",""coordinates"":[84.8458785850888,20.346841185307163]}"
914,80.0,0.17364818,0.9848077,0.2833,0.15232866,0.2084,0.0779,0.0983,0.1082,0.16281569,0.1478,0.2041,0.2274,0.2318,0.2508,0.053157657,1.358753,138.0,1.2216473,1.3871795,0.053157657,-0.099980585,0.2584044,0.3635294,2.1403508,1.1117506,1.0995935,2.879065,1.2216473,0.7353564,2.615882,0.0,-16.900131,-9.767927,7.1322045,20.346841185307163,84.93571011350076,3,"{""geodesic"":false,""type"":""Point"",""coordinates"":[84.93571011350076,20.346841185307163]}"
915,351.0,0.98768836,-0.15643446,0.2844,0.17544948,0.1995,0.0769,0.0957,0.1049,0.1540154,0.1515,0.2088,0.2322,0.2371,0.2604,0.08612002,1.4248497,101.0,1.1989882,1.3623377,0.08612002,-0.0906999,0.26438457,0.3865497,2.2580953,1.1878757,1.0949895,2.9686847,1.1989882,0.7012302,2.7085714,0.0,-16.9092,-9.950654,6.9585466,20.346841185307163,85.02554164191271,3,"{""geodesic"":false,""type"":""Point"",""coordinates"":[85.02554164191271,20.346841185307163]}"
916,154.0,-0.89879405,0.43837115,0.31235,0.02300827,0.2983,0.111,0.15455,0.1952,0.27498367,0.22085,0.21755,0.2322,0.22255,0.23235,-0.14543535,1.0467494,60.0,1.4028745,1.7569757,-0.14543535,-0.16788185,0.025375111,0.06546978,1.1395289,0.745811,1.262205,2.019722,1.4028745,0.95471275,1.5993344,0.0,-16.16743,-9.788216,6.3792143,20.346841185307163,85.29503622714856,3,"{""geodesic"":false,""type"":""Point"",""coordinates"":[85.29503622714856,20.346841185307163]}"
917,35.0,0.81915206,0.57357645,0.17785,0.2699036,0.10225,0.0605,0.0811,0.06965,0.07030349,0.11605,0.22825,0.2748,0.281,0.3062,0.46640575,1.7376648,46.0,0.632693,1.1493399,0.46640575,0.22480114,0.45032564,0.6027378,4.0286736,2.7454813,0.85775864,2.190271,0.632693,0.5745996,2.549821,0.0,-18.195368,-11.402469,6.7928987,20.346841185307163,85.47469928397247,3,"{""geodesic"":false,""type"":""Point"",""coordinates"":[85.47469928397247,20.346841185307163]}"
918,281.0,0.190809,-0.98162717,0.1825,0.25192934,0.10905,0.06235,0.0835,0.0762,0.09996391,0.1168,0.2097,0.2495,0.24915,0.2695,0.39112228,1.672011,38.0,0.73219657,1.2201761,0.39112228,0.1544075,0.39528865,0.5315814,3.2653997,2.2826385,0.9114832,2.1830144,0.73219657,0.597207,2.391874,0.0,-16.687113,-10.572321,6.114793,20.346841185307163,85.56453081238442,3,"{""geodesic"":false,""type"":""Point"",""coordinates"":[85.56453081238442,20.346841185307163]}"
919,75.0,0.25881904,0.9659258,0.25035,0.1195081,0.1969,0.08475,0.10735,0.12395,0.18782942,0.1604,0.2125,0.2327,0.23425,0.24715,0.08662878,1.2708122,27.0,1.0682739,1.4608132,0.08662878,-0.033223275,0.21285732,0.30792853,1.8883514,1.1890863,1.1535598,2.329921,1.0682739,0.78618485,2.018138,0.0,-15.179694,-5.8129797,9.3667145,20.346841185307163,85.83402539762028,3,"{""geodesic"":false,""type"":""Point"",""coordinates"":[85.83402539762028,20.346841185307163]}"
920,125.0,-0.57357645,0.81915206,0.32445,0.19272126,0.2196,0.0804,0.10725,0.12215,0.20612195,0.17385,0.2533,0.284,0.2894,0.316,0.13713163,1.4767865,20.0,1.1207254,1.5173913,0.13713163,-0.05709864,0.29019088,0.4063905,2.3672802,1.3172508,1.1378667,3.0223567,1.1207254,0.6766292,2.6539876,0.0,-17.316618,-10.089903,7.2267156,20.346841185307163,86.01368845444418,3,"{""geodesic"":false,""type"":""Point"",""coordinates"":[86.01368845444418,20.346841185307163]}"
921,103.0,-0.22495106,0.97437006,0.2564,0.16731164,0.1829,0.0637,0.0937,0.1062,0.25014713,0.1526,0.2065,0.2186,0.2225,0.2374,0.0976813,1.4010929,13.0,1.1518419,1.6645768,0.0976813,-0.07078722,0.2174359,0.35381806,2.0931327,1.215847,1.1321962,2.7334754,1.1518419,0.71306044,2.4120414,0.0,-16.466858,-8.840648,7.6262107,20.346841185307163,86.19335151126809,3,"{""geodesic"":false,""type"":""Point"",""coordinates"":[86.19335151126809,20.346841185307163]}"
922,107.0,-0.2923717,0.9563047,0.2647,0.14353602,0.19825,0.06725,0.1026,0.11585,0.26542872,0.15865,0.214,0.23705,0.2384,0.2508,0.091950074,1.3345097,9.0,1.1098533,1.7201188,0.091950074,-0.05227589,0.225058,0.34594214,2.0560586,1.2019159,1.1280428,2.57741,1.1098533,0.74867827,2.2828805,0.0,-17.61656,-10.0864935,7.5300665,20.346841185307163,86.37301456809199,3,"{""geodesic"":false,""type"":""Point"",""coordinates"":[86.37301456809199,20.346841185307163]}"
923,90.0,6.123234E-17,1.0,0.3354,0.15178572,0.247,0.0772,0.1183,0.1447,0.30419108,0.1907,0.2318,0.251,0.255,0.2818,0.015936255,1.3573452,6.0,1.3147786,1.8719275,0.015936255,-0.13617887,0.19280423,0.27595696,1.7610497,1.0319709,1.2221284,2.8327703,1.3147786,0.7362146,2.3162982,0.0,-18.551714,-11.455037,7.096677,20.346841185307163,86.46284609650394,3,"{""geodesic"":false,""type"":""Point"",""coordinates"":[86.46284609650394,20.346841185307163]}"
924,115.0,-0.42261827,0.9063078,0.2832,0.16639209,0.2024,0.074,0.0978,0.1176,0.2275574,0.1542,0.2155,0.2385,0.243,0.2704,0.09115402,1.3985186,5.0,1.1649526,1.5870445,0.09115402,-0.07639681,0.27366933,0.34775373,2.064571,1.2,1.2012258,2.8927476,1.1649526,0.714437,2.4061172,0.0,-17.74067,-11.053041,6.687628,20.346841185307163,86.55267762491589,3,"{""geodesic"":false,""type"":""Point"",""coordinates"":[86.55267762491589,20.346841185307163]}"
925,133.0,-0.6819984,0.7313537,0.2999,0.14487498,0.224,0.0812,0.108,0.1287,0.22629824,0.1635,0.2041,0.2252,0.2286,0.2531,0.0101635,1.3382418,4.0,1.3113248,1.5830258,0.0101635,-0.13491012,0.2150744,0.27959698,1.7748448,1.0200803,1.1905643,2.7742832,1.3113248,0.74666667,2.328416,0.0,-18.153393,-11.280347,6.873046,20.346841185307163,86.64250915332785,3,"{""geodesic"":false,""type"":""Point"",""coordinates"":[86.64250915332785,20.346841185307163]}"
926,152.0,-0.88294756,0.46947157,0.3002,0.17933609,0.2089,0.0822,0.11,0.1286,0.22011386,0.1666,0.2092,0.2325,0.2403,0.2583,0.06990205,1.4363636,4.0,1.2487521,1.5625759,0.06990205,-0.11082331,0.21581548,0.30279207,1.8671329,1.1497607,1.1680291,2.726612,1.2487521,0.6956377,2.3325562,0.0,-16.428577,-9.421441,7.0071354,20.346841185307163,86.7323406817398,3,"{""geodesic"":false,""type"":""Point"",""coordinates"":[86.7323406817398,20.346841185307163]}"
927,90.0,6.123234E-17,1.0,0.0296,0.2542373,0.0176,0.0688,0.079,0.0466,-0.19237435,0.0461,0.0361,0.0364,0.0328,0.0353,0.3015873,1.6723164,0.0,0.89969605,0.67634255,0.3015873,0.051282052,-0.13267814,-0.17380352,0.70235544,1.8531073,0.58912766,0.37420985,0.89969605,0.5925926,0.633833,0.0,-30.87169,-19.800531,11.07116,20.346841185307163,86.82217221015175,3,"{""geodesic"":false,""type"":""Point"",""coordinates"":[86.82217221015175,20.346841185307163]}"
928,0.0,1.0,0.0,0.03015,0.115633674,0.0239,0.05225,0.0459,0.0383,-0.15405853,0.0433,0.0383,0.0371,0.032,0.0316,0.1449016,1.25625,0.0,0.9392523,0.7316141,0.1449016,0.029766694,-0.15620828,-0.08961593,0.8333333,1.3333334,0.8326087,0.6554348,0.9392523,0.79008263,0.78515625,0.0,-33.26143,-20.080345,13.181083,20.346841185307163,87.00183526697566,3,"{""geodesic"":false,""type"":""Point"",""coordinates"":[87.00183526697566,20.346841185307163]}"
929,0.0,1.0,0.0,0.03795,0.13368185,0.029,0.05645,0.052,0.04415,-0.122266404,0.0475,0.0431,0.04195,0.0389,0.04045,0.14580265,1.3041238,0.0,0.97307694,0.780725,0.14580265,0.0123617435,-0.08015918,-0.06321493,0.87909603,1.3367697,0.84740883,0.7284069,0.97307694,0.76215506,0.8576271,0.0,-33.315178,-20.053883,13.261294,20.346841185307163,87.09166679538761,3,"{""geodesic"":false,""type"":""Point"",""coordinates"":[87.09166679538761,20.346841185307163]}"
930,0.0,1.0,0.0,0.0431,0.08838384,0.0361,0.0601,0.0533,0.0454,-0.1393365,0.0513,0.0463,0.045,0.0403,0.0434,0.054973822,1.1906078,0.0,1.0668317,0.75415283,0.054973822,-0.033573143,-0.08342133,-0.059509918,0.8857143,1.1132597,0.85018724,0.8071161,1.0668317,0.8356481,0.94725275,0.0,-33.30236,-19.678162,13.624197,20.346841185307163,87.27132985221151,3,"{""geodesic"":false,""type"":""Point"",""coordinates"":[87.27132985221151,20.346841185307163]}"
931,0.0,1.0,0.0,0.0477,0.15496369,0.0349,0.054,0.0506,0.0467,-0.072492555,0.0501,0.0457,0.0455,0.0428,0.0452,0.101673104,1.3628571,0.0,1.1118882,0.8632163,0.101673104,-0.054143645,-0.05141658,-0.043575417,0.9145299,1.2228571,0.92110455,0.9408284,1.1118882,0.73012555,1.0192307,0.0,-32.300602,-18.453678,13.846925,20.346841185307163,87.54082443744737,3,"{""geodesic"":false,""type"":""Point"",""coordinates"":[87.54082443744737,20.346841185307163]}"
932,0.0,1.0,0.0,0.0379,0.07062147,0.0329,0.037,0.043,0.045,0.09756097,0.0481,0.0446,0.0443,0.0401,0.0414,0.09863014,1.1484848,0.0,0.9427861,1.212938,0.09863014,0.028205128,-0.074860334,-0.05757932,0.88913524,1.2151515,1.0440835,0.87935036,0.9427861,0.8657895,0.84035474,0.0,-32.30447,-18.354328,13.950144,20.346841185307163,87.63065596585932,3,"{""geodesic"":false,""type"":""Point"",""coordinates"":[87.63065596585932,20.346841185307163]}"
933,0.0,1.0,0.0,0.047,0.059751973,0.0417,0.0498,0.0474,0.0471,-0.027863776,0.053,0.0492,0.0491,0.0441,0.0462,0.027972028,1.1244019,0.0,1.0633484,0.94388777,0.027972028,-0.03183315,-0.06854839,-0.032894738,0.93432206,1.0550239,0.99157894,0.9894737,1.0633484,0.88535035,0.9957627,0.0,-32.404675,-18.339247,14.06543,20.346841185307163,87.72048749427127,3,"{""geodesic"":false,""type"":""Point"",""coordinates"":[87.72048749427127,20.346841185307163]}"
934,0.0,1.0,0.0,0.0448,0.107540175,0.0361,0.0531,0.0502,0.0475,-0.055666003,0.053,0.0491,0.0499,0.0438,0.0466,0.096370466,1.2375691,0.0,1.0205011,0.89285713,0.096370466,-0.0112866815,-0.064257026,-0.04052574,0.92016804,1.2099447,0.944334,0.89065605,1.0205011,0.8040089,0.9411765,0.0,-31.655966,-17.772924,13.88304,20.346841185307163,87.81031902268322,3,"{""geodesic"":false,""type"":""Point"",""coordinates"":[87.81031902268322,20.346841185307163]}"
935,0.0,1.0,0.0,0.0521,0.12648648,0.0404,0.0586,0.0552,0.0523,-0.056807935,0.0581,0.0536,0.0542,0.0484,0.0501,0.09009009,1.2864197,0.0,1.0742269,0.89097106,0.09009009,-0.03681592,-0.073937155,-0.038728897,0.9236641,1.1950617,0.9457505,0.94213384,1.0742269,0.77394634,0.9942748,0.0,-31.143253,-17.438574,13.704679,20.346841185307163,87.90015055109518,3,"{""geodesic"":false,""type"":""Point"",""coordinates"":[87.90015055109518,20.346841185307163]}"
936,78.0,0.20791169,0.9781476,0.28095,0.17380406,0.19775,0.05305,0.08045,0.09335,0.27527323,0.13715,0.18905,0.2112,0.21695,0.23855,0.04629853,1.4200152,355.0,1.2944022,1.7563499,0.04629853,-0.12853986,0.26989618,0.3983242,2.3215623,1.0965378,1.1589075,3.4878957,1.2944022,0.70361143,3.0064206,1.0,-16.056412,-9.6911745,6.3652368,20.436672713719112,82.60009037479,3,"{""geodesic"":false,""type"":""Point"",""coordinates"":[82.60009037479,20.436672713719112]}"
937,230.0,-0.64278764,-0.76604444,0.26455,0.23780559,0.1629,0.0613,0.0862,0.0881,0.1793842,0.14185,0.2211,0.2513,0.25945,0.2814,0.22860187,1.6230061,315.0,1.0192641,1.4348534,0.22860187,-0.009732825,0.32971057,0.4930226,2.9416099,1.5917178,1.0208575,3.0654693,1.0192641,0.61552995,2.999433,0.0,-14.913719,-8.6103525,6.303366,20.436672713719112,82.68992190320195,3,"{""geodesic"":false,""type"":""Point"",""coordinates"":[82.68992190320195,20.436672713719112]}"
938,160.0,-0.9396926,0.34202015,0.25175,0.20990027,0.1644,0.05035,0.0705,0.0808,0.2321769,0.1253,0.17515,0.1966,0.2063,0.22605,0.113029405,1.5303952,353.0,1.2197189,1.6015857,0.113029405,-0.09922498,0.2867511,0.4371299,2.5500617,1.2541033,1.1444759,3.565864,1.2197189,0.6527695,3.1118665,0.0,-15.994819,-9.113847,6.8809714,20.436672713719112,82.7797534316139,3,"{""geodesic"":false,""type"":""Point"",""coordinates"":[82.7797534316139,20.436672713719112]}"
939,130.0,-0.64278764,0.76604444,0.30525,0.17088607,0.21615,0.0604,0.08515,0.10575,0.27294612,0.1435,0.1912,0.2139,0.223,0.2417,0.015598315,1.4115607,289.0,1.3682206,1.7479339,0.015598315,-0.1557028,0.2549325,0.356654,2.1067548,1.0312139,1.2404692,3.580645,1.3682206,0.7078762,2.883798,0.0,-16.882067,-10.312319,6.569747,20.436672713719112,82.86958496002586,3,"{""geodesic"":false,""type"":""Point"",""coordinates"":[82.86958496002586,20.436672713719112]}"
940,149.0,-0.8571673,0.5150381,0.2942,0.15485771,0.2153,0.06315,0.0909,0.1074,0.2594547,0.1447,0.1924,0.2144,0.22015,0.2367,0.011137904,1.365831,281.0,1.3357549,1.6980237,0.011137904,-0.14396812,0.24121657,0.34422225,2.0479069,1.022052,1.1802198,3.2329671,1.3357549,0.7315664,2.7367442,0.0,-16.847792,-10.194987,6.652804,20.436672713719112,82.95941648843781,3,"{""geodesic"":false,""type"":""Point"",""coordinates"":[82.95941648843781,20.436672713719112]}"
941,80.0,0.17364818,0.9848077,0.31295,0.1419449,0.23515,0.0701,0.0966,0.12055,0.26462102,0.16075,0.1988,0.2209,0.22965,0.24625,-0.011833047,1.330287,231.0,1.3621328,1.7172365,-0.011833047,-0.15352009,0.21007371,0.31153625,1.9034398,0.9761955,1.2466391,3.2362978,1.3621328,0.75115794,2.5938666,0.0,-17.327019,-9.851577,7.475442,20.436672713719112,83.22891107367366,3,"{""geodesic"":false,""type"":""Point"",""coordinates"":[83.22891107367366,20.436672713719112]}"
942,119.0,-0.4848096,0.8746197,0.26855,0.1403397,0.20245,0.07095,0.0993,0.11195,0.22416621,0.16,0.21625,0.2412,0.24445,0.26135,0.09398076,1.3258455,194.0,1.0981394,1.5756509,0.09398076,-0.04697856,0.24053638,0.3717733,2.1816154,1.2068624,1.1262575,2.7017102,1.0981394,0.7535827,2.396698,0.0,-16.830858,-9.919239,6.9116197,20.436672713719112,83.31874260208562,3,"{""geodesic"":false,""type"":""Point"",""coordinates"":[83.31874260208562,20.436672713719112]}"
943,111.0,-0.35836795,0.9335804,0.30035,0.14158115,0.22585,0.0763,0.1017,0.1187,0.2174359,0.16,0.211,0.2327,0.2393,0.2578,0.028915403,1.3292764,163.0,1.2545948,1.5536649,0.028915403,-0.11312888,0.2340833,0.3368715,2.01431,1.0590838,1.1660118,2.950393,1.2545948,0.75170577,2.5281987,0.0,-16.82428,-10.068592,6.7556887,20.436672713719112,83.40857413049757,3,"{""geodesic"":false,""type"":""Point"",""coordinates"":[83.40857413049757,20.436672713719112]}"
944,322.0,0.7880108,-0.6156615,0.26595,0.15429688,0.19485,0.0714,0.09185,0.1033,0.18259874,0.1373,0.1797,0.19875,0.20525,0.2202,0.025993502,1.364196,164.0,1.2951059,1.4447552,0.025993502,-0.12882003,0.23188812,0.33041647,1.9850097,1.052834,1.1234367,2.8923328,1.2951059,0.7323811,2.5720503,0.0,-16.846748,-9.675933,7.170815,20.436672713719112,83.49840565890952,3,"{""geodesic"":false,""type"":""Point"",""coordinates"":[83.49840565890952,20.436672713719112]}"
945,333.0,0.8910065,-0.4539905,0.2122,0.28062764,0.1192,0.04545,0.06655,0.05795,0.120889746,0.1115,0.2139,0.2509,0.26215,0.2844,0.3748525,1.7787092,593.0,0.8091516,1.2722284,0.3748525,0.10530199,0.43672645,0.6379256,4.5159345,2.1974015,0.8694674,3.183796,0.8091516,0.5614696,3.6554694,1.0,-14.662469,-7.809565,6.852904,20.436672713719112,83.94756330096928,3,"{""geodesic"":false,""type"":""Point"",""coordinates"":[83.94756330096928,20.436672713719112]}"
946,10.0,0.9848077,0.17364818,0.2815,0.18215223,0.19475,0.05515,0.08395,0.09365,0.25873655,0.15265,0.217,0.24635,0.25355,0.27785,0.13116217,1.4447011,640.0,1.109797,1.6950226,0.13116217,-0.052238107,0.29082462,0.4605415,2.7045333,1.3012574,1.1142178,3.349197,1.109797,0.6915838,3.0026667,1.0,-15.456356,-8.564654,6.8917017,20.436672713719112,84.12722635779319,3,"{""geodesic"":false,""type"":""Point"",""coordinates"":[84.12722635779319,20.436672713719112]}"
947,35.0,0.81915206,0.57357645,0.2368,0.28155866,0.13275,0.04385,0.0733,0.0623,0.17381065,0.13755,0.22935,0.2613,0.27045,0.2871,0.34151787,1.7824614,572.0,0.8752541,1.4175199,0.34151787,0.0663381,0.35217237,0.6255447,4.3341346,2.0357547,0.84877384,3.2261581,0.8752541,0.560363,3.7948718,1.0,-16.066086,-8.749272,7.316814,20.436672713719112,84.21705788620514,3,"{""geodesic"":false,""type"":""Point"",""coordinates"":[84.21705788620514,20.436672713719112]}"
948,2.0,0.99939084,0.034899496,0.309,0.14582367,0.23035,0.07075,0.09965,0.1188,0.25349513,0.16325,0.22015,0.248,0.2528,0.27255,0.0464659,1.3408549,559.0,1.2218268,1.6767819,0.0464659,-0.1000356,0.2508031,0.3606028,2.1261563,1.0969841,1.1909775,3.0977445,1.2218268,0.74522805,2.5988226,0.0,-17.230106,-9.815107,7.414998,20.436672713719112,84.30688941461709,3,"{""geodesic"":false,""type"":""Point"",""coordinates"":[84.30688941461709,20.436672713719112]}"
949,53.0,0.60181504,0.7986355,0.28225,0.17274332,0.1991,0.05375,0.0785,0.0928,0.26646197,0.1411,0.21235,0.2347,0.2394,0.2584,0.091904216,1.4169177,593.0,1.1784968,1.7233055,0.091904216,-0.0821432,0.293617,0.44130042,2.5769644,1.2018073,1.1806616,3.590967,1.1784968,0.70515317,3.038213,1.0,-15.583917,-8.951685,6.6322317,20.436672713719112,84.39672094302904,3,"{""geodesic"":false,""type"":""Point"",""coordinates"":[84.39672094302904,20.436672713719112]}"
950,109.0,-0.32556817,0.94551855,0.2199,0.271282,0.12605,0.0424,0.06925,0.0594,0.16699411,0.11585,0.19325,0.22465,0.23295,0.24955,0.29777157,1.7431629,455.0,0.94357437,1.397647,0.29777157,0.02881749,0.3659004,0.59363776,3.915126,1.8466111,0.8565249,3.1708724,0.94357437,0.57295454,3.6957984,1.0,-12.13477,-5.3730946,6.7616763,20.436672713719112,84.48655247144099,3,"{""geodesic"":false,""type"":""Point"",""coordinates"":[84.48655247144099,20.436672713719112]}"
951,153.0,-0.8910065,0.4539905,0.21625,0.28376374,0.12065,0.0489,0.07425,0.0605,0.10603291,0.12695,0.24135,0.2778,0.28235,0.30675,0.4012407,1.7908902,317.0,0.76562226,1.2346939,0.4012407,0.1325712,0.4145723,0.64707595,4.6592407,2.3383024,0.8137189,2.9085407,0.76562226,0.5576612,3.568482,1.0,-13.766842,-7.156524,6.6103177,20.436672713719112,84.57638399985295,3,"{""geodesic"":false,""type"":""Point"",""coordinates"":[84.57638399985295,20.436672713719112]}"
952,273.0,0.052335955,-0.9986295,0.2155,0.24494512,0.1307,0.05085,0.07405,0.0637,0.11217809,0.12335,0.2129,0.25275,0.2565,0.28225,0.3248967,1.6475536,375.0,0.83982855,1.2502453,0.3248967,0.086864404,0.3917653,0.6021237,4.020376,1.9610091,0.85906947,2.906271,0.83982855,0.60621524,3.377743,0.0,-15.049346,-8.820585,6.2287607,20.436672713719112,84.6662155282649,3,"{""geodesic"":false,""type"":""Point"",""coordinates"":[84.6662155282649,20.436672713719112]}"
953,100.0,-0.17364818,0.9848077,0.2141,0.29150957,0.11745,0.0423,0.0671,0.05445,0.1255814,0.11345,0.20295,0.2338,0.2439,0.26445,0.34993774,1.8213526,242.0,0.877459,1.2841982,0.34993774,0.0650655,0.3995766,0.6349925,4.4711275,2.0748618,0.81026787,3.1860118,0.877459,0.54831934,3.9248395,1.0,-14.853236,-8.459325,6.393911,20.436672713719112,84.75604705667685,3,"{""geodesic"":false,""type"":""Point"",""coordinates"":[84.75604705667685,20.436672713719112]}"
954,126.0,-0.58778524,0.809017,0.2256,0.24229075,0.1376,0.05255,0.07255,0.06505,0.106292516,0.1169,0.1869,0.21885,0.2276,0.2449,0.2464403,1.6383442,168.0,0.9907773,1.2355176,0.2464403,0.0044130627,0.35378662,0.5554417,3.4934766,1.6528685,0.89538884,3.1052995,0.9907773,0.60965884,3.462778,0.0,-15.283338,-8.408624,6.8747144,20.436672713719112,84.8458785850888,3,"{""geodesic"":false,""type"":""Point"",""coordinates"":[84.8458785850888,20.436672713719112]}"
955,191.0,-0.98162717,-0.190809,0.28525,0.16989644,0.2024,0.07325,0.0953,0.1094,0.19791952,0.1492,0.20045,0.2237,0.22985,0.248,0.06350492,1.4086419,73.0,1.2404871,1.4914792,0.06350492,-0.10755193,0.2487412,0.3550479,2.0990868,1.1350617,1.1467506,2.990042,1.2404871,0.7093044,2.605023,1.0,-16.02524,-9.398967,6.6262736,20.436672713719112,85.20520469873661,3,"{""geodesic"":false,""type"":""Point"",""coordinates"":[85.20520469873661,20.436672713719112]}"
956,182.0,-0.99939084,-0.034899496,0.2707,0.1669361,0.19325,0.0739,0.0947,0.107,0.18297403,0.1468,0.1975,0.21965,0.2247,0.2425,0.075248234,1.4000517,96.0,1.2041816,1.445946,0.075248234,-0.09285426,0.24582584,0.3548387,2.0980392,1.1621412,1.128692,2.8554852,1.2041816,0.71362627,2.5275443,1.0,-17.158848,-10.041223,7.117625,20.436672713719112,85.29503622714856,3,"{""geodesic"":false,""type"":""Point"",""coordinates"":[85.29503622714856,20.436672713719112]}"
957,172.0,-0.99026805,0.1391731,0.2652,0.17228423,0.18725,0.07415,0.0977,0.1047,0.17081353,0.14855,0.21045,0.23235,0.2347,0.25425,0.11245408,1.4155325,80.0,1.1294719,1.410101,0.11245408,-0.0610122,0.2624131,0.38302886,2.2395039,1.2527355,1.0705521,2.7116563,1.1294719,0.70580477,2.5305343,1.0,-15.629292,-8.587126,7.0421658,20.436672713719112,85.38486775556052,3,"{""geodesic"":false,""type"":""Point"",""coordinates"":[85.38486775556052,20.436672713719112]}"
958,148.0,-0.8480481,0.52991927,0.2752,0.13146263,0.21125,0.0815,0.10325,0.1172,0.17966785,0.15615,0.20335,0.2256,0.2275,0.24655,0.037037037,1.3021055,48.0,1.2091389,1.4362745,0.037037037,-0.09488761,0.22448473,0.3199884,1.9394715,1.0764135,1.1340107,2.6627963,1.2091389,0.7673447,2.346121,0.0,-18.29231,-10.357429,7.9348817,20.436672713719112,85.47469928397247,3,"{""geodesic"":false,""type"":""Point"",""coordinates"":[85.47469928397247,20.436672713719112]}"
959,194.0,-0.9702957,-0.2419219,0.2625,0.20468105,0.1733,0.0633,0.0915,0.09015,0.17497556,0.13705,0.2232,0.2564,0.25855,0.2807,0.1974065,1.5138408,37.0,1.014885,1.4219242,0.1974065,-0.0075808465,0.34386596,0.48293662,2.86482,1.4910611,0.9841703,2.8657205,1.014885,0.65993905,2.9085872,0.0,-17.605022,-10.786587,6.8184347,20.436672713719112,85.56453081238442,3,"{""geodesic"":false,""type"":""Point"",""coordinates"":[85.56453081238442,20.436672713719112]}"
960,93.0,-0.052335955,0.9986295,0.2578,0.13293782,0.1973,0.087,0.1166,0.13475,0.21533258,0.17215,0.2289,0.2462,0.24275,0.24835,0.10328372,1.3059777,27.0,1.0615606,1.5470723,0.10328372,-0.030066926,0.18121284,0.28609273,1.8001484,1.2297366,1.1546701,2.209083,1.0615606,0.7650252,1.9117538,0.0,-15.442934,-8.67191,6.7710233,20.436672713719112,85.83402539762028,3,"{""geodesic"":false,""type"":""Point"",""coordinates"":[85.83402539762028,20.436672713719112]}"
961,115.0,-0.42261827,0.9063078,0.3247,0.07029254,0.28205,0.09575,0.13375,0.16535,0.26656455,0.20265,0.2473,0.26715,0.26735,0.2813,-0.026756462,1.1508063,24.0,1.2140588,1.7250913,-0.026756462,-0.09686682,0.16251679,0.23572914,1.615896,0.94754565,1.2353381,2.42585,1.2140588,0.86838055,1.9625264,0.0,-15.625838,-6.168948,9.45689,20.436672713719112,85.92385692603223,3,"{""geodesic"":false,""type"":""Point"",""coordinates"":[85.92385692603223,20.436672713719112]}"
962,90.0,6.123234E-17,1.0,0.32243332,0.16070196,0.23315,0.07831428,0.11504,0.134025,0.2623665,0.18366,0.26115,0.2876,0.29125,0.3184,0.110793285,1.3823508,15.0,1.1066873,1.7091911,0.110793285,-0.050813396,0.2683743,0.36970195,2.1714818,1.2486602,1.1640177,2.800359,1.1066873,0.722871,2.4039764,0.0,-16.906479,-9.780482,7.125997,20.436672713719112,86.10351998285613,3,"{""geodesic"":false,""type"":""Point"",""coordinates"":[86.10351998285613,20.436672713719112]}"
963,90.0,6.123234E-17,1.0,0.2593,0.15629877,0.1892,0.063,0.0911,0.0977,0.2159303,0.1531,0.2407,0.2714,0.2734,0.3015,0.1820147,1.3697834,14.0,0.9480804,1.548336,0.1820147,0.026468933,0.32644084,0.47345728,2.795501,1.4442683,1.0712719,2.8432016,0.9480804,0.7293755,2.6513293,0.0,-16.58854,-8.996261,7.592278,20.436672713719112,86.19335151126809,3,"{""geodesic"":false,""type"":""Point"",""coordinates"":[86.19335151126809,20.436672713719112]}"
964,65.0,0.42261827,0.9063078,0.2858,0.16772217,0.2037,0.0769,0.1073,0.1205,0.22087133,0.1737,0.2399,0.2591,0.2624,0.2797,0.12593864,1.4023552,6.0,1.0887619,1.5649351,0.12593864,-0.04268515,0.23378915,0.37059283,2.1757877,1.2875369,1.1219739,2.6610801,1.0887619,0.71248686,2.3698175,0.0,-16.367012,-9.136279,7.2307334,20.436672713719112,86.46284609650394,3,"{""geodesic"":false,""type"":""Point"",""coordinates"":[86.46284609650394,20.436672713719112]}"
965,133.0,-0.6819984,0.7313537,0.3258,0.1641951,0.2339,0.0814,0.1204,0.1446,0.279646,0.1835,0.2342,0.2559,0.2596,0.2807,0.052077003,1.3923076,5.0,1.2545245,1.7742331,0.052077003,-0.11308507,0.2093925,0.2845126,1.7940567,1.1094017,1.2,2.7037344,1.2545245,0.71770483,2.251555,0.0,-18.753933,-11.4787245,7.2752094,20.436672713719112,86.64250915332785,3,"{""geodesic"":false,""type"":""Point"",""coordinates"":[86.64250915332785,20.436672713719112]}"
966,103.0,-0.22495106,0.97437006,0.1038,0.3463035,0.0504,0.0594,0.0874,0.074,0.109445274,0.1239,0.193,0.2171,0.219,0.2239,0.6258352,2.0554454,4.0,0.47375628,1.2436975,0.6258352,0.35687733,0.28752157,0.49488056,2.9554656,4.3366337,0.8457143,1.1862857,0.47375628,0.48508182,1.4008098,0.0,-18.961473,-11.967415,6.994059,20.436672713719112,86.7323406817398,3,"{""geodesic"":false,""type"":""Point"",""coordinates"":[86.7323406817398,20.436672713719112]}"
967,90.0,6.123234E-17,1.0,0.0268,0.15766738,0.0195,0.0734,0.0914,0.0582,-0.11550152,0.0554,0.0364,0.0366,0.0328,0.0337,0.2543021,1.3673469,0.0,0.8145897,0.79183674,0.2543021,0.10067114,-0.24354658,-0.2791209,0.5626072,1.6734694,0.6360656,0.29289618,0.8145897,0.72490704,0.45969126,0.0,-31.120049,-20.239166,10.880882,20.436672713719112,86.82217221015175,3,"{""geodesic"":false,""type"":""Point"",""coordinates"":[86.82217221015175,20.436672713719112]}"
968,0.0,1.0,0.0,0.032,0.0738255,0.0276,0.0555,0.0483,0.0425,-0.13265306,0.0434,0.0356,0.0341,0.03,0.0299,0.041666668,1.1552347,0.0,1.0631229,0.7643885,0.041666668,-0.032258064,-0.18417463,-0.1724138,0.70422536,1.0830325,0.8780992,0.661157,1.0631229,0.8598131,0.75117373,0.0,-33.465706,-19.937283,13.528423,20.436672713719112,87.18149832379956,3,"{""geodesic"":false,""type"":""Point"",""coordinates"":[87.18149832379956,20.436672713719112]}"
969,0.0,1.0,0.0,0.0449,0.041763343,0.0413,0.0543,0.0479,0.05,-0.04122723,0.0563,0.05,0.05,0.0416,0.0482,0.0036188178,1.0845411,0.0,1.0767386,0.9191176,0.0036188178,-0.03815029,-0.07751196,-0.09170306,0.8303393,1.004831,1.0416666,0.93541664,1.0767386,0.9177778,0.8962076,0.0,-32.5374,-19.228058,13.309341,20.436672713719112,87.36116138062346,3,"{""geodesic"":false,""type"":""Point"",""coordinates"":[87.36116138062346,20.436672713719112]}"
970,0.0,1.0,0.0,0.0388,0.063013695,0.0342,0.0509,0.0469,0.0442,-0.07045215,0.0483,0.0441,0.044,0.0404,0.0415,0.08310992,1.1311953,0.0,0.9580247,0.8666667,0.08310992,0.02020202,-0.075723834,-0.04491726,0.9119639,1.1778426,0.9404255,0.8255319,0.9580247,0.8791774,0.8758465,0.0,-32.548374,-18.664886,13.883489,20.436672713719112,87.54082443744737,3,"{""geodesic"":false,""type"":""Point"",""coordinates"":[87.54082443744737,20.436672713719112]}"
971,0.0,1.0,0.0,0.0482,0.053551912,0.0433,0.0573,0.0512,0.0497,-0.07102804,0.0551,0.051,0.0509,0.0464,0.0508,0.034559645,1.110599,0.0,1.0365591,0.86585367,0.034559645,-0.019027485,-0.040604346,-0.03433923,0.93172693,1.0691245,0.9688109,0.93957114,1.0365591,0.8964803,0.9678715,0.0,-31.558128,-17.669817,13.88831,20.436672713719112,87.81031902268322,3,"{""geodesic"":false,""type"":""Point"",""coordinates"":[87.81031902268322,20.436672713719112]}"
972,83.0,0.12186934,0.99254614,0.3246,0.15485191,0.23755,0.07855,0.1064,0.12695,0.23552312,0.1669,0.21115,0.234,0.2424,0.26125,0.01010522,1.3658742,341.0,1.3385566,1.6141132,0.01010522,-0.14497355,0.22036669,0.31257614,1.9079102,1.0199873,1.1920187,3.0478873,1.3385566,0.7315984,2.5548997,1.0,-18.12889,-11.127204,7.0016847,20.526504242131065,82.60009037479,3,"{""geodesic"":false,""type"":""Point"",""coordinates"":[82.60009037479,20.526504242131065]}"
973,213.0,-0.83867055,-0.54463905,0.26865,0.16766272,0.1915,0.06105,0.0894,0.1007,0.24513137,0.14255,0.19735,0.21845,0.2267,0.24135,0.08417025,1.4021399,343.0,1.1845238,1.6467702,0.08417025,-0.0846876,0.2573587,0.38485032,2.249008,1.1831942,1.1251397,3.001676,1.1845238,0.71255815,2.6651785,0.0,-17.020735,-10.755064,6.2656703,20.526504242131065,82.68992190320195,3,"{""geodesic"":false,""type"":""Point"",""coordinates"":[82.68992190320195,20.526504242131065]}"
974,92.0,-0.034899496,0.99939084,0.2625,0.17056856,0.186,0.05785,0.08075,0.09255,0.23071809,0.1336,0.17445,0.1956,0.20465,0.2213,0.047740944,1.410532,330.0,1.2820513,1.5970664,0.047740944,-0.123836026,0.24711186,0.37718707,2.2088506,1.0996776,1.1447124,3.2467532,1.2820513,0.7083016,2.8332434,0.0,-15.772252,-9.531238,6.2410145,20.526504242131065,82.7797534316139,3,"{""geodesic"":false,""type"":""Point"",""coordinates"":[82.7797534316139,20.526504242131065]}"
975,122.0,-0.52991927,0.8480481,0.2683,0.17379417,0.18885,0.0645,0.08945,0.10095,0.22030824,0.1407,0.1926,0.2137,0.21985,0.23685,0.075850256,1.4199524,309.0,1.2198226,1.5626935,0.075850256,-0.099252276,0.25466827,0.3706359,2.1756556,1.1635354,1.1273031,2.9960916,1.2198226,0.703614,2.6551213,0.0,-16.724144,-10.061998,6.6621456,20.526504242131065,82.86958496002586,3,"{""geodesic"":false,""type"":""Point"",""coordinates"":[82.86958496002586,20.526504242131065]}"
976,83.0,0.12186934,0.99254614,0.2962,0.16054462,0.21425,0.0575,0.0822,0.1065,0.2987805,0.14635,0.18995,0.21005,0.2171,0.2329,0.0066071637,1.3818521,287.0,1.36372,1.8489584,0.0066071637,-0.15410091,0.22821358,0.34177998,2.0365853,1.0128295,1.2940462,3.5990279,1.36372,0.7230847,2.7786117,0.0,-16.168749,-9.682012,6.4867377,20.526504242131065,82.95941648843781,3,"{""geodesic"":false,""type"":""Point"",""coordinates"":[82.95941648843781,20.526504242131065]}"
977,147.0,-0.83867055,0.54463905,0.24465,0.18402904,0.1686,0.05555,0.07775,0.0857,0.21345133,0.13115,0.1812,0.205,0.21175,0.22905,0.11344814,1.4502075,244.0,1.1548265,1.5399821,0.11344814,-0.07208589,0.27179345,0.4237687,2.4679487,1.2551867,1.100835,3.142582,1.1548265,0.6888662,2.8513987,0.0,-15.144625,-8.517644,6.6269813,20.526504242131065,83.22891107367366,3,"{""geodesic"":false,""type"":""Point"",""coordinates"":[83.22891107367366,20.526504242131065]}"
978,125.0,-0.57357645,0.81915206,0.20705,0.23024361,0.12955,0.0523,0.06985,0.06785,0.12942156,0.11445,0.17695,0.20275,0.2107,0.22825,0.2385011,1.5969919,228.0,0.98221064,1.2948474,0.2385011,0.008737283,0.33206886,0.5128343,3.1008093,1.6251446,0.9699786,2.9599714,0.98221064,0.6253922,3.0470934,0.0,-14.733672,-8.372485,6.361187,20.526504242131065,83.31874260208562,3,"{""geodesic"":false,""type"":""Point"",""coordinates"":[83.31874260208562,20.526504242131065]}"
979,124.0,-0.5591929,0.82903755,0.25255,0.1686719,0.17965,0.0656,0.07995,0.087,0.14023592,0.12565,0.17355,0.19215,0.1998,0.21565,0.053103175,1.405007,174.0,1.2633817,1.3242009,0.053103175,-0.11661324,0.26369762,0.39330545,2.293915,1.1115438,1.0868207,3.1549032,1.2633817,0.7110627,2.8995407,0.0,-16.177574,-9.433346,6.7442274,20.526504242131065,83.40857413049757,3,"{""geodesic"":false,""type"":""Point"",""coordinates"":[83.40857413049757,20.526504242131065]}"
980,208.0,-0.88294756,-0.46947157,0.239,0.2150483,0.1544,0.0647,0.0865,0.0858,0.14019933,0.1313,0.189,0.2111,0.2137,0.2325,0.16109753,1.5469255,154.0,1.1178671,1.324074,0.16109753,-0.055886902,0.27817482,0.42704508,2.4877765,1.3831716,0.9907621,2.7598152,1.1178671,0.64575493,2.782305,0.0,-18.639315,-11.349604,7.289711,20.526504242131065,83.58823718732147,3,"{""geodesic"":false,""type"":""Point"",""coordinates"":[83.58823718732147,20.526504242131065]}"
981,314.0,0.6946584,-0.7193398,0.26575,0.16416603,0.1908,0.0572,0.0825,0.0962,0.2542373,0.1361,0.1908,0.21265,0.2211,0.23605,0.07356154,1.3920901,466.0,1.2014015,1.6788831,0.07356154,-0.09171203,0.2685745,0.39363378,2.2959502,1.158198,1.1646489,3.2173123,1.2014015,0.717698,2.7596054,1.0,-15.843304,-8.438601,7.4047027,20.526504242131065,83.85773177255733,3,"{""geodesic"":false,""type"":""Point"",""coordinates"":[83.85773177255733,20.526504242131065]}"
982,21.0,0.9335804,0.35836795,0.2547,0.22304922,0.1618,0.0466,0.0731,0.0746,0.2310231,0.1266,0.1973,0.2262,0.2325,0.2479,0.17930509,1.5731933,422.0,1.0950129,1.5974303,0.17930509,-0.045566503,0.32389852,0.51416475,3.11245,1.4360716,1.0191257,3.4795082,1.0950129,0.63500786,3.4096386,1.0,-15.335993,-8.07158,7.2644124,20.526504242131065,83.94756330096928,3,"{""geodesic"":false,""type"":""Point"",""coordinates"":[83.94756330096928,20.526504242131065]}"
983,327.0,0.83867055,-0.54463905,0.28255,0.18382739,0.1948,0.0569,0.08065,0.0914,0.23263654,0.14495,0.21215,0.2357,0.24205,0.26415,0.1081607,1.4497178,506.0,1.1668388,1.6035088,0.1081607,-0.07720168,0.29137132,0.45179188,2.6453552,1.2419189,1.1318885,3.4990711,1.1668388,0.6891916,3.0879781,0.0,-15.6483755,-8.307732,7.340644,20.526504242131065,84.21705788620514,3,"{""geodesic"":false,""type"":""Point"",""coordinates"":[84.21705788620514,20.526504242131065]}"
984,27.0,0.8910065,0.4539905,0.2398,0.19586086,0.16125,0.05165,0.0733,0.0742,0.17918156,0.11875,0.1858,0.21135,0.21885,0.23875,0.15153907,1.4862101,479.0,1.0952272,1.4338164,0.15153907,-0.04567753,0.33566433,0.49360177,2.9454913,1.3563682,1.0108992,3.26703,1.0952272,0.6721551,3.2274563,1.0,-13.049314,-6.716749,6.3325644,20.526504242131065,84.39672094302904,3,"{""geodesic"":false,""type"":""Point"",""coordinates"":[84.39672094302904,20.526504242131065]}"
985,356.0,0.9975641,-0.06975647,0.1919,0.29727903,0.10395,0.05035,0.0723,0.0585,0.07487368,0.1136,0.20415,0.2349,0.2432,0.26515,0.40112343,1.8443056,431.0,0.7887382,1.1595639,0.40112343,0.11790393,0.400132,0.6121975,4.150171,2.3373377,0.80801105,2.6505525,0.7887382,0.5414063,3.274744,1.0,-13.233308,-6.831255,6.4020524,20.526504242131065,84.48655247144099,3,"{""geodesic"":false,""type"":""Point"",""coordinates"":[84.48655247144099,20.526504242131065]}"
986,78.0,0.20791169,0.9781476,0.2126,0.2660414,0.12325,0.04825,0.06945,0.0575,0.08747045,0.1192,0.2181,0.2535,0.257,0.2836,0.35174227,1.7235509,493.0,0.8269156,1.1892451,0.35174227,0.09454855,0.408143,0.6343402,4.4618053,2.0835023,0.82674336,3.0567937,0.8269156,0.57945466,3.6909723,1.0,-14.307215,-7.3407903,6.966425,20.526504242131065,84.57638399985295,3,"{""geodesic"":false,""type"":""Point"",""coordinates"":[84.57638399985295,20.526504242131065]}"
987,32.0,0.8480481,0.52991927,0.22855,0.25680506,0.13515,0.0559,0.08165,0.07035,0.11445545,0.1323,0.2211,0.254,0.25725,0.28185,0.31116208,1.6898336,230.0,0.88809013,1.25625,0.31116208,0.05907781,0.36110106,0.57051283,3.651526,1.9020333,0.86055046,2.7957187,0.88809013,0.59107804,3.2441447,1.0,-15.300105,-9.117115,6.18299,20.526504242131065,84.6662155282649,3,"{""geodesic"":false,""type"":""Point"",""coordinates"":[84.6662155282649,20.526504242131065]}"
988,115.0,-0.42261827,0.9063078,0.1492,0.27931404,0.08405,0.05135,0.0717,0.05505,0.034774438,0.1087,0.19535,0.215,0.21655,0.2286,0.4407851,1.7730243,206.0,0.6886684,1.0699708,0.4407851,0.18414217,0.3554699,0.59462446,3.926564,2.573381,0.7667131,2.0779943,0.6886684,0.5629605,2.705349,0.0,-13.977228,-7.4367266,6.5405016,20.526504242131065,84.8458785850888,3,"{""geodesic"":false,""type"":""Point"",""coordinates"":[84.8458785850888,20.526504242131065]}"
989,102.0,-0.20791169,0.9781476,0.286,0.1604788,0.2069,0.0767,0.1032,0.1159,0.20353064,0.1596,0.2111,0.2363,0.24,0.2642,0.07406579,1.3816425,101.0,1.1911703,1.5091146,0.07406579,-0.08745247,0.24681453,0.34869346,2.0689654,1.1594203,1.1219748,2.768635,1.1911703,0.72317374,2.4655173,0.0,-16.633366,-10.618206,6.01516,20.526504242131065,84.93571011350076,3,"{""geodesic"":false,""type"":""Point"",""coordinates"":[84.93571011350076,20.526504242131065]}"
990,187.0,-0.99254614,-0.12186934,0.2376,0.24528302,0.144,0.0501,0.0686,0.0684,0.15443037,0.1225,0.1862,0.2124,0.2213,0.2486,0.2116069,1.648855,105.0,1.0731708,1.3625498,0.2116069,-0.035519723,0.3398006,0.5277874,3.2306569,1.5357391,0.9956332,3.4585152,1.0731708,0.60580564,3.4686131,0.0,-13.272116,-7.1070642,6.1650515,20.526504242131065,85.02554164191271,3,"{""geodesic"":false,""type"":""Point"",""coordinates"":[85.02554164191271,20.526504242131065]}"
991,208.0,-0.88294756,-0.46947157,0.2483,0.1854858,0.1706,0.0591,0.0791,0.0885,0.199187,0.1373,0.1878,0.2123,0.2187,0.2375,0.1235551,1.4545987,138.0,1.1348263,1.4949324,0.1235551,-0.063383296,0.2673426,0.42382812,2.4683974,1.281195,1.1174242,3.135101,1.1348263,0.6867955,2.802483,1.0,-15.15015,-8.688575,6.4615755,20.526504242131065,85.11537317032466,3,"{""geodesic"":false,""type"":""Point"",""coordinates"":[85.11537317032466,20.526504242131065]}"
992,218.0,-0.7880108,-0.6156615,0.20515,0.23509933,0.12705,0.0447,0.0628,0.0557,0.109561756,0.105,0.1963,0.2286,0.23625,0.25485,0.30057803,1.6134487,245.0,0.8679924,1.2433035,0.30057803,0.07045764,0.4164235,0.6184278,4.233871,1.8580416,0.8855326,3.2615263,0.8679924,0.6190012,3.6765232,1.0,-12.433064,-6.012842,6.4202228,20.526504242131065,85.20520469873661,3,"{""geodesic"":false,""type"":""Point"",""coordinates"":[85.20520469873661,20.526504242131065]}"
993,183.0,-0.9986295,-0.052335955,0.2,0.27368253,0.11405,0.04055,0.0586,0.0496,0.100388244,0.10025,0.18945,0.21925,0.225,0.24945,0.32723787,1.7520806,331.0,0.888494,1.2201722,0.32723787,0.05882353,0.42665142,0.6387473,4.527163,1.9710907,0.84497446,3.407155,0.888494,0.569965,4.0241446,0.0,-13.373805,-7.422731,5.951074,20.526504242131065,85.29503622714856,3,"{""geodesic"":false,""type"":""Point"",""coordinates"":[85.29503622714856,20.526504242131065]}"
994,108.0,-0.309017,0.95105654,0.18035,0.30949354,0.0951,0.0412,0.0594,0.048,0.076233186,0.10335,0.19775,0.2286,0.23675,0.257,0.42684948,1.8944328,251.0,0.7614524,1.1622276,0.42684948,0.13521937,0.426391,0.6628622,4.9220376,2.4868698,0.8067227,3.0310924,0.7614524,0.5270158,3.7494802,1.0,-14.599365,-8.345282,6.254083,20.526504242131065,85.38486775556052,3,"{""geodesic"":false,""type"":""Point"",""coordinates"":[85.38486775556052,20.526504242131065]}"
995,113.0,-0.39073113,0.92050487,0.28125,0.16123039,0.20315,0.06775,0.09305,0.1068,0.22371814,0.148,0.2067,0.22905,0.2353,0.2545,0.07332649,1.3837638,98.0,1.1947749,1.5740604,0.07332649,-0.088955574,0.26459628,0.37562117,2.2011225,1.1576875,1.1465379,3.0193236,1.1947749,0.72205436,2.6309636,0.0,-16.34537,-9.439364,6.9060054,20.526504242131065,85.47469928397247,3,"{""geodesic"":false,""type"":""Point"",""coordinates"":[85.47469928397247,20.526504242131065]}"
996,156.0,-0.9135454,0.40673664,0.2995,0.14258465,0.22475,0.0787,0.1068,0.1305,0.24760994,0.1678,0.21815,0.2376,0.2425,0.25535,0.03798823,1.3319991,59.0,1.2345425,1.6560913,0.03798823,-0.105166055,0.20690063,0.30026808,1.8568147,1.0784968,1.220767,2.801684,1.2345425,0.7501669,2.2932618,0.0,-17.204964,-9.479562,7.7254014,20.526504242131065,85.56453081238442,3,"{""geodesic"":false,""type"":""Point"",""coordinates"":[85.56453081238442,20.526504242131065]}"
997,152.0,-0.88294756,0.46947157,0.19385,0.13678347,0.1472,0.0644,0.08235,0.08325,0.12766679,0.11685,0.1778,0.19235,0.1956,0.2034,0.1411902,1.3160217,25.0,0.99054676,1.2906977,0.1411902,0.0044935164,0.27025762,0.40290478,2.3467307,1.3279022,1.0097028,2.351122,0.99054676,0.7589585,2.3257349,0.0,-14.601276,-6.426135,8.175141,20.526504242131065,85.92385692603223,3,"{""geodesic"":false,""type"":""Point"",""coordinates"":[85.92385692603223,20.526504242131065]}"
998,138.0,-0.7431448,0.6691306,0.3039,0.15059158,0.22435,0.08135,0.11005,0.12275,0.20284174,0.17595,0.2284,0.24785,0.2555,0.27175,0.06491612,1.3539764,22.0,1.1889671,1.5070596,0.06491612,-0.086521275,0.21398258,0.35095835,2.079772,1.1383382,1.1143894,2.758965,1.1889671,0.7379934,2.4737484,0.0,-17.102137,-9.556723,7.5454144,20.526504242131065,86.01368845444418,3,"{""geodesic"":false,""type"":""Point"",""coordinates"":[86.01368845444418,20.526504242131065]}"
999,99.0,-0.15643446,0.98768836,0.28125,0.15415055,0.20612143,0.07118333,0.10166,0.111933336,0.22253573,0.161175,0.25735,0.2844,0.28911668,0.30375,0.16758654,1.3638253,15.0,0.9724543,1.5702596,0.16758654,0.013792298,0.30666235,0.4417986,2.5806308,1.4019719,1.0999738,2.7638562,0.9724543,0.7326157,2.5104136,0.0,-16.828606,-9.004957,7.823648,20.526504242131065,86.10351998285613,3,"{""geodesic"":false,""type"":""Point"",""coordinates"":[86.10351998285613,20.526504242131065]}"
1000,79.0,0.190809,0.98162717,0.2872,0.19966583,0.1916,0.0571,0.0947,0.0992,0.2693538,0.1587,0.2331,0.2574,0.2675,0.2827,0.16532347,1.4981742,13.0,1.0732436,1.7342657,0.16532347,-0.035514694,0.28092432,0.45895827,2.693857,1.3954095,1.0464135,3.0295358,1.0732436,0.6668987,2.8922458,0.0,-16.560768,-8.852835,7.7079334,20.526504242131065,86.19335151126809,3,"{""geodesic"":false,""type"":""Point"",""coordinates"":[86.19335151126809,20.526504242131065]}"
1001,90.0,6.123234E-17,1.0,0.2695,0.2115082,0.1754,0.0555,0.0928,0.0973,0.2735602,0.15,0.2338,0.264,0.2631,0.2881,0.2,1.5356126,10.0,1.0239362,1.75,0.2,-0.012016523,0.31522483,0.46004438,2.701232,1.4991453,1.0473628,2.9009688,1.0239362,0.65059346,2.7669404,0.0,-16.048458,-8.843373,7.205085,20.526504242131065,86.28318303968004,3,"{""geodesic"":false,""type"":""Point"",""coordinates"":[86.28318303968004,20.526504242131065]}"
1002,73.0,0.2923717,0.9563047,0.2601,0.19944662,0.1736,0.0581,0.0877,0.106,0.29189518,0.1445,0.1996,0.2184,0.2258,0.2463,0.13069604,1.4974093,9.0,1.1513944,1.8213059,0.13069604,-0.07059066,0.2604913,0.3610609,2.128181,1.2999424,1.2072893,2.9624145,1.1513944,0.6671791,2.4514608,0.0,-16.436958,-9.410131,7.0268273,20.526504242131065,86.37301456809199,3,"{""geodesic"":false,""type"":""Point"",""coordinates"":[86.37301456809199,20.526504242131065]}"
1003,65.0,0.42261827,0.9063078,0.3304,0.16031606,0.2391,0.0865,0.1148,0.1333,0.21292084,0.1695,0.226,0.2483,0.2525,0.2749,0.027257932,1.3812709,5.0,1.3079969,1.539261,0.027257932,-0.13364214,0.23717372,0.30896837,1.8928035,1.055602,1.1601392,2.8755438,1.3079969,0.7234493,2.4767616,0.0,-18.490635,-11.398156,7.0924797,20.526504242131065,86.46284609650394,3,"{""geodesic"":false,""type"":""Point"",""coordinates"":[86.46284609650394,20.526504242131065]}"
1004,0.0,1.0,0.0,0.2972,0.1909437,0.2019,0.0661,0.1021,0.1129,0.26145253,0.1593,0.2181,0.2447,0.2483,0.2702,0.103065304,1.4712871,5.0,1.1964574,1.705438,0.103065304,-0.08964253,0.25820723,0.37486157,2.197345,1.2292079,1.1046966,2.9080236,1.1964574,0.679112,2.6300886,0.0,-17.137697,-11.063337,6.074359,20.526504242131065,86.64250915332785,3,"{""geodesic"":false,""type"":""Point"",""coordinates"":[86.64250915332785,20.526504242131065]}"
1005,107.0,-0.2923717,0.9563047,0.252,0.1594203,0.1827,0.0795,0.1097,0.1252,0.22325355,0.1649,0.2061,0.2279,0.2287,0.2463,0.11181332,1.3785558,5.0,1.1013986,1.5728643,0.11181332,-0.04847098,0.1979572,0.2924555,1.8252195,1.2510941,1.140255,2.2950819,1.1013986,0.72471243,2.0111732,0.0,-19.204227,-12.901298,6.3029304,20.526504242131065,86.7323406817398,3,"{""geodesic"":false,""type"":""Point"",""coordinates"":[86.7323406817398,20.526504242131065]}"
1006,0.0,1.0,0.0,0.0312,0.11627907,0.0247,0.0663,0.0587,0.0443,-0.198915,0.0456,0.0404,0.0397,0.0361,0.034,0.1875,1.2580645,0.0,0.86187845,0.6671687,0.1875,0.07280832,-0.14572865,-0.10199005,0.8130631,1.4556452,0.75340134,0.53061223,0.86187845,0.78913736,0.7027027,0.0,-33.420223,-20.141066,13.279159,20.526504242131065,87.18149832379956,3,"{""geodesic"":false,""type"":""Point"",""coordinates"":[87.18149832379956,20.526504242131065]}"
1007,0.0,1.0,0.0,0.0364,0.04597701,0.0332,0.062,0.0582,0.0442,-0.16760829,0.0488,0.0436,0.0422,0.0376,0.0401,0.06214689,1.093093,0.0,0.9655172,0.7117552,0.06214689,0.016216217,-0.097862765,-0.080684595,0.84875846,1.1291292,0.75814754,0.62435675,0.9655172,0.90958905,0.8216704,0.0,-33.32486,-19.769732,13.555127,20.526504242131065,87.27132985221151,3,"{""geodesic"":false,""type"":""Point"",""coordinates"":[87.27132985221151,20.526504242131065]}"
1008,0.0,1.0,0.0,0.041,0.09479306,0.0339,0.0627,0.056,0.0466,-0.147301,0.051,0.0453,0.0444,0.04,0.0431,0.08254398,1.2058823,0.0,1.0224439,0.7420382,0.08254398,-0.012345679,-0.08395324,-0.07621247,0.856531,1.1764706,0.8306595,0.73083776,1.0224439,0.82481754,0.87794435,0.0,-32.69348,-19.695171,12.99831,20.526504242131065,87.36116138062346,3,"{""geodesic"":false,""type"":""Point"",""coordinates"":[87.36116138062346,20.526504242131065]}"
1009,0.0,1.0,0.0,0.0468,0.1541307,0.0343,0.0619,0.0548,0.0471,-0.13577981,0.0519,0.0469,0.0456,0.0415,0.0445,0.094986804,1.3604652,0.0,1.125,0.7596774,0.094986804,-0.06002265,-0.07676349,-0.06320542,0.8792373,1.2063954,0.8579235,0.852459,1.125,0.73134327,0.9915254,0.0,-33.13379,-19.968203,13.165588,20.526504242131065,87.45099290903542,3,"{""geodesic"":false,""type"":""Point"",""coordinates"":[87.45099290903542,20.526504242131065]}"
1010,0.0,1.0,0.0,0.0381,0.08857143,0.0319,0.0482,0.0423,0.042,-0.06873614,0.0425,0.0404,0.0425,0.0407,0.0425,0.121212125,1.190625,0.0,0.9338235,0.8695652,0.121212125,0.032994922,0.0,-0.015719468,0.96674585,1.271875,0.990566,0.8985849,0.9338235,0.83507854,0.9049881,0.0,-32.741116,-18.916092,13.825021,20.526504242131065,87.54082443744737,3,"{""geodesic"":false,""type"":""Point"",""coordinates"":[87.54082443744737,20.526504242131065]}"
1011,0.0,1.0,0.0,0.0388,0.08077995,0.033,0.0404,0.0376,0.0395,-0.01126408,0.0448,0.0384,0.0379,0.0334,0.038,0.006024096,1.1722054,0.0,1.158209,0.97530866,0.006024096,-0.07479224,-0.082125604,-0.08367627,0.84343433,1.0090635,1.0477453,1.0291777,1.158209,0.84832907,0.97979796,0.0,-31.929138,-18.624004,13.305135,20.526504242131065,87.63065596585932,3,"{""geodesic"":false,""type"":""Point"",""coordinates"":[87.63065596585932,20.526504242131065]}"
1012,0.0,1.0,0.0,0.0389,0.16467066,0.0279,0.0376,0.0442,0.0432,0.06930693,0.0463,0.0404,0.0402,0.0373,0.0406,0.14417177,1.3892857,0.0,1.0401069,1.1458886,0.14417177,-0.020997375,-0.06559263,-0.07329193,0.8614319,1.3321428,0.9751693,0.87810385,1.0401069,0.7153846,0.8983834,0.0,-32.231155,-18.945057,13.286098,20.526504242131065,87.72048749427127,3,"{""geodesic"":false,""type"":""Point"",""coordinates"":[87.72048749427127,20.526504242131065]}"
1013,0.0,1.0,0.0,0.0472,0.05711086,0.0421,0.0561,0.051,0.0476,-0.08196721,0.0542,0.0489,0.0496,0.0432,0.0455,0.012895662,1.1184834,0.0,1.0900693,0.8469751,0.012895662,-0.044247787,-0.08726179,-0.04845815,0.9056604,1.0236967,0.9315069,0.92367905,1.0900693,0.8900634,0.9895178,0.0,-31.550947,-17.851063,13.699884,20.526504242131065,87.81031902268322,3,"{""geodesic"":false,""type"":""Point"",""coordinates"":[87.81031902268322,20.526504242131065]}"
1014,357.0,0.9986295,-0.052335955,0.30395,0.1714038,0.215,0.07105,0.10075,0.1131,0.22834645,0.1539,0.2109,0.23415,0.239,0.25655,0.052863438,1.4130636,324.0,1.2712255,1.5895995,0.052863438,-0.11962427,0.25009137,0.35756886,2.1113074,1.1111112,1.1214675,3.013882,1.2712255,0.70712054,2.6850708,0.0,-16.972834,-10.154472,6.818361,20.616335770543017,82.68992190320195,3,"{""geodesic"":false,""type"":""Point"",""coordinates"":[82.68992190320195,20.616335770543017]}"
1015,158.0,-0.92718387,0.37460658,0.292,0.17057526,0.2069,0.06225,0.0843,0.10235,0.2436209,0.13825,0.18505,0.20625,0.21115,0.2291,0.010166248,1.410628,336.0,1.3822485,1.6415397,0.010166248,-0.16068767,0.24731183,0.34704944,2.0610054,1.0200483,1.2126777,3.4597156,1.3822485,0.70831907,2.8501709,0.0,-15.835511,-9.131101,6.70441,20.616335770543017,82.7797534316139,3,"{""geodesic"":false,""type"":""Point"",""coordinates"":[82.7797534316139,20.616335770543017]}"
1016,105.0,-0.25881904,0.9659258,0.2797,0.1800443,0.19435,0.0617,0.08435,0.10155,0.24410413,0.14425,0.19585,0.21845,0.224,0.24435,0.07087367,1.438416,312.0,1.2481035,1.6432039,0.07087367,-0.110581696,0.25759137,0.3761327,2.20364,1.151967,1.2024866,3.3120189,1.2481035,0.69460326,2.7515986,0.0,-16.54226,-9.719365,6.8228936,20.616335770543017,82.86958496002586,3,"{""geodesic"":false,""type"":""Point"",""coordinates"":[82.86958496002586,20.616335770543017]}"
1017,137.0,-0.7313537,0.6819984,0.26015,0.175288,0.18255,0.06255,0.08485,0.0946,0.20394528,0.13095,0.17495,0.1924,0.19835,0.2162,0.041480705,1.4243088,295.0,1.3109095,1.509976,0.041480705,-0.13478735,0.24557108,0.354156,2.094509,1.0859567,1.1135962,3.0623896,1.3109095,0.70144093,2.747096,0.0,-16.090504,-9.438714,6.6517897,20.616335770543017,82.95941648843781,3,"{""geodesic"":false,""type"":""Point"",""coordinates"":[82.95941648843781,20.616335770543017]}"
1018,166.0,-0.9702957,0.2419219,0.2483,0.21566707,0.1602,0.05575,0.07775,0.08065,0.18255132,0.1282,0.19205,0.2177,0.22495,0.2439,0.16811632,1.5489707,285.0,1.1033103,1.4440465,0.16811632,-0.04933967,0.3109379,0.47218585,2.7857585,1.4033062,1.0359666,3.189467,1.1033103,0.64492756,3.0749226,0.0,-15.818469,-9.326045,6.492424,20.616335770543017,83.04924801684976,3,"{""geodesic"":false,""type"":""Point"",""coordinates"":[83.04924801684976,20.616335770543017]}"
1019,51.0,0.6293204,0.777146,0.27905,0.17260216,0.1969,0.0696,0.08945,0.10345,0.1956082,0.14565,0.20135,0.22555,0.2317,0.2498,0.08119459,1.4164975,277.0,1.2038395,1.4842181,0.08119459,-0.09270681,0.26337084,0.38266447,2.2375665,1.1761421,1.1552205,3.1161363,1.2038395,0.7053555,2.6948335,0.0,-16.706318,-9.520757,7.185562,20.616335770543017,83.13907954526171,3,"{""geodesic"":false,""type"":""Point"",""coordinates"":[83.13907954526171,20.616335770543017]}"
1020,83.0,0.12186934,0.99254614,0.2702,0.15928349,0.19595,0.0682,0.08935,0.10045,0.19122443,0.13905,0.18815,0.20965,0.2169,0.23365,0.050744824,1.3782198,229.0,1.2451613,1.4707174,0.050744824,-0.109423116,0.25382346,0.366945,2.1571357,1.1063504,1.1229737,3.0206819,1.2451613,0.72493523,2.6872203,0.0,-16.785055,-9.9199505,6.865105,20.616335770543017,83.31874260208562,3,"{""geodesic"":false,""type"":""Point"",""coordinates"":[83.31874260208562,20.616335770543017]}"
1021,147.0,-0.83867055,0.54463905,0.23675,0.21784979,0.15205,0.06095,0.0817,0.0853,0.16649573,0.12955,0.19,0.2134,0.22315,0.24205,0.18949893,1.5560303,237.0,1.0604703,1.3972154,0.18949893,-0.029571647,0.3027449,0.446912,2.6129978,1.4666448,1.0427873,2.8942542,1.0604703,0.6419675,2.7722483,0.0,-15.672726,-8.899475,6.7732506,20.616335770543017,83.40857413049757,3,"{""geodesic"":false,""type"":""Point"",""coordinates"":[83.40857413049757,20.616335770543017]}"
1022,85.0,0.087155744,0.9961947,0.2465,0.21338913,0.1598,0.0567,0.07575,0.07885,0.16340834,0.11995,0.18185,0.2074,0.2132,0.2317,0.14316353,1.5415885,190.0,1.1556493,1.3882042,0.14316353,-0.072438546,0.3177876,0.46002397,2.7004433,1.3333334,1.0395517,3.2498353,1.1556493,0.648013,3.1222293,0.0,-14.416912,-7.97639,6.440522,20.616335770543017,83.49840565890952,3,"{""geodesic"":false,""type"":""Point"",""coordinates"":[83.49840565890952,20.616335770543017]}"
1023,46.0,0.6946584,0.7193398,0.2987,0.16759503,0.21295,0.0796,0.10395,0.1171,0.19064565,0.1586,0.20545,0.22825,0.23455,0.25555,0.048268158,1.4020183,163.0,1.2729597,1.4692597,0.048268158,-0.12030005,0.23409393,0.33399686,2.0012798,1.1009153,1.1254205,2.8707352,1.2729597,0.7126841,2.5486348,0.0,-17.422186,-9.880656,7.5415297,20.616335770543017,83.58823718732147,3,"{""geodesic"":false,""type"":""Point"",""coordinates"":[83.58823718732147,20.616335770543017]}"
1024,56.0,0.5591929,0.82903755,0.29165,0.16369078,0.2096,0.0793,0.1055,0.11775,0.19512814,0.1615,0.2095,0.23075,0.23685,0.25685,0.06103707,1.3907964,157.0,1.2308503,1.4829975,0.06103707,-0.103689685,0.2279192,0.3358714,2.0097582,1.1294707,1.1150569,2.761837,1.2308503,0.7184233,2.474756,0.0,-17.861704,-10.677243,7.1844606,20.616335770543017,83.67806871573343,3,"{""geodesic"":false,""type"":""Point"",""coordinates"":[83.67806871573343,20.616335770543017]}"
1025,336.0,0.9135454,-0.40673664,0.23005,0.22301967,0.14615,0.05515,0.07725,0.07925,0.17931548,0.1266,0.18985,0.21455,0.2223,0.2406,0.20667662,1.5729915,209.0,1.0343975,1.4343891,0.20667662,-0.017132752,0.31045753,0.47438237,2.8015122,1.52,1.0245637,2.9741435,1.0343975,0.6350206,2.899181,1.0,-14.791312,-8.302206,6.4891057,20.616335770543017,83.85773177255733,3,"{""geodesic"":false,""type"":""Point"",""coordinates"":[83.85773177255733,20.616335770543017]}"
1026,355.0,0.9961947,-0.087155744,0.2002,0.25951558,0.1177,0.0515,0.0744,0.0669,0.13006757,0.1159,0.1856,0.2173,0.2248,0.2475,0.31270072,1.6994907,311.0,0.89017344,1.2965117,0.31270072,0.057882354,0.36213538,0.54130954,3.355224,1.9083192,0.8979866,2.6872482,0.89017344,0.5876186,2.9880598,1.0,-15.085065,-8.270733,6.814332,20.616335770543017,83.94756330096928,3,"{""geodesic"":false,""type"":""Point"",""coordinates"":[83.94756330096928,20.616335770543017]}"
1027,341.0,0.94551855,-0.32556817,0.2354,0.23504722,0.1458,0.0563,0.0759,0.0755,0.14567527,0.1185,0.1811,0.2081,0.2207,0.2407,0.20436563,1.6134338,268.0,1.0661232,1.3386525,0.20436563,-0.032229774,0.34020045,0.4902093,2.9193122,1.5126799,0.9934211,3.0973685,1.0661232,0.61910826,3.1137567,1.0,-14.184695,-7.6883287,6.4963665,20.616335770543017,84.03739482938123,3,"{""geodesic"":false,""type"":""Point"",""coordinates"":[84.03739482938123,20.616335770543017]}"
1028,351.0,0.98768836,-0.15643446,0.27,0.22587968,0.1705,0.0616,0.08245,0.0841,0.1544269,0.13205,0.2047,0.23325,0.24075,0.2657,0.17082067,1.5826495,227.0,1.1210297,1.363047,0.17082067,-0.057268724,0.33601508,0.48222256,2.8592637,1.4111958,1.0187765,3.270745,1.1210297,0.6312477,3.2066507,1.0,-14.918753,-8.838308,6.080444,20.616335770543017,84.21705788620514,3,"{""geodesic"":false,""type"":""Point"",""coordinates"":[84.21705788620514,20.616335770543017]}"
1029,338.0,0.92718387,-0.37460658,0.2091,0.3034128,0.11175,0.04865,0.06935,0.06015,0.105698526,0.11995,0.2234,0.25915,0.269,0.2883,0.41300064,1.8694681,384.0,0.7770346,1.2338462,0.41300064,0.12528759,0.41236988,0.63451314,4.4647303,2.4050066,0.8660907,3.0107992,0.7770346,0.53417784,3.4705393,1.0,-14.226077,-7.6935353,6.5325413,20.616335770543017,84.30688941461709,3,"{""geodesic"":false,""type"":""Point"",""coordinates"":[84.30688941461709,20.616335770543017]}"
1030,7.0,0.99254614,0.12186934,0.23935,0.23439917,0.14845,0.0621,0.08,0.07905,0.120085016,0.13655,0.2112,0.24435,0.25315,0.2747,0.26070717,1.611242,198.0,0.94511354,1.2709004,0.26070717,0.028020304,0.33592704,0.5240819,3.1983576,1.7041401,0.9868914,2.9881399,0.94511354,0.6199624,3.024005,1.0,-15.321639,-8.991337,6.330302,20.616335770543017,84.48655247144099,3,"{""geodesic"":false,""type"":""Point"",""coordinates"":[84.48655247144099,20.616335770543017]}"
1031,29.0,0.8746197,0.4848096,0.2846,0.1625817,0.205,0.072,0.09685,0.1142,0.22663802,0.1517,0.2017,0.22685,0.23095,0.25025,0.059525173,1.3876158,123.0,1.231768,1.5839112,0.059525173,-0.10406362,0.24517974,0.3382587,2.02056,1.126036,1.1779268,2.9355338,1.231768,0.7200562,2.4899387,1.0,-16.620584,-10.065846,6.5547376,20.616335770543017,84.57638399985295,3,"{""geodesic"":false,""type"":""Point"",""coordinates"":[84.57638399985295,20.616335770543017]}"
1032,204.0,-0.9135454,-0.40673664,0.17815,0.14731927,0.1324,0.06445,0.09085,0.09855,0.20920245,0.12105,0.1425,0.1589,0.15825,0.1693,0.08893859,1.3445283,112.0,1.1250395,1.5267235,0.08893859,-0.059155766,0.16617875,0.23247664,1.6041561,1.1943396,1.0835624,1.9587686,1.1250395,0.742777,1.8058794,1.0,-19.627047,-12.713585,6.913461,20.616335770543017,84.6662155282649,3,"{""geodesic"":false,""type"":""Point"",""coordinates"":[84.6662155282649,20.616335770543017]}"
1033,244.0,-0.43837115,-0.89879405,0.20955,0.2561067,0.1241,0.0443,0.0673,0.0566,0.121902876,0.1115,0.1923,0.2225,0.2309,0.25275,0.30084506,1.687198,231.0,0.9071429,1.2747748,0.30084506,0.048473153,0.3877831,0.6062609,4.0723104,1.8590982,0.8397626,3.1090505,0.9071429,0.591939,3.6957672,1.0,-13.005652,-6.7156434,6.2900085,20.616335770543017,84.8458785850888,3,"{""geodesic"":false,""type"":""Point"",""coordinates"":[84.8458785850888,20.616335770543017]}"
1034,234.0,-0.58778524,-0.809017,0.2074,0.2611736,0.1215,0.0396,0.0636,0.0591,0.19756839,0.1073,0.1822,0.2107,0.2208,0.2346,0.2900964,1.7055922,417.0,0.93888634,1.488665,0.2900964,0.031293787,0.37233108,0.57770634,3.7297297,1.8157895,0.92778647,3.255887,0.93888634,0.58554214,3.5033784,1.0,-13.352654,-7.24758,6.1050744,20.616335770543017,84.93571011350076,3,"{""geodesic"":false,""type"":""Point"",""coordinates"":[84.93571011350076,20.616335770543017]}"
1035,136.0,-0.7193398,0.6946584,0.1743,0.30366492,0.0931,0.0353,0.0623,0.0445,0.11528822,0.1085,0.2294,0.2654,0.2659,0.2852,0.48133704,1.8701717,498.0,0.6552632,1.2570622,0.48133704,0.20808724,0.4488189,0.71327317,5.9618835,2.8530042,0.713141,2.7932692,0.6552632,0.5338303,3.9080718,0.0,-13.682389,-7.070577,6.611812,20.616335770543017,85.02554164191271,3,"{""geodesic"":false,""type"":""Point"",""coordinates"":[85.02554164191271,20.616335770543017]}"
1036,21.0,0.9335804,0.35836795,0.2628,0.18245219,0.1817,0.06625,0.0901,0.08865,0.14460942,0.13505,0.22,0.24365,0.2484,0.2652,0.15508021,1.4455446,198.0,1.0575453,1.3360964,0.15508021,-0.028169014,0.32517177,0.4739653,2.7988732,1.3663366,0.982816,2.9135256,1.0575453,0.6911373,2.9611268,1.0,-16.326729,-9.417389,6.9093404,20.616335770543017,85.20520469873661,3,"{""geodesic"":false,""type"":""Point"",""coordinates"":[85.20520469873661,20.616335770543017]}"
1037,317.0,0.7313537,-0.6819984,0.2069,0.2617777,0.12105,0.0465,0.0644,0.05325,0.067669176,0.10555,0.1858,0.2132,0.2185,0.2337,0.2869975,1.7078003,150.0,0.9464776,1.1427039,0.2869975,0.027268453,0.37774503,0.6080957,4.0955954,1.8035493,0.8255814,3.207752,0.9464776,0.5847826,3.878163,0.0,-13.816164,-7.746653,6.0695105,20.616335770543017,85.38486775556052,3,"{""geodesic"":false,""type"":""Point"",""coordinates"":[85.38486775556052,20.616335770543017]}"
1038,22.0,0.92718387,0.37460658,0.2225,0.21917808,0.1425,0.05335,0.07795,0.07925,0.19532429,0.1284,0.2001,0.22695,0.22925,0.24545,0.23335575,1.5603086,101.0,0.970133,1.4826941,0.23335575,0.014941893,0.31309348,0.48622367,2.889099,1.6076437,1.0153748,2.8507366,0.970133,0.64016175,2.8040328,0.0,-15.698,-9.324271,6.3737283,20.616335770543017,85.56453081238442,3,"{""geodesic"":false,""type"":""Point"",""coordinates"":[85.56453081238442,20.616335770543017]}"
1039,115.0,-0.42261827,0.9063078,0.2854,0.11126253,0.22825,0.07895,0.10325,0.125,0.22579063,0.16735,0.199,0.21355,0.216,0.23105,-0.027574563,1.2498357,64.0,1.3206849,1.5812777,-0.027574563,-0.13841245,0.15988956,0.26686218,1.7266186,0.94591635,1.2094823,2.76149,1.3206849,0.7994746,2.281375,0.0,-18.94523,-10.824433,8.120797,20.616335770543017,86.01368845444418,3,"{""geodesic"":false,""type"":""Point"",""coordinates"":[86.01368845444418,20.616335770543017]}"
1040,153.0,-0.8910065,0.4539905,0.29485,0.183879,0.20325834,0.06896,0.099,0.111,0.23360747,0.15795,0.230925,0.25495,0.25635,0.27585,0.11551502,1.4499037,18.0,1.1497368,1.607298,0.11551502,-0.069847606,0.27178425,0.3956717,2.3073807,1.2605827,1.1200807,2.9752774,1.1497368,0.6891281,2.6539154,0.0,-17.01865,-9.295392,7.723259,20.616335770543017,86.10351998285613,3,"{""geodesic"":false,""type"":""Point"",""coordinates"":[86.10351998285613,20.616335770543017]}"
1041,232.0,-0.6156615,-0.7880108,0.3357,0.13970463,0.2534,0.0862,0.1238,0.1468,0.26008585,0.1917,0.233,0.2554,0.2613,0.2827,0.015348746,1.3242604,16.0,1.2842387,1.7010429,0.015348746,-0.12462311,0.19182125,0.28056848,1.778761,1.0307692,1.1848265,2.709443,1.2842387,0.75461584,2.285228,0.0,-17.508905,-10.048668,7.4602375,20.616335770543017,86.19335151126809,3,"{""geodesic"":false,""type"":""Point"",""coordinates"":[86.19335151126809,20.616335770543017]}"
1042,127.0,-0.60181504,0.7986355,0.2762,0.18821251,0.1887,0.0615,0.091,0.1027,0.25091353,0.1526,0.227,0.2512,0.2571,0.2823,0.15343203,1.4629238,24.0,1.0738724,1.6672078,0.15343203,-0.03581474,0.2982295,0.4291273,2.5009727,1.3617585,1.1273326,3.0318332,1.0738724,0.6829533,2.6867704,0.0,-16.328163,-9.377567,6.9505954,20.616335770543017,86.28318303968004,3,"{""geodesic"":false,""type"":""Point"",""coordinates"":[86.28318303968004,20.616335770543017]}"
1043,108.0,-0.309017,0.95105654,0.3144,0.17951603,0.2187,0.0693,0.0997,0.1169,0.2556391,0.1616,0.2175,0.2448,0.2553,0.2749,0.07721519,1.4369287,11.0,1.2310102,1.684438,0.07721519,-0.10373881,0.25956473,0.3718431,2.1820512,1.166819,1.1713427,3.1503005,1.2310102,0.6953895,2.6871796,0.0,-16.852636,-10.352692,6.499944,20.616335770543017,86.37301456809199,3,"{""geodesic"":false,""type"":""Point"",""coordinates"":[86.37301456809199,20.616335770543017]}"
1044,103.0,-0.22495106,0.97437006,0.2866,0.17386852,0.2017,0.0566,0.0946,0.098,0.26778784,0.1448,0.2182,0.2458,0.2545,0.273,0.11573871,1.420218,7.0,1.1256874,1.7283951,0.11573871,-0.0593236,0.30684537,0.44397163,2.5942914,1.2611496,1.0348469,3.0263991,1.1256874,0.70352286,2.9215086,0.0,-16.972898,-10.788235,6.1846642,20.616335770543017,86.55267762491589,3,"{""geodesic"":false,""type"":""Point"",""coordinates"":[86.55267762491589,20.616335770543017]}"
1045,90.0,6.123234E-17,1.0,0.2779,0.18735313,0.1902,0.057,0.0883,0.091,0.22972973,0.1472,0.2419,0.277,0.2829,0.303,0.19594166,1.4603258,5.0,0.9819788,1.5936953,0.19594166,0.008915834,0.3460684,0.51323885,3.1053786,1.4866002,1.0294118,3.143665,0.9819788,0.6841727,3.050494,0.0,-17.069424,-10.328808,6.740616,20.616335770543017,86.64250915332785,3,"{""geodesic"":false,""type"":""Point"",""coordinates"":[86.64250915332785,20.616335770543017]}"
1046,90.0,6.123234E-17,1.0,0.2915,0.20678948,0.1916,0.073,0.1056,0.1048,0.17885265,0.1607,0.2605,0.293,0.292,0.3199,0.2076096,1.5206051,4.0,0.9979459,1.4336525,0.2076096,8.56898E-4,0.3312526,0.4717742,2.7836034,1.5232134,0.99148536,2.757805,0.9979459,0.6570645,2.778837,0.0,-16.313715,-10.302328,6.0113854,20.616335770543017,86.7323406817398,3,"{""geodesic"":false,""type"":""Point"",""coordinates"":[86.7323406817398,20.616335770543017]}"
1047,192.0,-0.9781476,-0.20791169,0.3911,0.16208588,0.282,0.1083,0.1372,0.1733,0.23082386,0.2128,0.2414,0.2604,0.2733,0.2931,-0.015667208,1.3863878,4.0,1.4305048,1.5987085,-0.015667208,-0.17730282,0.15872702,0.22391401,1.5761245,0.9688054,1.2621995,2.848507,1.4305048,0.7208589,2.2554786,0.0,-19.253931,-12.128446,7.1254854,20.616335770543017,86.82217221015175,3,"{""geodesic"":false,""type"":""Point"",""coordinates"":[86.82217221015175,20.616335770543017]}"
1048,147.0,-0.83867055,0.54463905,0.03,0.14285715,0.0225,0.081,0.1026,0.0727,-0.0540013,0.0721,0.0494,0.0495,0.0432,0.0442,0.31506848,1.3274336,4.0,0.69284064,0.8964242,0.31506848,0.18032786,-0.23989682,-0.25452977,0.5934066,1.9115044,0.70788705,0.29211295,0.69284064,0.7475083,0.41208792,0.0,-30.784052,-20.13445,10.649602,20.616335770543017,86.9120037385637,3,"{""geodesic"":false,""type"":""Point"",""coordinates"":[86.9120037385637,20.616335770543017]}"
1049,90.0,6.123234E-17,1.0,0.0277,0.13874614,0.02095,0.07155,0.075,0.0494,-0.18313353,0.05105,0.0424,0.0414,0.03465,0.0369,0.24640287,1.3159145,0.0,0.7971223,0.68946266,0.24640287,0.111467525,-0.16088687,-0.17549078,0.7,1.6460807,0.6577896,0.36884156,0.7971223,0.75359714,0.55959594,0.0,-33.367672,-20.08018,13.287494,20.616335770543017,87.09166679538761,3,"{""geodesic"":false,""type"":""Point"",""coordinates"":[87.09166679538761,20.616335770543017]}"
1050,0.0,1.0,0.0,0.0322,0.0952381,0.0266,0.0724,0.0675,0.0478,-0.2046589,0.0495,0.044,0.0437,0.0392,0.0404,0.19148937,1.2059925,0.0,0.81933844,0.65931034,0.19148937,0.09803922,-0.10122358,-0.09885058,0.8183716,1.4681648,0.7071006,0.47633135,0.81933844,0.8235294,0.6722338,0.0,-33.342255,-20.066797,13.275459,20.616335770543017,87.18149832379956,3,"{""geodesic"":false,""type"":""Point"",""coordinates"":[87.18149832379956,20.616335770543017]}"
1051,0.0,1.0,0.0,0.0427,0.086513996,0.0359,0.0669,0.0611,0.0471,-0.17368421,0.0506,0.0445,0.0436,0.0393,0.0423,0.045212764,1.1861111,0.0,1.0837563,0.70298505,0.045212764,-0.041463416,-0.08934338,-0.090277776,0.8326271,1.0916667,0.76960784,0.6977124,1.0837563,0.83878505,0.904661,0.0,-33.291946,-20.403091,12.888855,20.616335770543017,87.45099290903542,3,"{""geodesic"":false,""type"":""Point"",""coordinates"":[87.45099290903542,20.616335770543017]}"
1052,0.0,1.0,0.0,0.0394,0.13872832,0.0298,0.0499,0.046,0.0431,-0.07311828,0.0472,0.0424,0.0419,0.0402,0.0415,0.14857143,1.3177258,0.0,0.9776675,0.862,0.14857143,0.010050251,-0.064261556,-0.034813926,0.9305556,1.3444816,0.93492407,0.8546638,0.9776675,0.75443035,0.912037,0.0,-31.808554,-19.237938,12.570617,20.616335770543017,87.63065596585932,3,"{""geodesic"":false,""type"":""Point"",""coordinates"":[87.63065596585932,20.616335770543017]}"
1053,0.0,1.0,0.0,0.0382,0.13859911,0.0289,0.052,0.0465,0.0441,-0.08220603,0.0486,0.0441,0.0437,0.041,0.0427,0.17310444,1.3172414,0.0,0.9294404,0.84644914,0.17310444,0.035353534,-0.06462213,-0.036427733,0.9276018,1.4137931,0.94635195,0.8197425,0.9294404,0.7545692,0.8642534,0.0,-31.060886,-18.206413,12.854474,20.616335770543017,87.72048749427127,3,"{""geodesic"":false,""type"":""Point"",""coordinates"":[87.72048749427127,20.616335770543017]}"
1054,0.0,1.0,0.0,0.0449,0.1989319,0.03,0.0529,0.0487,0.0478,-0.05064548,0.0518,0.0479,0.0479,0.044,0.0461,0.1891892,1.4916943,0.0,1.0181406,0.9018868,0.1891892,-0.010123734,-0.058222678,-0.041394334,0.91858035,1.461794,0.9795082,0.920082,1.0181406,0.6666667,0.9373695,0.0,-31.59866,-18.124678,13.473983,20.616335770543017,87.81031902268322,3,"{""geodesic"":false,""type"":""Point"",""coordinates"":[87.81031902268322,20.616335770543017]}"
1055,0.0,1.0,0.0,0.0439,0.19455782,0.0296,0.0578,0.0512,0.0479,-0.09366131,0.0533,0.0492,0.0495,0.0439,0.0461,0.19455782,1.4781145,0.0,0.9977273,0.82728845,0.19455782,0.0,-0.072434604,-0.043572985,0.9145833,1.4781145,0.9337232,0.8557505,0.9977273,0.6727273,0.9145833,0.0,-31.535685,-18.119358,13.4163265,20.616335770543017,87.90015055109518,3,"{""geodesic"":false,""type"":""Point"",""coordinates"":[87.90015055109518,20.616335770543017]}"
1056,107.0,-0.2923717,0.9563047,0.3133,0.17165296,0.2215,0.0724,0.0975,0.1144,0.2248394,0.1535,0.2047,0.2293,0.2385,0.2567,0.036956523,1.4138087,361.0,1.3130763,1.577931,0.036956523,-0.13555636,0.2515846,0.3516577,2.0829694,1.0762635,1.1721312,3.210041,1.3130763,0.7067645,2.7362444,0.0,-17.212246,-10.583894,6.6283526,20.70616729895497,82.60009037479,3,"{""geodesic"":false,""type"":""Point"",""coordinates"":[82.60009037479,20.70616729895497]}"
1057,289.0,0.32556817,-0.94551855,0.3014,0.16460587,0.2162,0.0613,0.0827,0.1061,0.26762247,0.1427,0.1773,0.2009,0.2084,0.2305,-0.018370232,1.393435,338.0,1.4455636,1.728013,-0.018370232,-0.18242449,0.23526259,0.32527822,1.9623352,0.96347666,1.2814009,3.6400967,1.4455636,0.71708125,2.8380415,0.0,-17.024755,-10.476983,6.5477724,20.70616729895497,82.68992190320195,3,"{""geodesic"":false,""type"":""Point"",""coordinates"":[82.68992190320195,20.70616729895497]}"
1058,169.0,-0.98162717,0.190809,0.2051,0.25789636,0.121,0.0508,0.0711,0.0675,0.14116652,0.1211,0.201,0.2318,0.2419,0.2583,0.33314964,1.6936417,386.0,0.84752065,1.3261297,0.33314964,0.08232662,0.36162362,0.56367165,3.5784023,1.9975227,0.9480337,2.880618,0.84752065,0.58966863,3.0340238,0.0,-13.012093,-5.8376904,7.174402,20.70616729895497,82.7797534316139,3,"{""geodesic"":false,""type"":""Point"",""coordinates"":[82.7797534316139,20.70616729895497]}"
1059,106.0,-0.27563736,0.9612617,0.247,0.18493643,0.1699,0.054,0.0768,0.085,0.22302158,0.1291,0.1829,0.2036,0.211,0.2297,0.10790233,1.4529412,330.0,1.1700616,1.5711645,0.10790233,-0.07860262,0.28037903,0.4256757,2.479436,1.2411765,1.1053315,3.2119637,1.1700616,0.6875759,2.9024677,0.0,-15.868429,-9.355531,6.512899,20.70616729895497,82.86958496002586,3,"{""geodesic"":false,""type"":""Point"",""coordinates"":[82.86958496002586,20.70616729895497]}"
1060,87.0,0.052335955,0.9986295,0.2702,0.18801868,0.184675,0.05886667,0.080425,0.0915,0.21702506,0.13455,0.18965,0.2106,0.2204,0.2337,0.08819354,1.462319,310.0,1.2253969,1.5517242,0.08819354,-0.10150836,0.26924643,0.41327348,2.4061136,1.1928021,1.136293,3.3554797,1.2253969,0.68322235,2.9497817,0.0,-16.228333,-9.817442,6.4108906,20.70616729895497,82.95941648843781,3,"{""geodesic"":false,""type"":""Point"",""coordinates"":[82.95941648843781,20.70616729895497]}"
1061,91.0,-0.017452406,0.9998477,0.2971,0.15244375,0.2185,0.0598,0.0872,0.1094,0.2931442,0.1493,0.1943,0.2154,0.2234,0.2396,0.011088481,1.3591034,271.0,1.3293065,1.8263773,0.011088481,-0.14159462,0.23219337,0.34254807,2.0401826,1.0219579,1.2531501,3.4032073,1.3293065,0.73519516,2.713242,0.0,-16.20424,-9.665823,6.538419,20.70616729895497,83.04924801684976,3,"{""geodesic"":false,""type"":""Point"",""coordinates"":[83.04924801684976,20.70616729895497]}"
1062,55.0,0.57357645,0.81915206,0.2394,0.1698021,0.1699,0.0634,0.0897,0.0949,0.19898926,0.1357,0.1958,0.22,0.2226,0.2385,0.13426751,1.4082353,250.0,1.0749887,1.4944882,0.13426751,-0.036363635,0.2747194,0.40220472,2.343158,1.3094118,1.0567929,2.6659243,1.0749887,0.7093946,2.52,0.0,-16.422132,-9.361393,7.06074,20.70616729895497,83.13907954526171,3,"{""geodesic"":false,""type"":""Point"",""coordinates"":[83.13907954526171,20.70616729895497]}"
1063,51.0,0.6293204,0.777146,0.275,0.19773519,0.1842,0.0567,0.0844,0.0941,0.2480106,0.1382,0.1899,0.2115,0.2191,0.237,0.08653608,1.4921324,234.0,1.254562,1.6566901,0.08653608,-0.113134995,0.26332623,0.399106,2.3259022,1.1888226,1.1136094,3.254438,1.254562,0.6695747,2.9193206,0.0,-16.513874,-9.730269,6.783604,20.70616729895497,83.22891107367366,3,"{""geodesic"":false,""type"":""Point"",""coordinates"":[83.22891107367366,20.70616729895497]}"
1064,47.0,0.6819984,0.7313537,0.3015,0.15850145,0.219,0.0664,0.0932,0.1193,0.28486806,0.1621,0.2013,0.2202,0.2229,0.2422,0.008825527,1.376084,218.0,1.3520179,1.793985,0.008825527,-0.14988558,0.1981202,0.30274692,1.8668342,1.0173436,1.2786709,3.2315114,1.3520179,0.7261273,2.5251257,0.0,-16.658361,-9.776317,6.882045,20.70616729895497,83.31874260208562,3,"{""geodesic"":false,""type"":""Point"",""coordinates"":[83.31874260208562,20.70616729895497]}"
1065,41.0,0.7547096,0.656059,0.1892,0.2676717,0.1093,0.0449,0.0662,0.0616,0.15680751,0.1121,0.176,0.2021,0.2136,0.2318,0.3230102,1.7294333,234.0,0.8853533,1.3688889,0.3230102,0.06057597,0.3480663,0.5523256,3.4619124,1.952468,0.9291101,2.8536954,0.8853533,0.5773904,3.0664506,0.0,-14.117145,-7.891137,6.2260075,20.70616729895497,83.40857413049757,3,"{""geodesic"":false,""type"":""Point"",""coordinates"":[83.40857413049757,20.70616729895497]}"
1066,72.0,0.309017,0.95105654,0.2367,0.19154291,0.1606,0.0714,0.0932,0.0914,0.12285012,0.1352,0.2111,0.2428,0.2453,0.2632,0.20867209,1.4729309,177.0,0.9645477,1.2783216,0.20867209,0.017842324,0.32128513,0.45708346,2.6808743,1.5264468,0.9796356,2.5369775,0.9645477,0.6782095,2.5868852,0.0,-15.115096,-5.814552,9.300545,20.70616729895497,83.49840565890952,3,"{""geodesic"":false,""type"":""Point"",""coordinates"":[83.49840565890952,20.70616729895497]}"
1067,51.0,0.6293204,0.777146,0.281275,0.16211331,0.2028,0.080015786,0.10381,0.1136,0.17345801,0.1542111,0.20292222,0.22568572,0.23050556,0.25118333,0.063939996,1.386274,140.0,1.2197235,1.4179476,0.063939996,-0.09920159,0.23920462,0.33973747,2.0273137,1.136055,1.0932537,2.70691,1.2197235,0.72074634,2.4738348,0.0,-17.882055,-10.8426,7.039456,20.70616729895497,83.67806871573343,3,"{""geodesic"":false,""type"":""Point"",""coordinates"":[83.67806871573343,20.70616729895497]}"
1068,351.0,0.98768836,-0.15643446,0.28574,0.1999832,0.1905,0.066925,0.09240357,0.10016666,0.19894269,0.14577143,0.20941667,0.23498571,0.24073334,0.26362,0.11648759,1.4991605,150.0,1.1864637,1.4944673,0.11648759,-0.085487075,0.2878628,0.4123399,2.400931,1.263029,1.082841,3.0889618,1.1864637,0.66645676,2.8498006,0.0,-15.5791445,-8.772908,6.8062363,20.70616729895497,83.76790024414538,3,"{""geodesic"":false,""type"":""Point"",""coordinates"":[83.76790024414538,20.70616729895497]}"
1069,358.0,0.99939084,-0.034899496,0.299,0.1882762,0.20425,0.0641,0.08975,0.10015,0.2194825,0.1468,0.2036,0.2303,0.2381,0.25885,0.07652312,1.4631759,156.0,1.2552477,1.5599688,0.07652312,-0.113386706,0.27622333,0.40783444,2.3750622,1.1651578,1.1146355,3.3277686,1.2552477,0.68288195,2.9825437,1.0,-14.674508,-8.070753,6.603755,20.70616729895497,84.03739482938123,3,"{""geodesic"":false,""type"":""Point"",""coordinates"":[84.03739482938123,20.70616729895497]}"
1070,358.0,0.99939084,-0.034899496,0.26393333,0.19810857,0.17665,0.0617,0.07995385,0.08555555,0.16200106,0.13745384,0.19682667,0.22566667,0.2353,0.2575,0.14237164,1.4932579,171.0,1.1212121,1.384394,0.14237164,-0.05735461,0.30394983,0.4667036,2.7470489,1.3312589,1.0687251,3.2969475,1.1212121,0.6690443,3.0813334,1.0,-16.639626,-9.967477,6.672148,20.70616729895497,84.12722635779319,3,"{""geodesic"":false,""type"":""Point"",""coordinates"":[84.12722635779319,20.70616729895497]}"
1071,326.0,0.82903755,-0.5591929,0.2957,0.17132105,0.2092,0.074218184,0.09274667,0.105145454,0.17242777,0.14769776,0.203525,0.22803333,0.23641667,0.25693333,0.06107641,1.4128046,161.0,1.250229,1.4148012,0.06107641,-0.1114104,0.26996338,0.384326,2.2463362,1.1295588,1.1324635,3.184821,1.250229,0.7072346,2.8096225,0.0,-16.39455,-9.570683,6.8238683,20.70616729895497,84.21705788620514,3,"{""geodesic"":false,""type"":""Point"",""coordinates"":[84.21705788620514,20.70616729895497]}"
1072,56.0,0.5591929,0.82903755,0.3003,0.17984481,0.20875,0.06598,0.08970416,0.10153333,0.21224181,0.14593333,0.1954,0.224175,0.233,0.25406668,0.054895304,1.4378741,90.0,1.2882882,1.5365214,0.054895304,-0.12619539,0.27033332,0.39298525,2.2925549,1.1156332,1.1306083,3.3439429,1.2882882,0.6949068,2.9547393,0.0,-15.88491,-8.893058,6.9918523,20.70616729895497,84.39672094302904,3,"{""geodesic"":false,""type"":""Point"",""coordinates"":[84.39672094302904,20.70616729895497]}"
1073,288.0,0.309017,-0.95105654,0.3142,0.15631613,0.22925,0.0788,0.107433334,0.12392,0.22257301,0.16843334,0.22515,0.25156668,0.2541111,0.2762,0.051433824,1.3699585,89.0,1.2359806,1.5705957,0.051433824,-0.10573238,0.24237199,0.3443926,2.0489526,1.1079621,1.1523869,2.9218848,1.2359806,0.72939867,2.5334623,0.0,-17.535555,-10.868095,6.66746,20.70616729895497,84.48655247144099,3,"{""geodesic"":false,""type"":""Point"",""coordinates"":[84.48655247144099,20.70616729895497]}"
1074,239.0,-0.5150381,-0.8571673,0.29546666,0.17248677,0.20853333,0.06546,0.095042855,0.10755,0.24328074,0.15215714,0.21599,0.24003333,0.2462,0.26446667,0.082832426,1.4162006,107.0,1.1996211,1.640482,0.082832426,-0.09095385,0.2695706,0.39194345,2.2870414,1.1800607,1.1304054,3.1055055,1.1996211,0.7055374,2.7446973,1.0,-17.26015,-10.540654,6.7194967,20.70616729895497,84.57638399985295,3,"{""geodesic"":false,""type"":""Point"",""coordinates"":[84.57638399985295,20.70616729895497]}"
1075,228.0,-0.6691306,-0.7431448,0.2088,0.32235593,0.107,0.04315,0.07006,0.050925,0.082646824,0.1215,0.26815,0.3059,0.30846667,0.33125,0.48491657,1.9495798,405.0,0.6766771,1.1774566,0.48491657,0.19267946,0.46327996,0.7166045,6.0454025,2.8801744,0.7258409,2.9760547,0.6766771,0.5122068,4.0921116,1.0,-14.9539175,-8.539999,6.4139185,20.70616729895497,84.6662155282649,3,"{""geodesic"":false,""type"":""Point"",""coordinates"":[84.6662155282649,20.70616729895497]}"
1076,190.0,-0.9848077,-0.17364818,0.2129,0.27199402,0.12185,0.04806154,0.07324545,0.058325,0.096473314,0.114533335,0.2101875,0.2424,0.24623333,0.27375,0.33792168,1.7457975,320.0,0.86427605,1.2110286,0.33792168,0.07260055,0.4100528,0.61698633,4.21452,2.0191336,0.79520947,2.902702,0.86427605,0.5720657,3.6439881,0.0,-13.894645,-7.801049,6.0935955,20.70616729895497,84.75604705667685,3,"{""geodesic"":false,""type"":""Point"",""coordinates"":[84.75604705667685,20.70616729895497]}"
1077,204.0,-0.9135454,-0.40673664,0.2318,0.2539558,0.13791,0.047993332,0.0743,0.060284615,0.113516025,0.11877143,0.1985762,0.22556,0.231,0.251375,0.25233796,1.6795884,341.0,1.003029,1.2534921,0.25233796,-0.0017286085,0.35824627,0.5860776,3.8254776,1.6737918,0.8102771,3.1155913,1.003029,0.594696,3.838726,1.0,-13.606085,-7.3687263,6.2373586,20.70616729895497,84.8458785850888,3,"{""geodesic"":false,""type"":""Point"",""coordinates"":[84.8458785850888,20.70616729895497]}"
1078,36.0,0.809017,0.58778524,0.22555,0.22631508,0.1423,0.04545,0.06425,0.0615,0.15007013,0.1102,0.1791,0.2066,0.21255,0.2314,0.19797097,1.5839186,384.0,1.0606631,1.3501647,0.19797097,-0.029673591,0.35480094,0.5511768,3.450487,1.4926264,0.95571095,3.5050504,1.0606631,0.6306226,3.661526,1.0,-12.466929,-6.4672623,5.999667,20.70616729895497,84.93571011350076,3,"{""geodesic"":false,""type"":""Point"",""coordinates"":[84.93571011350076,20.70616729895497]}"
1079,39.0,0.777146,0.6293204,0.2365,0.20249142,0.15685,0.06065,0.0861,0.0836,0.15909879,0.13245,0.2144,0.2409,0.24485,0.26145,0.21906896,1.5068493,258.0,0.96550316,1.3761317,0.21906896,0.017347045,0.3274943,0.4909423,2.9253285,1.560051,0.9698376,2.7436194,0.96550316,0.66293323,2.8255675,1.0,-15.589474,-9.06135,6.5281243,20.70616729895497,85.02554164191271,3,"{""geodesic"":false,""type"":""Point"",""coordinates"":[85.02554164191271,20.70616729895497]}"
1080,24.0,0.9135454,0.40673664,0.23655,0.18784785,0.16173333,0.0663,0.08424,0.0873,0.13671875,0.12885,0.19046667,0.2127,0.2162,0.23325,0.14411713,1.461689,129.0,1.09362,1.314759,0.14411713,-0.044947542,0.28831816,0.4247117,2.4736843,1.3359423,1.035096,2.804719,1.09362,0.6834284,2.7065217,0.0,-16.437342,-10.018591,6.418751,20.70616729895497,85.11537317032466,3,"{""geodesic"":false,""type"":""Point"",""coordinates"":[85.11537317032466,20.70616729895497]}"
1081,1.0,0.9998477,0.017452406,0.2623,0.16474245,0.1881,0.07595,0.09485,0.10325,0.15234375,0.14055,0.1955,0.2145,0.21985,0.2405,0.07782817,1.39373,106.0,1.1925437,1.3576595,0.07782817,-0.08804314,0.26230153,0.36087897,2.1272376,1.1681721,1.0874144,2.7625065,1.1925437,0.7168445,2.5379777,0.0,-17.02565,-10.19069,6.8349605,20.70616729895497,85.20520469873661,3,"{""geodesic"":false,""type"":""Point"",""coordinates"":[85.20520469873661,20.70616729895497]}"
1082,2.0,0.99939084,0.034899496,0.2066,0.1992454,0.13795,0.06085,0.0811,0.0807,0.14023313,0.11935,0.1784,0.19695,0.1969,0.2121,0.17604898,1.4965593,127.0,1.048731,1.3240361,0.17604898,-0.024039652,0.27983105,0.4185879,2.4368813,1.4262948,0.99384236,2.544335,1.048731,0.6673924,2.5569308,0.0,-15.537361,-9.277007,6.260354,20.70616729895497,85.29503622714856,3,"{""geodesic"":false,""type"":""Point"",""coordinates"":[85.29503622714856,20.70616729895497]}"
1083,11.0,0.98162717,0.190809,0.19575,0.15486726,0.14325,0.05825,0.0771,0.0854,0.18900104,0.1201,0.161,0.17575,0.17195,0.1872,0.0910533,1.3655388,68.0,1.1377506,1.4635818,0.0910533,-0.06472668,0.2183534,0.3363124,2.011111,1.1995116,1.1062176,2.5356216,1.1377506,0.73142713,2.2894738,0.0,-15.996022,-8.295364,7.700658,20.70616729895497,85.56453081238442,3,"{""geodesic"":false,""type"":""Point"",""coordinates"":[85.56453081238442,20.70616729895497]}"
1084,335.0,0.9063078,-0.42261827,0.22745,0.25213322,0.13585,0.0538,0.0798,0.0739,0.15740016,0.128,0.2066,0.22895,0.233,0.25255,0.2633862,1.6730416,72.0,0.9757615,1.3710575,0.2633862,0.012053426,0.32728946,0.5184099,3.1486487,1.7138654,0.92490613,2.8466833,0.9757615,0.5970116,3.0736487,0.0,-15.710426,-9.064169,6.6462574,20.70616729895497,85.65436234079637,3,"{""geodesic"":false,""type"":""Point"",""coordinates"":[85.65436234079637,20.70616729895497]}"
1085,19.0,0.94551855,0.32556817,0.1771,0.31379822,0.0925,0.042,0.06215,0.05065,0.093362115,0.0983,0.1894,0.22455,0.2321,0.2556,0.43006778,1.912527,144.0,0.76270455,1.2030879,0.43006778,0.13440861,0.44447583,0.641733,4.573399,2.5064795,0.8136546,2.84498,0.76270455,0.522009,3.4896553,0.0,-13.976986,-7.533735,6.4432516,20.70616729895497,85.83402539762028,3,"{""geodesic"":false,""type"":""Point"",""coordinates"":[85.83402539762028,20.70616729895497]}"
1086,83.0,0.12186934,0.99254614,0.22615,0.22790824,0.1422,0.05135,0.0706,0.06955,0.15053764,0.11675,0.2062,0.23565,0.23845,0.26065,0.25285697,1.5892481,122.0,0.94801927,1.3517978,0.25285697,0.026474386,0.38129306,0.5483766,3.4235463,1.6756852,0.9837341,3.1987271,0.94801927,0.62850827,3.246949,0.0,-13.825603,-7.7181787,6.107424,20.70616729895497,85.92385692603223,3,"{""geodesic"":false,""type"":""Point"",""coordinates"":[85.92385692603223,20.70616729895497]}"
1087,92.0,-0.034899496,0.99939084,0.31385,0.15269488,0.2307,0.0813,0.10865,0.1303,0.23156899,0.17215,0.21305,0.2338,0.2386,0.2567,0.016833581,1.3598354,56.0,1.3148303,1.6007371,0.016833581,-0.13621143,0.19715518,0.2935755,1.8297546,1.0337955,1.1981609,2.885977,1.3148303,0.7348304,2.406825,0.0,-18.694113,-10.945685,7.7484264,20.70616729895497,86.01368845444418,3,"{""geodesic"":false,""type"":""Point"",""coordinates"":[86.01368845444418,20.70616729895497]}"
1088,111.0,-0.35836795,0.9335804,0.2894,0.2003318,0.1928,0.0673,0.1022,0.1119,0.24888393,0.1627,0.2792,0.3212,0.3218,0.3415,0.25068015,1.5002592,14.0,0.89903694,1.6602374,0.25068015,0.05301047,0.35462117,0.4839751,2.8732142,1.6682218,1.0938417,2.8289344,0.89903694,0.6659758,2.5839286,0.0,-16.713589,-9.984821,6.728767,20.70616729895497,86.37301456809199,3,"{""geodesic"":false,""type"":""Point"",""coordinates"":[86.37301456809199,20.70616729895497]}"
1089,73.0,0.2923717,0.9563047,0.3048,0.1696086,0.2164,0.071,0.1028,0.1102,0.21633554,0.1663,0.225,0.2489,0.2586,0.2733,0.08884211,1.4078522,8.0,1.1781987,1.5499296,0.08884211,-0.08200213,0.24340309,0.40238613,2.3445148,1.1944573,1.0709426,2.962099,1.1781987,0.7097409,2.7633727,0.0,-16.061832,-10.180384,5.881449,20.70616729895497,86.46284609650394,3,"{""geodesic"":false,""type"":""Point"",""coordinates"":[86.46284609650394,20.70616729895497]}"
1090,73.0,0.2923717,0.9563047,0.2759,0.20743982,0.1811,0.0751,0.0978,0.0999,0.14171429,0.1438,0.2467,0.2903,0.2939,0.311,0.23747368,1.5226269,7.0,0.9384354,1.3284575,0.23747368,0.031590033,0.36763412,0.49263585,2.939,1.6219647,1.020429,2.8181818,0.9384354,0.6561594,2.759,0.0,-16.092611,-9.445234,6.6473775,20.70616729895497,86.55267762491589,3,"{""geodesic"":false,""type"":""Point"",""coordinates"":[86.55267762491589,20.70616729895497]}"
1091,90.0,6.123234E-17,1.0,0.1275,0.16811727,0.0908,0.0831,0.1033,0.1095,0.13707165,0.135,0.1462,0.1602,0.1517,0.1599,0.251134,1.4026402,5.0,0.83992094,1.3161057,0.251134,0.08667622,0.0844354,0.16156203,1.384124,1.6688669,1.0589942,1.2330754,0.83992094,0.71159875,1.1633211,0.0,-16.306831,-9.998118,6.3087134,20.70616729895497,86.9120037385637,3,"{""geodesic"":false,""type"":""Point"",""coordinates"":[86.9120037385637,20.70616729895497]}"
1092,101.0,-0.190809,0.98162717,0.03855,0.15160568,0.0284,0.09315,0.1224,0.1136,0.09891173,0.1099,0.06715,0.0708,0.06315,0.06085,0.379574,1.3526316,4.0,0.60948616,1.2182306,0.379574,0.24188791,-0.28726208,-0.2854314,0.55540895,2.2157896,0.92734694,0.31469387,0.60948616,0.7347995,0.33905014,0.0,-18.365082,-11.707416,6.657666,20.70616729895497,87.00183526697566,3,"{""geodesic"":false,""type"":""Point"",""coordinates"":[87.00183526697566,20.70616729895497]}"
1093,90.0,6.123234E-17,1.0,0.02655,0.11554622,0.02105,0.0779,0.08625,0.0571,-0.15407407,0.05895,0.0446,0.04455,0.0393,0.0389,0.30240265,1.2553191,0.0,0.67385787,0.73205125,0.30240265,0.19362187,-0.20490547,-0.1846473,0.6870629,1.8581561,0.66126233,0.3074696,0.67385787,0.78986865,0.46416083,0.0,-32.4946,-20.147413,12.347184,20.70616729895497,87.09166679538761,3,"{""geodesic"":false,""type"":""Point"",""coordinates"":[87.09166679538761,20.70616729895497]}"
1094,0.0,1.0,0.0,0.027,0.08216433,0.0229,0.0758,0.0798,0.0554,-0.1554878,0.0523,0.0366,0.0406,0.0348,0.0338,0.20623916,1.173913,0.0,0.77363896,0.72990775,0.20623916,0.1262136,-0.21486643,-0.22838138,0.62702703,1.5130435,0.6933667,0.3379224,0.77363896,0.84501845,0.4864865,0.0,-33.188236,-20.540913,12.647324,20.70616729895497,87.18149832379956,3,"{""geodesic"":false,""type"":""Point"",""coordinates"":[87.18149832379956,20.70616729895497]}"
1095,0.0,1.0,0.0,0.0381,0.08392603,0.0322,0.0597,0.0555,0.0491,-0.097426474,0.0522,0.0457,0.0444,0.041,0.0437,0.12021858,1.1795666,0.0,0.9270073,0.82107025,0.12021858,0.036662452,-0.08863399,-0.08990011,0.8333333,1.2693498,0.88309354,0.6852518,0.9270073,0.8429319,0.7743902,0.0,-33.416656,-20.578644,12.838014,20.70616729895497,87.45099290903542,3,"{""geodesic"":false,""type"":""Point"",""coordinates"":[87.45099290903542,20.70616729895497]}"
1096,0.0,1.0,0.0,0.0354,0.123809524,0.0276,0.0558,0.0454,0.0359,-0.217012,0.0396,0.0342,0.0338,0.0315,0.031,0.065989845,1.2779783,0.0,1.1202532,0.64221823,0.065989845,-0.058295965,-0.12181303,-0.0652819,0.875,1.1371841,0.789011,0.778022,1.1202532,0.7774648,0.98333335,0.0,-33.1101,-19.943415,13.166684,20.70616729895497,87.54082443744737,3,"{""geodesic"":false,""type"":""Point"",""coordinates"":[87.54082443744737,20.70616729895497]}"
1097,0.0,1.0,0.0,0.0364,0.1446541,0.0272,0.0527,0.043,0.0407,-0.12847966,0.0389,0.0361,0.0379,0.0399,0.0405,0.18926975,1.3333334,0.0,0.91,0.7708333,0.18926975,0.04587156,0.020151133,-0.009925558,0.97794116,1.4615384,0.94431555,0.84454757,0.91,0.74520546,0.89215684,0.0,-32.361656,-19.948412,12.413244,20.70616729895497,87.63065596585932,3,"{""geodesic"":false,""type"":""Point"",""coordinates"":[87.63065596585932,20.70616729895497]}"
1098,68.0,0.37460658,0.92718387,0.3038,0.16644269,0.2171,0.0681,0.0926,0.1098,0.23440135,0.1549,0.2037,0.2268,0.2344,0.2544,0.038316723,1.3987108,357.0,1.2955223,1.6099707,0.038316723,-0.12894835,0.24309798,0.36199883,2.132848,1.0791897,1.184466,3.2772384,1.2955223,0.7143797,2.764331,0.0,-17.237246,-10.555208,6.6820383,20.795998827366923,82.60009037479,3,"{""geodesic"":false,""type"":""Point"",""coordinates"":[82.60009037479,20.795998827366923]}"
1099,311.0,0.656059,-0.7547096,0.2995,0.18309303,0.2068,0.0722,0.096,0.1114,0.21350762,0.1554,0.2004,0.2228,0.2296,0.2492,0.052245647,1.4475592,310.0,1.3038746,1.5408022,0.052245647,-0.13211113,0.2318339,0.34662756,2.059193,1.1097149,1.1592091,3.1165452,1.3038746,0.6902537,2.6860986,0.0,-16.96462,-10.367735,6.5968847,20.795998827366923,82.68992190320195,3,"{""geodesic"":false,""type"":""Point"",""coordinates"":[82.68992190320195,20.795998827366923]}"
1100,90.0,6.123234E-17,1.0,0.2598,0.20626813,0.17095,0.05155,0.07735,0.0844,0.24163295,0.1303,0.1937,0.2177,0.22585,0.2453,0.13835685,1.5188541,293.0,1.1498119,1.6340755,0.13835685,-0.06990631,0.30617678,0.45592263,2.672781,1.3203741,1.0897353,3.354422,1.1498119,0.657753,3.074556,0.0,-15.422256,-9.124537,6.297718,20.795998827366923,82.95941648843781,3,"{""geodesic"":false,""type"":""Point"",""coordinates"":[82.95941648843781,20.795998827366923]}"
1101,145.0,-0.81915206,0.57357645,0.2536,0.19256996,0.1717,0.0502,0.072,0.0867,0.26661798,0.1281,0.1849,0.2089,0.2138,0.2342,0.10920882,1.476135,286.0,1.1856008,1.7236581,0.10920882,-0.0851519,0.29285124,0.42296174,2.4631336,1.2444704,1.2024965,3.517337,1.1856008,0.6767836,2.921659,0.0,-15.77301,-9.187543,6.585467,20.795998827366923,83.04924801684976,3,"{""geodesic"":false,""type"":""Point"",""coordinates"":[83.04924801684976,20.795998827366923]}"
1102,118.0,-0.46947157,0.88294756,0.2877,0.1711785,0.2036,0.0592,0.0866,0.1052,0.27980536,0.1487,0.1943,0.2152,0.2238,0.2403,0.047262516,1.4123712,249.0,1.2849486,1.7740303,0.047262516,-0.12492669,0.23547558,0.36048633,2.1253562,1.0986745,1.2133795,3.318339,1.2849486,0.7074357,2.7321937,0.0,-16.42606,-9.50387,6.9221907,20.795998827366923,83.13907954526171,3,"{""geodesic"":false,""type"":""Point"",""coordinates"":[83.13907954526171,20.795998827366923]}"
1103,107.0,-0.2923717,0.9563047,0.2794,0.17493692,0.1962,0.0634,0.0909,0.1063,0.25279906,0.149,0.1987,0.218,0.2233,0.2397,0.06460071,1.4233316,225.0,1.2506714,1.6740158,0.06460071,-0.111597374,0.2333419,0.35497573,2.0986843,1.1375446,1.1681318,3.0703297,1.2506714,0.7019678,2.6259398,0.0,-16.686226,-9.801662,6.8845634,20.795998827366923,83.22891107367366,3,"{""geodesic"":false,""type"":""Point"",""coordinates"":[83.22891107367366,20.795998827366923]}"
1104,152.0,-0.88294756,0.46947157,0.2077,0.23852117,0.1277,0.0469,0.0656,0.0645,0.15798923,0.1176,0.1796,0.2032,0.2106,0.2305,0.24504878,1.6251956,218.0,0.98576176,1.3723404,0.24504878,0.0069328235,0.3243321,0.5310796,3.260062,1.6478873,0.98173517,3.1613395,0.98576176,0.6145332,3.2151704,0.0,-14.656595,-8.208252,6.4483433,20.795998827366923,83.31874260208562,3,"{""geodesic"":false,""type"":""Point"",""coordinates"":[83.31874260208562,20.795998827366923]}"
1105,66.0,0.40673664,0.9135454,0.2487,0.24567994,0.1506,0.0571,0.0771,0.0797,0.16520467,0.123,0.2031,0.2335,0.2429,0.2619,0.23456162,1.6502986,162.0,1.0234568,1.3933567,0.23456162,-0.0117982095,0.36087295,0.50588965,3.0438597,1.6118115,1.0323834,3.2215025,1.0234568,0.6053055,3.1165414,0.0,-16.106209,-9.739777,6.366432,20.795998827366923,83.49840565890952,3,"{""geodesic"":false,""type"":""Point"",""coordinates"":[83.49840565890952,20.795998827366923]}"
1106,101.0,-0.190809,0.98162717,0.2792,0.1856885,0.19175,0.0716,0.09415,0.1037,0.18311466,0.1465,0.20825,0.236,0.23855,0.26325,0.10876133,1.4553037,148.0,1.1699141,1.4463041,0.10876133,-0.078512795,0.28492984,0.39401022,2.2981696,1.2434193,1.1002653,2.9623342,1.1699141,0.6865378,2.689788,0.0,-16.539433,-9.864653,6.6747804,20.795998827366923,83.58823718732147,3,"{""geodesic"":false,""type"":""Point"",""coordinates"":[83.58823718732147,20.795998827366923]}"
1107,158.0,-0.92718387,0.37460658,0.29665,0.1757828,0.20795,0.07755,0.1022,0.11765,0.20543033,0.1637,0.212,0.23635,0.24325,0.2637,0.07823581,1.4258592,139.0,1.2190261,1.515132,0.07823581,-0.0989072,0.23397286,0.34801885,2.0658174,1.16919,1.1500489,2.8998046,1.2190261,0.7007582,2.5193205,0.0,-17.602678,-10.416373,7.186304,20.795998827366923,83.67806871573343,3,"{""geodesic"":false,""type"":""Point"",""coordinates"":[83.67806871573343,20.795998827366923]}"
1108,3.0,0.9986295,0.052335955,0.15695,0.28991166,0.0864,0.05735,0.07835,0.06165,0.036134455,0.1088,0.1802,0.20165,0.20155,0.2104,0.39989582,1.8144509,126.0,0.7783288,1.073107,0.39989582,0.124407254,0.31829575,0.53153497,3.2639675,2.3300579,0.7858509,2.0006373,0.7783288,0.55014324,2.5417004,0.0,-17.991127,-10.922986,7.068141,20.795998827366923,83.76790024414538,3,"{""geodesic"":false,""type"":""Point"",""coordinates"":[83.76790024414538,20.795998827366923]}"
1109,3.0,0.9986295,0.052335955,0.32985,0.15493697,0.24135,0.06905,0.0959,0.1191,0.26601115,0.1602,0.2053,0.22845,0.23345,0.25455,-0.016638584,1.3661213,131.0,1.4123315,1.7223427,-0.016638584,-0.17113438,0.22748643,0.32435116,1.9584732,0.96686685,1.240625,3.4359374,1.4123315,0.73147446,2.767198,0.0,-18.156725,-11.0774555,7.0792704,20.795998827366923,83.85773177255733,3,"{""geodesic"":false,""type"":""Point"",""coordinates"":[83.85773177255733,20.795998827366923]}"
1110,13.0,0.97437006,0.22495106,0.3119,0.17343867,0.2197,0.07338333,0.0998625,0.11327778,0.2137266,0.15558572,0.20482,0.2255,0.23485714,0.25396,0.033344857,1.4190173,125.0,1.3274761,1.5415438,0.033344857,-0.14090873,0.24020343,0.3492306,2.0714567,1.0685039,1.1332027,3.12017,1.3274761,0.70416665,2.75098,0.0,-17.496689,-10.751183,6.745507,20.795998827366923,83.94756330096928,3,"{""geodesic"":false,""type"":""Point"",""coordinates"":[83.94756330096928,20.795998827366923]}"
1111,356.0,0.9975641,-0.06975647,0.3348,0.16169327,0.2416,0.0893,0.1162,0.1367,0.20973451,0.1786,0.2156,0.238,0.2442,0.265,0.0053519965,1.3851882,118.0,1.3704462,1.5290828,0.0053519965,-0.15647669,0.19477007,0.2822263,1.7850877,1.0103434,1.1754085,2.8787618,1.3704462,0.7214094,2.4473684,0.0,-17.700542,-10.995787,6.7047553,20.795998827366923,84.03739482938123,3,"{""geodesic"":false,""type"":""Point"",""coordinates"":[84.03739482938123,20.795998827366923]}"
1112,349.0,0.98162717,-0.190809,0.3363,0.16125691,0.2429,0.08675,0.1104,0.12595,0.18429713,0.1705,0.21715,0.2385,0.24615,0.2668,0.0066455374,1.3839506,126.0,1.3656852,1.4502015,0.0066455374,-0.15477723,0.22021495,0.32303146,1.9527965,1.0129629,1.139819,3.043439,1.3656852,0.7220571,2.6679888,0.0,-16.976362,-10.385154,6.5912085,20.795998827366923,84.12722635779319,3,"{""geodesic"":false,""type"":""Point"",""coordinates"":[84.12722635779319,20.795998827366923]}"
1113,9.0,0.98768836,0.15643446,0.2695,0.16464996,0.1933,0.07455,0.09995,0.11665,0.22018829,0.152,0.2037,0.2268,0.23035,0.24605,0.08745427,1.393485,130.0,1.1694511,1.5626255,0.08745427,-0.0783235,0.23627685,0.32766572,1.9730192,1.1910548,1.165917,2.693653,1.1694511,0.71698815,2.3083513,0.0,-17.23657,-10.259928,6.976642,20.795998827366923,84.21705788620514,3,"{""geodesic"":false,""type"":""Point"",""coordinates"":[84.21705788620514,20.795998827366923]}"
1114,18.0,0.95105654,0.309017,0.3059,0.16856079,0.21765,0.08675,0.10915,0.1221,0.16926023,0.16375,0.2207,0.24345,0.2484,0.2682,0.06598005,1.404822,118.0,1.2309859,1.4058722,0.06598005,-0.10373444,0.2418104,0.34089068,2.0327332,1.1407578,1.1176201,2.8,1.2309859,0.7112745,2.5032732,1.0,-16.954424,-9.679498,7.2749267,20.795998827366923,84.30688941461709,3,"{""geodesic"":false,""type"":""Point"",""coordinates"":[84.30688941461709,20.795998827366923]}"
1115,247.0,-0.39073113,-0.92050487,0.32285,0.14567068,0.24075,0.09255,0.1204,0.1383,0.19818063,0.1806,0.22895,0.24965,0.2554,0.2722,0.02952736,1.3404609,98.0,1.2636008,1.4927145,0.02952736,-0.11664505,0.20229682,0.2974346,1.8453758,1.0604111,1.1477178,2.679253,1.2636008,0.7454714,2.3327312,0.0,-17.476547,-10.033539,7.4430094,20.795998827366923,84.39672094302904,3,"{""geodesic"":false,""type"":""Point"",""coordinates"":[84.39672094302904,20.795998827366923]}"
1116,229.0,-0.656059,-0.7547096,0.21505,0.3041237,0.11475,0.04415,0.07215,0.064,0.18354137,0.12225,0.2168,0.2505,0.25915,0.2822,0.3861995,1.8724424,192.0,0.8295082,1.4463277,0.3861995,0.092998736,0.39547533,0.6038991,4.0429015,2.2564213,0.8858132,2.9764705,0.8295082,0.5333488,3.3549142,1.0,-15.279336,-8.624579,6.654756,20.795998827366923,84.48655247144099,3,"{""geodesic"":false,""type"":""Point"",""coordinates"":[84.48655247144099,20.795998827366923]}"
1117,223.0,-0.7313537,-0.6819984,0.1965,0.30175555,0.1054,0.0356,0.06285,0.05325,0.1986494,0.1062,0.19275,0.2242,0.2353,0.2521,0.38127384,1.8625592,330.0,0.83474934,1.4915966,0.38127384,0.089856416,0.40720066,0.6309132,4.4104967,2.2303317,0.8459095,3.121525,0.83474934,0.5361139,3.683224,1.0,-13.267169,-7.056647,6.210522,20.795998827366923,84.57638399985295,3,"{""geodesic"":false,""type"":""Point"",""coordinates"":[84.57638399985295,20.795998827366923]}"
1118,18.0,0.95105654,0.309017,0.29045,0.19036885,0.19755,0.05605,0.0828,0.08805,0.22206801,0.13625,0.19205,0.2169,0.22395,0.2454,0.062633455,1.4695169,318.0,1.2963624,1.5681211,0.062633455,-0.12927683,0.28599504,0.43557692,2.540556,1.1330636,1.0621231,3.5036187,1.2963624,0.6799174,3.2949517,1.0,-15.83039,-8.995246,6.835144,20.795998827366923,84.6662155282649,3,"{""geodesic"":false,""type"":""Point"",""coordinates"":[84.6662155282649,20.795998827366923]}"
1119,48.0,0.6691306,0.7431448,0.23155,0.24606484,0.1401,0.04815,0.07775,0.07045,0.18802698,0.1317,0.19565,0.2213,0.2282,0.2449,0.23920716,1.6515691,295.0,1.0142356,1.4601036,0.23920716,-0.0072865686,0.30058417,0.5282103,3.2345853,1.6276747,0.90494543,2.9743097,1.0142356,0.6047917,3.2820694,1.0,-14.594889,-8.636127,5.958761,20.795998827366923,84.93571011350076,3,"{""geodesic"":false,""type"":""Point"",""coordinates"":[84.93571011350076,20.795998827366923]}"
1120,59.0,0.5150381,0.8571673,0.1995,0.24067163,0.1221,0.0509,0.0713,0.0661,0.12991454,0.1079,0.1747,0.1993,0.2035,0.212,0.25,1.6325696,200.0,0.97986245,1.2960784,0.25,0.009925558,0.32541418,0.5096439,3.0740182,1.6653028,0.9257703,2.7941177,0.97986245,0.6117234,3.013595,1.0,-14.497802,-8.367148,6.1306534,20.795998827366923,85.02554164191271,3,"{""geodesic"":false,""type"":""Point"",""coordinates"":[85.02554164191271,20.795998827366923]}"
1121,72.0,0.309017,0.95105654,0.2426,0.16132121,0.1752,0.0717,0.0906,0.0961,0.14541121,0.1321,0.1941,0.2147,0.2148,0.2328,0.101538464,1.3839133,111.0,1.1288972,1.3384401,0.101538464,-0.060778312,0.27596602,0.38179478,2.2328482,1.225328,1.0595369,2.674752,1.1288972,0.7218789,2.5218296,0.0,-16.264517,-9.156033,7.1084833,20.795998827366923,85.11537317032466,3,"{""geodesic"":false,""type"":""Point"",""coordinates"":[85.11537317032466,20.795998827366923]}"
1122,19.0,0.94551855,0.32556817,0.1831,0.108185805,0.14735,0.0926,0.10595,0.1095,0.08362197,0.13535,0.16945,0.1819,0.17745,0.1906,0.092672415,1.2417768,81.0,1.0312588,1.1812298,0.092672415,-0.015670503,0.16950452,0.23680083,1.6190693,1.2034588,1.0325319,1.7265441,1.0312588,0.8043122,1.6706204,0.0,-15.117191,-8.044972,7.072219,20.795998827366923,85.29503622714856,3,"{""geodesic"":false,""type"":""Point"",""coordinates"":[85.29503622714856,20.795998827366923]}"
1123,27.0,0.8910065,0.4539905,0.2163,0.20384027,0.14305,0.0538,0.07185,0.0705,0.13435237,0.1082,0.17455,0.1954,0.19655,0.2169,0.15753828,1.5110024,76.0,1.0999237,1.3079778,0.15753828,-0.047838196,0.33435866,0.47200897,2.7839944,1.3730353,0.97984713,3.0062544,1.0999237,0.66104436,3.0637393,0.0,-17.217964,-10.749397,6.468568,20.795998827366923,85.38486775556052,3,"{""geodesic"":false,""type"":""Point"",""coordinates"":[85.38486775556052,20.795998827366923]}"
1124,176.0,-0.9975641,0.06975647,0.25365,0.1836211,0.17495,0.0652,0.0916,0.09425,0.18218878,0.14095,0.2127,0.239,0.2416,0.2618,0.1600048,1.4490145,59.0,1.0494415,1.4433384,0.1600048,-0.024331145,0.30006206,0.43873754,2.5606782,1.3801771,1.0278081,2.7660851,1.0494415,0.68945813,2.6883943,0.0,-16.507944,-8.735066,7.7728786,20.795998827366923,85.47469928397247,3,"{""geodesic"":false,""type"":""Point"",""coordinates"":[85.47469928397247,20.795998827366923]}"
1125,318.0,0.7431448,-0.6691306,0.3023,0.16291595,0.2176,0.0758,0.10695,0.1238,0.24048096,0.1679,0.20845,0.2308,0.2345,0.2555,0.03738111,1.3886082,49.0,1.2885762,1.6310935,0.03738111,-0.12630403,0.20689656,0.30895898,1.8926554,1.0771704,1.156469,2.823914,1.2885762,0.7195767,2.4398708,0.0,-17.160849,-9.756772,7.404075,20.795998827366923,85.65436234079637,3,"{""geodesic"":false,""type"":""Point"",""coordinates"":[85.65436234079637,20.795998827366923]}"
1126,345.0,0.9659258,-0.25881904,0.311,0.16088092,0.2248,0.07855,0.1117,0.12575,0.23103279,0.1762,0.2291,0.24855,0.2524,0.27225,0.057837386,1.3828368,62.0,1.2316831,1.5988557,0.057837386,-0.10401136,0.21418218,0.33492002,2.005562,1.1222765,1.1247764,2.781753,1.2316831,0.72259724,2.471196,0.0,-17.13294,-10.08835,7.0445895,20.795998827366923,85.74419386920833,3,"{""geodesic"":false,""type"":""Point"",""coordinates"":[85.74419386920833,20.795998827366923]}"
1127,355.0,0.9961947,-0.087155744,0.3122,0.15373245,0.229,0.07845,0.10805,0.1257,0.23144746,0.1701,0.22085,0.24325,0.2504,0.2667,0.044639133,1.3627237,82.0,1.2463074,1.6002547,0.044639133,-0.109847136,0.22115384,0.33156076,1.990461,1.0929725,1.1622746,2.8867314,1.2463074,0.7332693,2.481717,0.0,-18.08111,-10.554789,7.5263214,20.795998827366923,85.83402539762028,3,"{""geodesic"":false,""type"":""Point"",""coordinates"":[85.83402539762028,20.795998827366923]}"
1128,11.0,0.98162717,0.190809,0.2664,0.20162381,0.177,0.06075,0.0832,0.08755,0.18071477,0.131,0.19265,0.2149,0.22775,0.2402,0.12538604,1.5042349,70.0,1.1691903,1.4387839,0.12538604,-0.078215115,0.29418105,0.4446559,2.5984027,1.2859966,1.0510204,3.1980793,1.1691903,0.6641651,3.039361,0.0,-17.80437,-10.545139,7.2592316,20.795998827366923,85.92385692603223,3,"{""geodesic"":false,""type"":""Point"",""coordinates"":[85.92385692603223,20.795998827366923]}"
1129,60.0,0.5,0.8660254,0.27295,0.1317508,0.2094,0.087,0.1108,0.12965,0.1968613,0.1631,0.20155,0.21775,0.2224,0.2368,0.030106531,1.302864,66.0,1.2267416,1.488519,0.030106531,-0.10204905,0.18429607,0.26345688,1.7140656,1.0615752,1.1690712,2.4612262,1.2267416,0.7668925,2.1036608,0.0,-18.163319,-10.288083,7.875235,20.795998827366923,86.01368845444418,3,"{""geodesic"":false,""type"":""Point"",""coordinates"":[86.01368845444418,20.795998827366923]}"
1130,55.0,0.57357645,0.81915206,0.245625,0.20774432,0.161125,0.06606,0.09065,0.09325,0.17067353,0.136375,0.20315,0.229725,0.2298,0.25055,0.17567308,1.523492,23.0,1.0683993,1.4094619,0.17567308,-0.03328601,0.29508302,0.42268997,2.4617033,1.4253373,1.0275482,2.7066116,1.0683993,0.65571266,2.6312265,0.0,-15.783266,-9.614462,6.1688037,20.795998827366923,86.10351998285613,3,"{""geodesic"":false,""type"":""Point"",""coordinates"":[86.10351998285613,20.795998827366923]}"
1131,98.0,-0.1391731,0.99026805,0.26266667,0.169964,0.18635,0.07105,0.0965125,0.0995,0.16681325,0.14895,0.23445,0.26805,0.27415,0.290275,0.19066232,1.4087781,18.0,0.9577636,1.398454,0.19066232,0.021391537,0.3217599,0.46741602,2.75251,1.4703674,1.0298874,2.7187648,0.9577636,0.70918435,2.6372156,0.0,-16.681513,-9.56268,7.1188326,20.795998827366923,86.19335151126809,3,"{""geodesic"":false,""type"":""Point"",""coordinates"":[86.19335151126809,20.795998827366923]}"
1132,111.0,-0.35836795,0.9335804,0.2418,0.17721519,0.169,0.074125,0.10166667,0.10346667,0.16521984,0.145675,0.222225,0.2515,0.2529,0.2679,0.19886228,1.4299232,16.0,0.9557312,1.3939598,0.19886228,0.02243784,0.29553285,0.41932467,2.4419053,1.4955647,1.0167049,2.3760235,0.9557312,0.6986358,2.334728,0.0,-17.391304,-10.580959,6.8103447,20.795998827366923,86.28318303968004,3,"{""geodesic"":false,""type"":""Point"",""coordinates"":[86.28318303968004,20.795998827366923]}"
1133,99.0,-0.15643446,0.98768836,0.308575,0.15728283,0.2247,0.08464583,0.11094,0.1251,0.19287233,0.1713,0.229475,0.2519,0.258825,0.27465,0.07057546,1.3726646,13.0,1.1917543,1.4761788,0.07057546,-0.087680645,0.23175244,0.3483102,2.0672922,1.1513568,1.126621,2.7789536,1.1917543,0.7279501,2.4646566,0.0,-17.208513,-9.481863,7.7266507,20.795998827366923,86.37301456809199,3,"{""geodesic"":false,""type"":""Point"",""coordinates"":[86.37301456809199,20.795998827366923]}"
1134,115.0,-0.42261827,0.9063078,0.31285,0.16430964,0.22455,0.08515,0.114033334,0.13483334,0.22585045,0.17673333,0.21536666,0.23686667,0.2397,0.26071668,0.03263328,1.3926107,8.0,1.3046288,1.5816227,0.03263328,-0.13238621,0.19198385,0.27999288,1.7764328,1.0669931,1.1813668,2.7410922,1.3046288,0.71752673,2.3185523,0.0,-17.37487,-10.413848,6.9610233,20.795998827366923,86.46284609650394,3,"{""geodesic"":false,""type"":""Point"",""coordinates"":[86.46284609650394,20.795998827366923]}"
1135,103.0,-0.22495106,0.97437006,0.17355,0.31851852,0.0897,0.0668,0.091,0.0735,0.04775481,0.13935,0.26215,0.31805,0.31675,0.34715,0.5586173,1.932628,6.0,0.5477355,1.0986547,0.5586173,0.29206607,0.42713258,0.6233184,4.3036685,3.527283,0.80680573,1.9050494,0.5477355,0.51655626,2.3580163,0.0,-17.34396,-10.583465,6.760495,20.795998827366923,86.55267762491589,3,"{""geodesic"":false,""type"":""Point"",""coordinates"":[86.55267762491589,20.795998827366923]}"
1136,0.0,1.0,0.0,0.3221,0.15045986,0.23785,0.0983,0.12715,0.14725,0.1993484,0.18845,0.22735,0.24925,0.2528,0.2708,0.030469785,1.3536457,4.0,1.273626,1.496443,0.030469785,-0.120542705,0.17931409,0.26384202,1.715643,1.0624081,1.1571709,2.5312376,1.273626,0.7382061,2.1859517,0.0,-17.401735,-10.611128,6.790608,20.795998827366923,86.7323406817398,3,"{""geodesic"":false,""type"":""Point"",""coordinates"":[86.7323406817398,20.795998827366923]}"
1137,90.0,6.123234E-17,1.0,0.022,0.20383038,0.01455,0.09875,0.118,0.0826,-0.08905432,0.0783,0.047,0.04625,0.03895,0.03695,0.45607477,1.5017065,0.0,0.5633803,0.8356095,0.45607477,0.2780968,-0.35878524,-0.3591115,0.47097945,2.658703,0.6994073,0.18628281,0.5633803,0.65837103,0.26602176,0.0,-32.372463,-20.233232,12.139233,20.795998827366923,87.09166679538761,3,"{""geodesic"":false,""type"":""Point"",""coordinates"":[87.09166679538761,20.795998827366923]}"
1138,0.0,1.0,0.0,0.02785,0.2161572,0.01795,0.08035,0.09165,0.0601,-0.14417942,0.0622,0.03465,0.0338,0.03165,0.033,0.27620968,1.5429363,0.0,0.8771654,0.74704784,0.27620968,0.06386555,-0.3067227,-0.31008175,0.52574754,1.7534626,0.65504086,0.30354223,0.8771654,0.64221823,0.46262458,0.0,-32.814632,-20.0343,12.7803335,20.795998827366923,87.18149832379956,3,"{""geodesic"":false,""type"":""Point"",""coordinates"":[87.18149832379956,20.795998827366923]}"
1139,0.0,1.0,0.0,0.023,0.09393579,0.01905,0.0544,0.0488,0.0361,-0.20220995,0.0362,0.0314,0.0305,0.0287,0.02905,0.20209424,1.2010444,0.0,0.7986111,0.66238534,0.20209424,0.11025145,-0.10957854,-0.11419753,0.79281765,1.4986945,0.7382413,0.47034764,0.7986111,0.8246753,0.6353591,0.0,-32.37667,-20.835014,11.541657,20.795998827366923,87.27132985221151,3,"{""geodesic"":false,""type"":""Point"",""coordinates"":[87.27132985221151,20.795998827366923]}"
1140,0.0,1.0,0.0,0.0339,0.12624584,0.0263,0.06225,0.06115,0.0502,-0.107158735,0.05175,0.04595,0.04525,0.03865,0.04005,0.19014627,1.2840909,0.0,0.8748387,0.8051323,0.19014627,0.06547209,-0.12745099,-0.12999438,0.76838964,1.4640151,0.8195918,0.55346936,0.8748387,0.7735294,0.6739563,0.0,-33.34203,-20.724136,12.617891,20.795998827366923,87.36116138062346,3,"{""geodesic"":false,""type"":""Point"",""coordinates"":[87.36116138062346,20.795998827366923]}"
1141,0.0,1.0,0.0,0.03505,0.088509314,0.02935,0.06115,0.0544,0.04615,-0.13979496,0.0489,0.0427,0.04115,0.0358,0.03965,0.0990023,1.1901528,0.0,0.9763231,0.7534694,0.0990023,0.010585745,-0.10446075,-0.12629652,0.77405405,1.2156197,0.846789,0.6431193,0.9763231,0.8349929,0.75783783,0.0,-33.52034,-21.039705,12.480636,20.795998827366923,87.45099290903542,3,"{""geodesic"":false,""type"":""Point"",""coordinates"":[87.45099290903542,20.795998827366923]}"
1142,0.0,1.0,0.0,0.0357,0.11301637,0.02845,0.0569,0.0494,0.04325,-0.13629556,0.0464,0.041,0.0412,0.0358,0.0385,0.114396885,1.2504379,0.0,0.994429,0.75877196,0.114396885,0.0013986015,-0.09305065,-0.09424415,0.82583624,1.2539405,0.8737374,0.72121215,0.994429,0.79469275,0.8235294,0.0,-33.251892,-20.47749,12.774403,20.795998827366923,87.54082443744737,3,"{""geodesic"":false,""type"":""Point"",""coordinates"":[87.54082443744737,20.795998827366923]}"
1143,0.0,1.0,0.0,0.03505,0.11181602,0.028,0.06,0.05595,0.04935,-0.09739369,0.05155,0.0463,0.04615,0.04135,0.04295,0.1925018,1.2473309,0.0,0.8455971,0.82113147,0.1925018,0.08246073,-0.09100529,-0.088202864,0.83619815,1.4715302,0.8804639,0.6253345,0.8455971,0.79658604,0.70879674,0.0,-32.542816,-19.586607,12.956208,20.795998827366923,87.63065596585932,3,"{""geodesic"":false,""type"":""Point"",""coordinates"":[87.63065596585932,20.795998827366923]}"
1144,0.0,1.0,0.0,0.03795,0.119469024,0.02985,0.05795,0.0521,0.04535,-0.12197483,0.0476,0.0434,0.0442,0.04185,0.04305,0.16736402,1.2671119,0.0,0.90464836,0.78122306,0.16736402,0.04887218,-0.05019305,-0.040137615,0.9207921,1.3973289,0.86877394,0.7270115,0.90464836,0.7844941,0.8349835,0.0,-30.832733,-18.43611,12.3966255,20.795998827366923,87.72048749427127,3,"{""geodesic"":false,""type"":""Point"",""coordinates"":[87.72048749427127,20.795998827366923]}"
1145,0.0,1.0,0.0,0.0364,0.16015936,0.02635,0.05425,0.05015,0.0452,-0.091000505,0.04495,0.03935,0.0392,0.03525,0.0386,0.14448053,1.3761815,0.0,1.029703,0.83164674,0.14448053,-0.016050244,-0.0760024,-0.1236793,0.7781457,1.3327032,0.8995025,0.7243781,1.029703,0.7219178,0.803532,0.0,-31.660492,-18.435366,13.225126,20.795998827366923,87.90015055109518,3,"{""geodesic"":false,""type"":""Point"",""coordinates"":[87.90015055109518,20.795998827366923]}"
1146,31.0,0.8571673,0.5150381,0.307,0.14830746,0.2277,0.0743,0.1061,0.1238,0.2498738,0.1626,0.2132,0.2386,0.2412,0.2637,0.028790787,1.3476734,335.0,1.2722752,1.6639785,0.028790787,-0.12002919,0.23715693,0.32164383,1.9467312,1.0588236,1.165725,2.890772,1.2722752,0.7414523,2.4778047,0.0,-17.266983,-10.529091,6.737893,20.885830355778875,82.60009037479,3,"{""geodesic"":false,""type"":""Point"",""coordinates"":[82.60009037479,20.885830355778875]}"
1147,283.0,0.22495106,-0.97437006,0.2764,0.19965278,0.1844,0.0669,0.0894,0.1002,0.19928187,0.145,0.2048,0.2328,0.238,0.2576,0.12689394,1.498103,281.0,1.1608567,1.4955224,0.12689394,-0.07465008,0.27968207,0.4074512,2.3728814,1.2899729,1.1195531,3.088268,1.1608567,0.6669078,2.7557328,0.0,-16.656023,-9.909993,6.74603,20.885830355778875,82.68992190320195,3,"{""geodesic"":false,""type"":""Point"",""coordinates"":[82.68992190320195,20.885830355778875]}"
1148,125.0,-0.57357645,0.81915206,0.2356,0.20696722,0.1548,0.0475,0.0711,0.0823,0.26810476,0.1208,0.1654,0.1867,0.1868,0.2072,0.09367681,1.5209813,545.0,1.2605672,1.7289916,0.09367681,-0.115530305,0.26341462,0.38833147,2.2669902,1.2059393,1.1558989,3.3089888,1.2605672,0.6567671,2.8592234,1.0,-13.626299,-7.339426,6.2868733,20.885830355778875,82.86958496002586,3,"{""geodesic"":false,""type"":""Point"",""coordinates"":[82.86958496002586,20.885830355778875]}"
1149,116.0,-0.43837115,0.89879405,0.2217,0.23303671,0.1379,0.0478,0.0699,0.0717,0.2,0.1171,0.1822,0.20565,0.21425,0.2334,0.21681102,1.6065217,310.0,1.0342897,1.4968685,0.21681102,-0.017089115,0.3318117,0.49851373,2.9839833,1.5525362,1.0242857,3.1671429,1.0342897,0.6217313,3.0877438,1.0,-15.404719,-9.14636,6.25836,20.885830355778875,82.95941648843781,3,"{""geodesic"":false,""type"":""Point"",""coordinates"":[82.95941648843781,20.885830355778875]}"
1150,347.0,0.97437006,-0.22495106,0.2439,0.19970487,0.1627,0.0589,0.0819,0.093,0.2244898,0.1352,0.1998,0.2249,0.2292,0.2447,0.16968614,1.4981573,315.0,1.0636721,1.5762712,0.16968614,-0.031071655,0.28823376,0.42271882,2.461869,1.4078624,1.1341463,2.9743903,1.0636721,0.6668033,2.6197636,0.0,-16.036999,-9.456502,6.5804963,20.885830355778875,83.04924801684976,3,"{""geodesic"":false,""type"":""Point"",""coordinates"":[83.04924801684976,20.885830355778875]}"
1151,87.0,0.052335955,0.9986295,0.2398,0.20593412,0.1579,0.0521,0.0735,0.0846,0.2377469,0.1327,0.1883,0.2147,0.2217,0.2409,0.16807166,1.5177215,284.0,1.0811542,1.6206896,0.16807166,-0.039219934,0.28961456,0.4476004,2.6174734,1.4031645,1.1494565,3.2581522,1.0811542,0.6581909,2.831169,0.0,-15.790317,-9.39149,6.3988266,20.885830355778875,83.13907954526171,3,"{""geodesic"":false,""type"":""Point"",""coordinates"":[83.13907954526171,20.885830355778875]}"
1152,55.0,0.57357645,0.81915206,0.2667,0.19623233,0.1792,0.057,0.0796,0.097,0.25974026,0.1403,0.1836,0.2067,0.2132,0.2314,0.08664628,1.4874512,244.0,1.2503517,1.6987741,0.08664628,-0.11148156,0.24509013,0.37459704,2.1956747,1.1890686,1.217064,3.3462987,1.2503517,0.6716642,2.7466528,0.0,-16.036898,-9.348183,6.6887145,20.885830355778875,83.22891107367366,3,"{""geodesic"":false,""type"":""Point"",""coordinates"":[83.22891107367366,20.885830355778875]}"
1153,64.0,0.43837115,0.89879405,0.2495,0.1766093,0.1746,0.0628,0.0883,0.0985,0.22132672,0.14,0.1981,0.2201,0.2264,0.242,0.12917706,1.4281626,268.0,1.1015452,1.5659777,0.12917706,-0.04853961,0.2670157,0.3936596,2.2961462,1.2959359,1.1142534,2.8223982,1.1015452,0.6995192,2.530426,0.0,-16.812553,-9.915778,6.8967757,20.885830355778875,83.31874260208562,3,"{""geodesic"":false,""type"":""Point"",""coordinates"":[83.31874260208562,20.885830355778875]}"
1154,106.0,-0.27563736,0.9612617,0.2669,0.19125195,0.1812,0.0626,0.081,0.0933,0.19692111,0.1313,0.1771,0.1986,0.2083,0.2256,0.06957638,1.4721456,177.0,1.2807102,1.4880383,0.06957638,-0.1233165,0.26421967,0.38129973,2.2301927,1.1489245,1.1504315,3.2909987,1.2807102,0.6786517,2.8576016,0.0,-16.538013,-9.746393,6.7916203,20.885830355778875,83.40857413049757,3,"{""geodesic"":false,""type"":""Point"",""coordinates"":[83.40857413049757,20.885830355778875]}"
1155,128.0,-0.6156615,0.7880108,0.2579,0.19675174,0.1731,0.0656,0.0866,0.0941,0.17845961,0.1367,0.1964,0.2195,0.227,0.248,0.13471632,1.48903,162.0,1.1356231,1.4322679,0.13471632,-0.06372448,0.28931636,0.41388977,2.4097664,1.3106235,1.0853518,2.974625,1.1356231,0.6709302,2.737792,0.0,-16.458406,-9.853838,6.604568,20.885830355778875,83.49840565890952,3,"{""geodesic"":false,""type"":""Point"",""coordinates"":[83.49840565890952,20.885830355778875]}"
1156,165.0,-0.9659258,0.25881904,0.24865,0.21812615,0.1596,0.0587,0.0786,0.08535,0.1850052,0.1331,0.19795,0.22545,0.23295,0.25485,0.18685518,1.5569818,183.0,1.0669384,1.4515306,0.18685518,-0.03259967,0.3138291,0.46371347,2.7261558,1.4586725,1.084498,3.1594663,1.0669384,0.64160806,2.9098887,0.0,-16.151276,-8.871398,7.2798777,20.885830355778875,83.67806871573343,3,"{""geodesic"":false,""type"":""Point"",""coordinates"":[83.67806871573343,20.885830355778875]}"
1157,90.0,6.123234E-17,1.0,0.2365,0.20540266,0.1559,0.05985,0.0813,0.0846,0.17133956,0.1301,0.1913,0.2134,0.21795,0.2385,0.16597566,1.5160257,132.0,1.0846136,1.411176,0.16597566,-0.040818572,0.29408574,0.4407536,2.5731995,1.3971153,1.039312,2.9054055,1.0846136,0.658918,2.7922077,0.0,-16.567469,-9.627177,6.9402905,20.885830355778875,83.76790024414538,3,"{""geodesic"":false,""type"":""Point"",""coordinates"":[83.76790024414538,20.885830355778875]}"
1158,74.0,0.27563736,0.9612617,0.29765,0.044019643,0.27255,0.09875,0.1406,0.17445,0.27708638,0.2044,0.20565,0.21825,0.2123,0.2192,-0.12426524,1.0916927,123.0,1.4013654,1.7647952,-0.12426524,-0.16736935,0.034938622,0.09786684,1.2162704,0.778654,1.2398721,2.115494,1.4013654,0.9153652,1.705242,0.0,-24.857311,-15.901582,8.95573,20.885830355778875,83.85773177255733,3,"{""geodesic"":false,""type"":""Point"",""coordinates"":[83.85773177255733,20.885830355778875]}"
1159,356.0,0.9975641,-0.06975647,0.25545,0.17922677,0.1778,0.07925,0.1026,0.107,0.14899328,0.15145,0.21045,0.23345,0.23515,0.25485,0.13887879,1.435919,105.0,1.0858661,1.3484563,0.13887879,-0.041377906,0.25449175,0.37454334,2.1956115,1.32181,1.0418695,2.487342,1.0858661,0.69575423,2.385154,0.0,-16.766266,-9.843955,6.922311,20.885830355778875,84.12722635779319,3,"{""geodesic"":false,""type"":""Point"",""coordinates"":[84.12722635779319,20.885830355778875]}"
1160,220.0,-0.76604444,-0.64278764,0.2482,0.22871287,0.1558,0.06115,0.0864,0.0844,0.15973893,0.1407,0.20465,0.234,0.24035,0.25875,0.21342926,1.5920461,98.0,1.0322312,1.3779591,0.21342926,-0.016067956,0.29553136,0.48021555,2.8443787,1.5416934,0.97572255,2.8693643,1.0322312,0.6274668,2.937278,0.0,-15.683945,-8.839596,6.844349,20.885830355778875,84.30688941461709,3,"{""geodesic"":false,""type"":""Point"",""coordinates"":[84.30688941461709,20.885830355778875]}"
1161,286.0,0.27563736,-0.9612617,0.3071,0.1735932,0.21625,0.07535,0.1008,0.1179,0.22018111,0.1615,0.2116,0.237,0.2444,0.26375,0.0611093,1.4194592,307.0,1.2560327,1.5626242,0.0611093,-0.11368994,0.24044679,0.34915817,2.0711865,1.1296511,1.1684836,3.0436075,1.2560327,0.7039388,2.6025424,0.0,-17.428787,-10.663152,6.7656345,20.885830355778875,84.48655247144099,3,"{""geodesic"":false,""type"":""Point"",""coordinates"":[84.48655247144099,20.885830355778875]}"
1162,44.0,0.7193398,0.6946584,0.26235,0.22938144,0.16445,0.05475,0.08605,0.07995,0.18708241,0.1407,0.20935,0.23635,0.2445,0.26745,0.1957452,1.5943482,251.0,1.0725675,1.4576117,0.1957452,-0.03521752,0.3105476,0.50716597,3.054341,1.4858706,0.9280325,3.04527,1.0725675,0.62659556,3.2773266,1.0,-14.239594,-8.222883,6.0167117,20.885830355778875,84.57638399985295,3,"{""geodesic"":false,""type"":""Point"",""coordinates"":[84.57638399985295,20.885830355778875]}"
1163,263.0,-0.12186934,-0.99254614,0.24745,0.2688117,0.1426,0.044,0.0732,0.06275,0.17564403,0.12755,0.2527,0.29,0.29435,0.322,0.34729373,1.7340574,391.0,0.8403804,1.4229025,0.34729373,0.086563304,0.43254367,0.64855784,4.683373,2.062719,0.85607094,3.3758526,0.8403804,0.5760452,3.937152,0.0,-15.401958,-9.397606,6.0043526,20.885830355778875,84.75604705667685,3,"{""geodesic"":false,""type"":""Point"",""coordinates"":[84.75604705667685,20.885830355778875]}"
1164,55.0,0.57357645,0.81915206,0.1812,0.2841956,0.101,0.03865,0.06075,0.05075,0.13534676,0.098,0.1804,0.2062,0.2147,0.23105,0.36015204,1.7922848,292.0,0.8435754,1.3096774,0.36015204,0.084617324,0.40434584,0.6176304,4.2222223,2.12364,0.83401805,2.9778142,0.8435754,0.5570877,3.5634217,1.0,-12.686657,-6.1210804,6.565577,20.885830355778875,84.8458785850888,3,"{""geodesic"":false,""type"":""Point"",""coordinates"":[84.8458785850888,20.885830355778875]}"
1165,59.0,0.5150381,0.8571673,0.15435,0.07993703,0.1315,0.09315,0.11385,0.117,0.113490365,0.13415,0.1373,0.14435,0.13765,0.1476,0.022849713,1.1728723,208.0,1.1205082,1.2546917,0.022849713,-0.05719178,0.047737356,0.081091695,1.175491,1.0459726,1.0267662,1.3545414,1.1205082,0.85140824,1.3181041,1.0,-17.714405,-10.627577,7.0868287,20.885830355778875,84.93571011350076,3,"{""geodesic"":false,""type"":""Point"",""coordinates"":[84.93571011350076,20.885830355778875]}"
1166,96.0,-0.104528464,0.9945219,0.2158,0.17634232,0.1511,0.0729,0.0911,0.0902,0.10606989,0.1302,0.1932,0.2084,0.2087,0.2242,0.16008894,1.4272487,110.0,1.0335249,1.2356164,0.16008894,-0.016725559,0.26523703,0.39645365,2.311185,1.380291,0.98903507,2.366228,1.0335249,0.69986105,2.3898118,0.0,-16.527521,-10.12965,6.3978705,20.885830355778875,85.11537317032466,3,"{""geodesic"":false,""type"":""Point"",""coordinates"":[85.11537317032466,20.885830355778875]}"
1167,89.0,0.017452406,0.9998477,0.20345,0.2942112,0.11095,0.04185,0.076,0.0608,0.1846079,0.13195,0.23035,0.2578,0.26145,0.28545,0.40413535,1.8320576,110.0,0.7778627,1.4493445,0.40413535,0.12475801,0.36775276,0.62265325,4.293103,2.3543448,0.79894876,2.673456,0.7778627,0.54507494,3.3407226,0.0,-15.44328,-8.083293,7.359987,20.885830355778875,85.56453081238442,3,"{""geodesic"":false,""type"":""Point"",""coordinates"":[85.56453081238442,20.885830355778875]}"
1168,311.0,0.656059,-0.7547096,0.29745,0.157393,0.21655,0.0682,0.1044,0.10605,0.21721664,0.1617,0.2605,0.29225,0.29225,0.3131,0.14878145,1.3729517,92.0,1.0174448,1.5527086,0.14878145,-0.008818043,0.3188711,0.46748683,2.7531796,1.3489499,1.0148325,2.8464115,1.0174448,0.7277768,2.8021667,0.0,-16.819414,-10.257469,6.5619445,20.885830355778875,85.74419386920833,3,"{""geodesic"":false,""type"":""Point"",""coordinates"":[85.74419386920833,20.885830355778875]}"
1169,60.0,0.5,0.8660254,0.2521,0.13840596,0.1908,0.072,0.0984,0.10835,0.20155254,0.1486,0.20255,0.2268,0.2315,0.24585,0.096376985,1.3205867,55.0,1.0885147,1.5027739,0.096376985,-0.04259719,0.24654582,0.36236575,2.1346242,1.2126768,1.1,2.5593908,1.0885147,0.75654244,2.3245735,0.0,-14.815985,-8.226535,6.58945,20.885830355778875,85.83402539762028,3,"{""geodesic"":false,""type"":""Point"",""coordinates"":[85.83402539762028,20.885830355778875]}"
1170,138.0,-0.7431448,0.6691306,0.3515,0.14141907,0.2644,0.1014,0.1308,0.1553,0.20997272,0.1957,0.2294,0.251,0.2578,0.2787,-0.012638835,1.3289225,19.0,1.3629314,1.5300492,-0.012638835,-0.15378302,0.17495784,0.24812394,1.6589446,0.97466916,1.1864018,2.685256,1.3629314,0.7519909,2.2619047,0.0,-18.134079,-11.225195,6.9088845,20.885830355778875,86.19335151126809,3,"{""geodesic"":false,""type"":""Point"",""coordinates"":[86.19335151126809,20.885830355778875]}"
1171,139.0,-0.7547096,0.656059,0.3202,0.14194009,0.2406,0.0943,0.1272,0.1425,0.2035473,0.1891,0.2408,0.2606,0.2586,0.2836,0.036057692,1.3302866,17.0,1.237727,1.5095339,0.036057692,-0.10642709,0.19991538,0.289454,1.8134643,1.0743665,1.119403,2.5153182,1.237727,0.75117075,2.245442,0.0,-17.761633,-10.125139,7.6364927,20.885830355778875,86.28318303968004,3,"{""geodesic"":false,""type"":""Point"",""coordinates"":[86.28318303968004,20.885830355778875]}"
1172,139.0,-0.7547096,0.656059,0.3258,0.155934,0.2379,0.0944,0.122,0.1435,0.20638923,0.1821,0.2184,0.2374,0.2471,0.2615,0.018969072,1.3689076,15.0,1.3179612,1.5185186,0.018969072,-0.13737127,0.17899008,0.26523298,1.7207521,1.0382353,1.1752661,2.6683047,1.3179612,0.7299785,2.2688022,0.0,-17.79276,-10.737728,7.0550323,20.885830355778875,86.37301456809199,3,"{""geodesic"":false,""type"":""Point"",""coordinates"":[86.37301456809199,20.885830355778875]}"
1173,99.0,-0.15643446,0.98768836,0.2773,0.185296,0.1906,0.0754,0.0997,0.1059,0.16822946,0.1464,0.2177,0.2371,0.2414,0.254,0.117592596,1.4541165,8.0,1.1482402,1.402649,0.117592596,-0.06921149,0.26873127,0.3901526,2.2773585,1.2658626,1.0611223,2.778557,1.1482402,0.68709445,2.6160378,0.0,-17.933144,-10.862531,7.0706134,20.885830355778875,86.55267762491589,3,"{""geodesic"":false,""type"":""Point"",""coordinates"":[86.55267762491589,20.885830355778875]}"
1174,90.0,6.123234E-17,1.0,0.2587,0.20325582,0.1713,0.0783,0.1122,0.1134,0.18309858,0.1549,0.2231,0.2539,0.2578,0.271,0.20158471,1.5093349,4.0,1.003102,1.4464285,0.20158471,-0.0017424976,0.2725992,0.3890086,2.2713656,1.504084,1.0097952,2.3036509,1.003102,0.66190106,2.2792952,0.0,-17.434607,-10.698193,6.7364144,20.885830355778875,86.64250915332785,3,"{""geodesic"":false,""type"":""Point"",""coordinates"":[86.64250915332785,20.885830355778875]}"
1175,90.0,6.123234E-17,1.0,0.3198,0.1358551,0.2433,0.0908,0.1155,0.1381,0.20664045,0.1684,0.2119,0.2288,0.2329,0.2518,-0.021839563,1.3138866,3.0,1.3725321,1.519252,-0.021839563,-0.15722816,0.19847691,0.25552562,1.6852388,0.95686114,1.1946367,2.766436,1.3725321,0.7605502,2.3140376,0.0,-19.404438,-11.7374935,7.666945,20.885830355778875,86.7323406817398,3,"{""geodesic"":false,""type"":""Point"",""coordinates"":[86.7323406817398,20.885830355778875]}"
1176,270.0,-1.8369701E-16,-1.0,0.2612,0.14586532,0.1947,0.0967,0.1185,0.1319,0.15398075,0.1604,0.1959,0.2115,0.212,0.2231,0.042537495,1.3408624,4.0,1.2314945,1.3626033,0.042537495,-0.10397295,0.16349414,0.23291655,1.6060606,1.0882957,1.1121416,2.2023609,1.2314945,0.7451205,1.9787879,0.0,-18.99233,-11.606128,7.386204,20.885830355778875,86.82217221015175,3,"{""geodesic"":false,""type"":""Point"",""coordinates"":[86.82217221015175,20.885830355778875]}"
1177,58.0,0.52991927,0.8480481,0.2549,0.14151366,0.1917,0.0859,0.1107,0.1194,0.16317584,0.1578,0.2062,0.2214,0.2243,0.2352,0.078365386,1.3289886,4.0,1.135918,1.3883721,0.078365386,-0.06385643,0.19694656,0.30520803,1.8769875,1.1694473,1.0776173,2.3005414,1.135918,0.7517647,2.1330545,0.0,-17.594366,-10.61456,6.9798064,20.885830355778875,86.9120037385637,3,"{""geodesic"":false,""type"":""Point"",""coordinates"":[86.9120037385637,20.885830355778875]}"
1178,65.0,0.42261827,0.9063078,0.0263,0.14972678,0.01945,0.105,0.12565,0.09385,-0.056072418,0.0907,0.0585,0.057,0.04705,0.04555,0.4150376,1.3452685,1.0,0.5577943,0.89295906,0.4150376,0.28289026,-0.33137614,-0.33215046,0.5007983,2.4066496,0.7463221,0.20914513,0.5577943,0.73674244,0.27993613,0.0,-32.599243,-21.315302,11.283942,20.885830355778875,87.00183526697566,3,"{""geodesic"":false,""type"":""Point"",""coordinates"":[87.00183526697566,20.885830355778875]}"
1179,90.0,6.123234E-17,1.0,0.02825,0.1356784,0.0215,0.0898,0.0996,0.06095,-0.19137645,0.0606,0.04625,0.0459,0.03645,0.0382,0.25798103,1.3078704,0.0,0.7729138,0.67797554,0.25798103,0.1267388,-0.22672065,-0.25154004,0.5970516,1.6875,0.611334,0.28335005,0.7729138,0.75837743,0.46273547,0.0,-33.401466,-20.613562,12.787904,20.885830355778875,87.09166679538761,3,"{""geodesic"":false,""type"":""Point"",""coordinates"":[87.09166679538761,20.885830355778875]}"
1180,0.0,1.0,0.0,0.0208,0.13043478,0.016,0.0699,0.0673,0.0429,-0.2393617,0.0462,0.0368,0.0368,0.0318,0.0323,0.33054394,1.2919254,0.0,0.6520376,0.61285716,0.33054394,0.20912547,-0.17707007,-0.14859438,0.73953485,1.9751552,0.6364985,0.30860534,0.6520376,0.76555026,0.48372093,0.0,-33.439102,-20.727877,12.711224,20.885830355778875,87.18149832379956,3,"{""geodesic"":false,""type"":""Point"",""coordinates"":[87.18149832379956,20.885830355778875]}"
1181,0.0,1.0,0.0,0.0262,0.1416122,0.0197,0.057,0.0503,0.0386,-0.19246861,0.0383,0.0341,0.0348,0.0335,0.0337,0.2593985,1.3232323,0.0,0.7797619,0.67600703,0.2593985,0.12227806,-0.06388889,-0.07073509,0.8656331,1.6919192,0.765873,0.51984125,0.7797619,0.7490494,0.6770026,0.0,-32.532497,-20.941095,11.591402,20.885830355778875,87.27132985221151,3,"{""geodesic"":false,""type"":""Point"",""coordinates"":[87.27132985221151,20.885830355778875]}"
1182,0.0,1.0,0.0,0.0286,0.19415449,0.0193,0.0606,0.0512,0.0457,-0.14016934,0.0471,0.0424,0.0426,0.0384,0.0391,0.33102253,1.4742268,0.0,0.74285716,0.752883,0.33102253,0.14626865,-0.09280743,-0.086801425,0.83842796,1.9793814,0.8908382,0.5575049,0.74285716,0.67247385,0.62445414,0.0,-33.381264,-20.574131,12.807131,20.885830355778875,87.36116138062346,3,"{""geodesic"":false,""type"":""Point"",""coordinates"":[87.36116138062346,20.885830355778875]}"
1183,0.0,1.0,0.0,0.0363,0.09090909,0.03025,0.06765,0.0618,0.04975,-0.15247019,0.0531,0.0483,0.04855,0.03945,0.0418,0.13199426,1.1960461,0.0,0.9178255,0.73431736,0.13199426,0.04158416,-0.119072706,-0.11547085,0.79137415,1.2998352,0.80371565,0.5864297,0.9178255,0.83104396,0.7281846,0.0,-33.659405,-21.027609,12.631796,20.885830355778875,87.45099290903542,3,"{""geodesic"":false,""type"":""Point"",""coordinates"":[87.45099290903542,20.885830355778875]}"
1184,0.0,1.0,0.0,0.0281,0.16839917,0.02,0.0575,0.0487,0.0411,-0.1663286,0.043,0.038,0.0395,0.036,0.0374,0.2857143,1.3980099,0.0,0.7783933,0.7135417,0.2857143,0.12324493,-0.06965174,-0.06614786,0.8737864,1.7910448,0.8422131,0.5758197,0.7783933,0.7092199,0.68203884,0.0,-30.733892,-18.529482,12.2044115,20.885830355778875,87.72048749427127,3,"{""geodesic"":false,""type"":""Point"",""coordinates"":[87.72048749427127,20.885830355778875]}"
1185,0.0,1.0,0.0,0.0271,0.14587738,0.0202,0.0541,0.0512,0.0447,-0.0951417,0.0434,0.0384,0.0387,0.036,0.0364,0.28113878,1.3349754,0.0,0.75069255,0.82472324,0.28113878,0.14104596,-0.0877193,-0.10780669,0.8035714,1.773399,0.87134504,0.5282651,0.75069255,0.74264705,0.60491073,0.0,-31.297602,-18.535765,12.761839,20.885830355778875,87.81031902268322,3,"{""geodesic"":false,""type"":""Point"",""coordinates"":[87.81031902268322,20.885830355778875]}"
1186,0.0,1.0,0.0,0.0414,0.104,0.0336,0.0546,0.0494,0.0438,-0.1097561,0.0467,0.0432,0.0443,0.0389,0.0416,0.07310345,1.2284867,0.0,1.0615385,0.80073124,0.07310345,-0.03113325,-0.057757646,-0.059250303,0.88610476,1.1543027,0.8848485,0.8363636,1.0615385,0.80963856,0.9430524,0.0,-31.39746,-18.475964,12.921497,20.885830355778875,87.90015055109518,3,"{""geodesic"":false,""type"":""Point"",""coordinates"":[87.90015055109518,20.885830355778875]}"
1187,57.0,0.54463905,0.83867055,0.3171,0.14600651,0.2363,0.0676,0.0944,0.1164,0.2652174,0.1595,0.2061,0.2281,0.234,0.2543,-0.0048904954,1.3413706,309.0,1.3545493,1.7193501,-0.0048904954,-0.15078934,0.22909619,0.33561644,2.0085838,0.9898477,1.2317461,3.3555555,1.3545493,0.74495584,2.7218883,0.0,-18.188782,-11.292218,6.8965635,20.975661884190828,82.60009037479,3,"{""geodesic"":false,""type"":""Point"",""coordinates"":[82.60009037479,20.975661884190828]}"
1188,322.0,0.7880108,-0.6156615,0.2982,0.16008559,0.2159,0.0751,0.0954,0.1133,0.20276009,0.1542,0.199,0.2205,0.2283,0.2457,0.027915353,1.3805555,251.0,1.3056042,1.5066489,0.027915353,-0.13276353,0.2288072,0.33665106,2.0132275,1.0569445,1.1863874,3.122513,1.3056042,0.723768,2.6296296,0.0,-17.64434,-10.459664,7.184677,20.975661884190828,82.7797534316139,3,"{""geodesic"":false,""type"":""Point"",""coordinates"":[82.7797534316139,20.975661884190828]}"
1189,3.0,0.9986295,0.052335955,0.2658,0.16400263,0.1909,0.0607,0.0842,0.1008,0.24829721,0.1411,0.1868,0.2073,0.2116,0.2306,0.05142857,1.391623,287.0,1.2555503,1.6578947,0.05142857,-0.11353163,0.24078558,0.3546735,2.0971258,1.1078534,1.1957295,3.153025,1.2555503,0.7179391,2.6342914,0.0,-17.386858,-10.389656,6.9972014,20.975661884190828,82.86958496002586,3,"{""geodesic"":false,""type"":""Point"",""coordinates"":[82.86958496002586,20.975661884190828]}"
1190,27.0,0.8910065,0.4539905,0.28015,0.17982733,0.19475,0.0638,0.0876,0.1017,0.22900303,0.1429,0.19815,0.2217,0.2302,0.2498,0.08342158,1.4377726,245.0,1.2164568,1.5915493,0.08342158,-0.09787401,0.272218,0.3871648,2.2612967,1.1814216,1.1596351,3.1944127,1.2164568,0.69491524,2.7519646,1.0,-16.589724,-9.973176,6.6165476,20.975661884190828,82.95941648843781,3,"{""geodesic"":false,""type"":""Point"",""coordinates"":[82.95941648843781,20.975661884190828]}"
1191,52.0,0.6156615,0.7880108,0.2969,0.15750487,0.2161,0.0688,0.0939,0.1113,0.23598,0.1515,0.196,0.2177,0.2248,0.2455,0.019732365,1.3732655,187.0,1.3201423,1.6153846,0.019732365,-0.13820203,0.23677582,0.33769712,2.0179534,1.039778,1.1840426,3.1585107,1.3201423,0.72760946,2.6651707,0.0,-16.672813,-9.796146,6.876666,20.975661884190828,83.13907954526171,3,"{""geodesic"":false,""type"":""Point"",""coordinates"":[83.13907954526171,20.975661884190828]}"
1192,65.0,0.42261827,0.9063078,0.2933,0.1729654,0.2068,0.0641,0.0879,0.101,0.2235009,0.1448,0.1994,0.2231,0.2307,0.2518,0.05462857,1.417593,181.0,1.2707973,1.5732087,0.05462857,-0.11946565,0.26979324,0.39101598,2.2818992,1.1150314,1.1477273,3.3329546,1.2707973,0.7048398,2.901088,0.0,-16.36048,-9.689201,6.6712775,20.975661884190828,83.22891107367366,3,"{""geodesic"":false,""type"":""Point"",""coordinates"":[83.22891107367366,20.975661884190828]}"
1193,71.0,0.32556817,0.94551855,0.2776,0.17826825,0.1936,0.0629,0.0868,0.0944,0.20025429,0.1388,0.1932,0.22,0.2271,0.2448,0.07962919,1.4331441,173.0,1.221831,1.4984127,0.07962919,-0.10005944,0.27632952,0.41275272,2.4031746,1.1724316,1.0863061,3.1944764,1.221831,0.6971552,2.937566,0.0,-16.123207,-9.519952,6.6032557,20.975661884190828,83.31874260208562,3,"{""geodesic"":false,""type"":""Point"",""coordinates"":[83.31874260208562,20.975661884190828]}"
1194,27.0,0.8910065,0.4539905,0.2525,0.19019562,0.1718,0.0613,0.085,0.0882,0.17993312,0.133,0.1967,0.2233,0.2268,0.2451,0.13798293,1.4688772,155.0,1.112825,1.4364821,0.13798293,-0.05361986,0.2964824,0.44,2.5685165,1.3193717,1.0364277,2.9670975,1.112825,0.68012667,2.8595695,0.0,-16.456718,-9.8507395,6.605978,20.975661884190828,83.40857413049757,3,"{""geodesic"":false,""type"":""Point"",""coordinates"":[83.40857413049757,20.975661884190828]}"
1195,97.0,-0.12186934,0.99254614,0.1435,0.2933754,0.0784,0.0499,0.0739,0.0575,0.0707635,0.1105,0.1929,0.216,0.2234,0.2314,0.48045063,1.8280255,145.0,0.6420582,1.15,0.48045063,0.21777052,0.35361215,0.5906016,3.8784723,2.8458598,0.777027,1.9391892,0.6420582,0.545961,2.4913194,0.0,-16.422136,-9.399424,7.0227127,20.975661884190828,83.58823718732147,3,"{""geodesic"":false,""type"":""Point"",""coordinates"":[83.58823718732147,20.975661884190828]}"
1196,180.0,-1.0,1.2246469E-16,0.18755,0.23693322,0.1157,0.0508,0.0716,0.0647,0.12034632,0.11525,0.1881,0.2148,0.21205,0.23015,0.29397407,1.6196028,141.0,0.8840443,1.2711198,0.29397407,0.061311312,0.33265778,0.53243,3.2723765,1.8311745,0.902371,2.61576,0.8840443,0.6165734,2.8942902,0.0,-15.482334,-8.971205,6.511129,20.975661884190828,83.67806871573343,3,"{""geodesic"":false,""type"":""Point"",""coordinates"":[83.67806871573343,20.975661884190828]}"
1197,147.0,-0.83867055,0.54463905,0.1688,0.28781232,0.09335,0.05285,0.07995,0.06255,0.08405546,0.11995,0.2143,0.2466,0.24805,0.2575,0.45313415,1.8063135,131.0,0.6802337,1.1813031,0.45313415,0.19011635,0.36441913,0.59723115,3.9592977,2.6543605,0.7813866,2.1086822,0.6802337,0.5526939,2.6943336,0.0,-15.991444,-9.387015,6.604429,20.975661884190828,83.76790024414538,3,"{""geodesic"":false,""type"":""Point"",""coordinates"":[83.76790024414538,20.975661884190828]}"
1198,253.0,-0.2923717,-0.9563047,0.2676,0.19371027,0.18075,0.0663,0.08905,0.0992,0.19879153,0.142,0.1991,0.22435,0.22785,0.25055,0.11527166,1.4796793,136.0,1.1739416,1.4939759,0.11527166,-0.080230094,0.2765253,0.39336494,2.2945619,1.2598839,1.1127313,3.0016825,1.1739416,0.6751961,2.694864,0.0,-16.33748,-9.426362,6.91112,20.975661884190828,83.85773177255733,3,"{""geodesic"":false,""type"":""Point"",""coordinates"":[83.85773177255733,20.975661884190828]}"
1199,189.0,-0.98768836,-0.15643446,0.22145,0.22269255,0.14078334,0.054413334,0.07288823,0.07320909,0.1472763,0.12482,0.18779,0.21513078,0.22091,0.238525,0.22153205,1.571868,170.0,1.0019909,1.3429575,0.22153205,-0.0012207252,0.3129395,0.50218064,3.0134053,1.568035,1.0030259,3.0340507,1.0019909,0.6354472,3.0207713,0.0,-16.009151,-8.651683,7.357469,20.975661884190828,83.94756330096928,3,"{""geodesic"":false,""type"":""Point"",""coordinates"":[83.94756330096928,20.975661884190828]}"
1200,179.0,-0.9998477,0.017452406,0.2777,0.15828988,0.2018,0.0787,0.0989,0.1144,0.1848783,0.1513,0.1957,0.2178,0.2234,0.2424,0.050799623,1.3754333,143.0,1.2425056,1.4517766,0.050799623,-0.1083616,0.23139447,0.32267615,1.9510916,1.1064883,1.1555556,2.8050506,1.2425056,0.7264219,2.4253275,0.0,-16.935902,-10.429686,6.5062165,20.975661884190828,84.03739482938123,3,"{""geodesic"":false,""type"":""Point"",""coordinates"":[84.03739482938123,20.975661884190828]}"
1201,206.0,-0.89879405,-0.43837115,0.2573,0.22918905,0.16135,0.0638,0.0875,0.0925,0.18362124,0.1457,0.2107,0.23595,0.24155,0.2647,0.19905683,1.5936823,156.0,1.0647631,1.4475744,0.19905683,-0.031572618,0.289961,0.44619069,2.6085312,1.4961288,1.0559361,2.9372146,1.0647631,0.62684536,2.7786176,0.0,-14.887894,-8.198008,6.6898856,20.975661884190828,84.21705788620514,3,"{""geodesic"":false,""type"":""Point"",""coordinates"":[84.21705788620514,20.975661884190828]}"
1202,216.0,-0.809017,-0.58778524,0.33155,0.1914473,0.225,0.07865,0.10085,0.11205,0.17514421,0.1591,0.21485,0.24095,0.2484,0.2701,0.04942966,1.472901,170.0,1.3342053,1.4228572,0.04942966,-0.14337443,0.25862068,0.37827715,2.2148907,1.1035095,1.1099554,3.2842991,1.3342053,0.678426,2.9563086,0.0,-16.908587,-9.90567,7.002917,20.975661884190828,84.39672094302904,3,"{""geodesic"":false,""type"":""Point"",""coordinates"":[84.39672094302904,20.975661884190828]}"
1203,204.0,-0.9135454,-0.40673664,0.278,0.20869565,0.182,0.06275,0.0883,0.0947,0.20292157,0.14435,0.218,0.24555,0.25245,0.27555,0.16215906,1.5266337,194.0,1.1007721,1.5067621,0.16215906,-0.04816665,0.31245536,0.45441452,2.6629746,1.3863262,1.071267,3.1447964,1.1007721,0.6544408,2.9324894,1.0,-16.212906,-9.430552,6.7823544,20.975661884190828,84.48655247144099,3,"{""geodesic"":false,""type"":""Point"",""coordinates"":[84.48655247144099,20.975661884190828]}"
1204,210.0,-0.8660254,-0.5,0.2554,0.20174097,0.16965,0.06415,0.08675,0.09065,0.17118864,0.1396,0.20775,0.23505,0.2384,0.25835,0.16848426,1.5045656,246.0,1.0708596,1.410895,0.16848426,-0.034426894,0.29840434,0.4490199,2.6269972,1.4044182,1.0437536,2.9407024,1.0708596,0.66399217,2.814325,1.0,-16.778297,-9.889783,6.8885145,20.975661884190828,84.57638399985295,3,"{""geodesic"":false,""type"":""Point"",""coordinates"":[84.57638399985295,20.975661884190828]}"
1205,209.0,-0.8746197,-0.4848096,0.26935,0.2415303,0.16455,0.054,0.08555,0.0875,0.23674911,0.15055,0.22995,0.2613,0.26835,0.29465,0.23977824,1.6358943,304.0,1.0033525,1.6173753,0.23977824,-0.0018597731,0.32367474,0.5082198,3.0633562,1.6298208,1.0215995,3.1447752,1.0033525,0.61068845,3.0747716,1.0,-15.271347,-8.638006,6.6333404,20.975661884190828,84.6662155282649,3,"{""geodesic"":false,""type"":""Point"",""coordinates"":[84.6662155282649,20.975661884190828]}"
1206,66.0,0.40673664,0.9135454,0.24715,0.21643902,0.1592,0.05535,0.0823,0.08005,0.18242246,0.13185,0.21515,0.24165,0.24645,0.26875,0.21508689,1.5514752,300.0,1.0024335,1.443643,0.21508689,-0.0014181524,0.3417374,0.5096478,3.0748596,1.547081,0.9714806,2.9993932,1.0024335,0.6438827,3.0835934,1.0,-15.137599,-8.544124,6.5934753,20.975661884190828,84.75604705667685,3,"{""geodesic"":false,""type"":""Point"",""coordinates"":[84.75604705667685,20.975661884190828]}"
1207,65.0,0.42261827,0.9063078,0.25365,0.22521435,0.1604,0.0626,0.087,0.0849,0.15118644,0.1335,0.2164,0.24515,0.25285,0.27,0.22371446,1.5803739,209.0,1.0027673,1.354067,0.22371446,-0.001579467,0.33828998,0.4972613,2.974706,1.5753894,0.9747417,2.91217,1.0027673,0.6321182,2.9841177,1.0,-15.572511,-8.608695,6.963816,20.975661884190828,84.8458785850888,3,"{""geodesic"":false,""type"":""Point"",""coordinates"":[84.8458785850888,20.975661884190828]}"
1208,49.0,0.656059,0.7547096,0.2757,0.19726413,0.18485,0.0634,0.08855,0.09515,0.20025228,0.1432,0.20555,0.22885,0.23375,0.2523,0.116817966,1.4906732,169.0,1.1789609,1.4984252,0.116817966,-0.082343705,0.27585334,0.4214047,2.4540682,1.2638551,1.073322,3.109983,1.1789609,0.67023206,2.894488,0.0,-16.735384,-9.852998,6.8823857,20.975661884190828,84.93571011350076,3,"{""geodesic"":false,""type"":""Point"",""coordinates"":[84.93571011350076,20.975661884190828]}"
1209,56.0,0.5591929,0.82903755,0.2381,0.17667408,0.1666,0.0734,0.0943,0.0932,0.11884754,0.1395,0.2015,0.2271,0.2225,0.2427,0.14366487,1.4283143,139.0,1.0696316,1.2680272,0.14366487,-0.033868868,0.2700157,0.40956604,2.3847802,1.334733,0.9872881,2.5222456,1.0696316,0.6994123,2.5519829,0.0,-16.88388,-9.347779,7.536101,20.975661884190828,85.02554164191271,3,"{""geodesic"":false,""type"":""Point"",""coordinates"":[85.02554164191271,20.975661884190828]}"
1210,158.0,-0.92718387,0.37460658,0.229,0.12724587,0.1773,0.09265,0.10535,0.10665,0.07024586,0.1411,0.18755,0.19635,0.19385,0.20805,0.044591136,1.290868,86.0,1.1807166,1.1498653,0.044591136,-0.0831264,0.19175139,0.29018304,1.815925,1.0927283,1.0113798,2.1716454,1.1807166,0.7738979,2.145199,0.0,-15.7110405,-8.50184,7.209201,20.975661884190828,85.20520469873661,3,"{""geodesic"":false,""type"":""Point"",""coordinates"":[85.20520469873661,20.975661884190828]}"
1211,232.0,-0.6156615,-0.7880108,0.27825,0.18758002,0.19035,0.06335,0.0868,0.10065,0.22743903,0.1445,0.19015,0.21565,0.2203,0.2412,0.07293315,1.4610134,118.0,1.2624773,1.5862885,0.07293315,-0.11623709,0.250713,0.37279952,2.1866004,1.1567341,1.1582278,3.2019563,1.2624773,0.68385124,2.7617867,0.0,-17.144484,-9.775487,7.368996,20.975661884190828,85.38486775556052,3,"{""geodesic"":false,""type"":""Point"",""coordinates"":[85.38486775556052,20.975661884190828]}"
1212,110.0,-0.34202015,0.9396926,0.2178,0.29507953,0.11855,0.0558,0.07975,0.06725,0.093051605,0.12555,0.22125,0.2537,0.26,0.2811,0.37366265,1.835651,117.0,0.8373702,1.2030412,0.37366265,0.08832147,0.38251567,0.5889992,3.8604305,2.191319,0.84220415,2.7276142,0.8373702,0.5440569,3.233853,0.0,-13.51168,-7.0098524,6.501827,20.975661884190828,85.56453081238442,3,"{""geodesic"":false,""type"":""Point"",""coordinates"":[85.56453081238442,20.975661884190828]}"
1213,160.0,-0.9396926,0.34202015,0.30495,0.1592853,0.22115,0.05975,0.0906,0.1055,0.27685326,0.15085,0.19595,0.2216,0.2253,0.2441,0.009295554,1.3783051,91.0,1.3529282,1.7627401,0.009295554,-0.15021217,0.23610583,0.36215237,2.1335227,1.0183051,1.1631753,3.362183,1.3529282,0.7249631,2.887784,0.0,-17.874985,-10.733425,7.1415596,20.975661884190828,85.65436234079637,3,"{""geodesic"":false,""type"":""Point"",""coordinates"":[85.65436234079637,20.975661884190828]}"
1214,180.0,-1.0,1.2246469E-16,0.29975,0.14846744,0.22225,0.0712,0.0964,0.11365,0.22964565,0.1526,0.1985,0.2214,0.2263,0.2442,0.009029094,1.3480998,95.0,1.3239841,1.5939691,0.009029094,-0.1396255,0.23084678,0.33137226,1.9894506,1.0177648,1.1777202,3.1062176,1.3239841,0.74120396,2.6351647,1.0,-17.166794,-9.600932,7.5658607,20.975661884190828,85.74419386920833,3,"{""geodesic"":false,""type"":""Point"",""coordinates"":[85.74419386920833,20.975661884190828]}"
1215,177.0,-0.9986295,0.052335955,0.3005,0.1460717,0.2239,0.076,0.10255,0.1201,0.22488527,0.15705,0.2036,0.2254,0.22965,0.2473,0.0126777645,1.3415178,72.0,1.3079435,1.5781866,0.0126777645,-0.13364142,0.22319773,0.31322372,1.9105657,1.0252233,1.1699951,2.9274232,1.3079435,0.74484366,2.5,1.0,-17.737906,-10.036949,7.700957,20.975661884190828,85.83402539762028,3,"{""geodesic"":false,""type"":""Point"",""coordinates"":[85.83402539762028,20.975661884190828]}"
1216,181.0,-0.9998477,-0.017452406,0.27835,0.16794294,0.1983,0.0624,0.0869,0.10125,0.23739688,0.1393,0.19065,0.21455,0.2181,0.2347,0.047550432,1.4029738,84.0,1.2756646,1.62,0.047550432,-0.121361665,0.25508022,0.36589947,2.1519487,1.0992943,1.1637931,3.1994252,1.2756646,0.7121566,2.7464232,1.0,-17.223337,-9.91902,7.3043175,20.975661884190828,85.92385692603223,3,"{""geodesic"":false,""type"":""Point"",""coordinates"":[85.92385692603223,20.975661884190828]}"
1217,145.0,-0.81915206,0.57357645,0.15985,0.013954964,0.15545,0.07365,0.08685,0.10615,0.18075639,0.127,0.14425,0.14795,0.14115,0.14515,-0.048213083,1.0276438,74.0,1.1316814,1.439322,-0.048213083,-0.062126245,0.06669116,0.1415285,1.3284706,0.9074253,1.2208166,1.8384129,1.1316814,0.9718662,1.5044706,0.0,-10.101687,-0.62259984,9.479087,20.975661884190828,86.01368845444418,3,"{""geodesic"":false,""type"":""Point"",""coordinates"":[86.01368845444418,20.975661884190828]}"
1218,130.0,-0.64278764,0.76604444,0.263,0.1704495,0.1864,0.078,0.10065,0.1097,0.16888653,0.1495,0.2069,0.22895,0.23125,0.2495,0.10738657,1.4101877,45.0,1.1368057,1.4046094,0.10738657,-0.06423874,0.25062656,0.35650387,2.106102,1.2399464,1.0888337,2.610422,1.1368057,0.7084759,2.3952641,0.0,-17.89985,-9.996541,7.903311,20.975661884190828,86.10351998285613,3,"{""geodesic"":false,""type"":""Point"",""coordinates"":[86.10351998285613,20.975661884190828]}"
1219,137.0,-0.7313537,0.6819984,0.2623,0.16422547,0.1883,0.0861,0.1111,0.1219,0.17211539,0.163,0.2068,0.2278,0.2351,0.2446,0.110533774,1.3922505,25.0,1.1152211,1.4141531,0.110533774,-0.05468436,0.20019627,0.31708685,1.9270492,1.2478769,1.096223,2.358813,1.1152211,0.7176067,2.15,0.0,-18.008474,-10.97371,7.0347633,20.975661884190828,86.28318303968004,3,"{""geodesic"":false,""type"":""Point"",""coordinates"":[86.28318303968004,20.975661884190828]}"
1220,137.0,-0.7313537,0.6819984,0.272,0.15034892,0.2009,0.0894,0.1171,0.1347,0.2021419,0.1745,0.2299,0.2516,0.256,0.2698,0.12059531,1.3532338,23.0,1.0620852,1.5050279,0.12059531,-0.030303031,0.2144947,0.31046838,1.8991098,1.2736318,1.1493174,2.3208191,1.0620852,0.7383315,2.0178041,0.0,-19.171791,-11.074565,8.097225,20.975661884190828,86.37301456809199,3,"{""geodesic"":false,""type"":""Point"",""coordinates"":[86.37301456809199,20.975661884190828]}"
1221,127.0,-0.60181504,0.7986355,0.2819,0.14523664,0.2104,0.0847,0.1094,0.1166,0.15846995,0.1546,0.2248,0.2583,0.2645,0.2767,0.11391872,1.3391924,8.0,1.0653818,1.375,0.11391872,-0.031844802,0.28309762,0.38808712,2.2664952,1.2565321,1.0648402,2.5744293,1.0653818,0.7460993,2.4155955,0.0,-16.16783,-9.762179,6.405651,20.975661884190828,86.64250915332785,3,"{""geodesic"":false,""type"":""Point"",""coordinates"":[86.64250915332785,20.975661884190828]}"
1222,115.0,-0.42261827,0.9063078,0.3322,0.13398191,0.2537,0.1059,0.131,0.1542,0.18569781,0.1901,0.2399,0.2575,0.2691,0.2771,0.029456772,1.3089046,6.0,1.2340268,1.454717,0.029456772,-0.1049393,0.18621576,0.2714387,1.7440052,1.0602837,1.1762013,2.5339437,1.2340268,0.7634668,2.1529489,0.0,-19.640446,-12.358518,7.2819276,20.975661884190828,86.7323406817398,3,"{""geodesic"":false,""type"":""Point"",""coordinates"":[86.7323406817398,20.975661884190828]}"
1223,90.0,6.123234E-17,1.0,0.3112,0.127332,0.2409,0.1004,0.1278,0.1415,0.16990492,0.187,0.2323,0.2487,0.2504,0.2674,0.019336455,1.2912863,4.0,1.2423154,1.4079602,0.019336455,-0.10826211,0.17693663,0.277877,1.7683616,1.0390042,1.106333,2.433151,1.2423154,0.7738516,2.19774,0.0,-18.571173,-10.900285,7.670887,20.975661884190828,86.82217221015175,3,"{""geodesic"":false,""type"":""Point"",""coordinates"":[86.82217221015175,20.975661884190828]}"
1224,65.0,0.42261827,0.9063078,0.026,0.13043478,0.02,0.1113,0.1338,0.1299,0.077114426,0.132,0.0911,0.0938,0.0837,0.0704,0.61427194,1.2935324,1.0,0.31026253,1.1660682,0.61427194,0.52597994,-0.3043478,-0.21629213,0.64384615,4.1641793,0.970127,0.19417475,0.31026253,0.7662835,0.2,0.0,-24.834555,-15.375038,9.459516,20.975661884190828,86.9120037385637,3,"{""geodesic"":false,""type"":""Point"",""coordinates"":[86.9120037385637,20.975661884190828]}"
1225,0.0,1.0,0.0,0.0269,0.15698925,0.0196,0.0798,0.0793,0.0539,-0.19371727,0.0531,0.0403,0.0391,0.0345,0.0353,0.2754159,1.3654822,0.0,0.77745664,0.67459327,0.2754159,0.1237785,-0.20135747,-0.21945702,0.6388889,1.751269,0.6788413,0.33879092,0.77745664,0.7259259,0.49814814,0.0,-32.941494,-21.076872,11.864622,20.975661884190828,87.09166679538761,3,"{""geodesic"":false,""type"":""Point"",""coordinates"":[87.09166679538761,20.975661884190828]}"
1226,0.0,1.0,0.0,0.0242,0.13882352,0.0183,0.061,0.0626,0.0438,-0.16412213,0.0457,0.0389,0.0381,0.0312,0.0327,0.26060605,1.3152174,0.0,0.77316296,0.7168576,0.26060605,0.12635379,-0.16581632,-0.168,0.7107062,1.6956521,0.6985646,0.3859649,0.77316296,0.75308645,0.55125284,0.0,-32.00591,-20.452473,11.553435,20.975661884190828,87.18149832379956,3,"{""geodesic"":false,""type"":""Point"",""coordinates"":[87.18149832379956,20.975661884190828]}"
1227,0.0,1.0,0.0,0.0294,0.09701493,0.0242,0.059,0.0513,0.0409,-0.18118118,0.0465,0.0399,0.0398,0.0359,0.0368,0.19467553,1.2098765,0.0,0.81666666,0.69204736,0.19467553,0.099540584,-0.11644658,-0.065104164,0.87560976,1.4773662,0.79571986,0.5719844,0.81666666,0.82033896,0.71707314,0.0,-32.70941,-20.832731,11.876679,20.975661884190828,87.27132985221151,3,"{""geodesic"":false,""type"":""Point"",""coordinates"":[87.27132985221151,20.975661884190828]}"
1228,0.0,1.0,0.0,0.0224,0.15762274,0.0163,0.0558,0.0465,0.0386,-0.1822034,0.0426,0.0377,0.039,0.0317,0.0327,0.32083333,1.3658537,0.0,0.7044025,0.6905188,0.32083333,0.17190388,-0.13147411,-0.09815078,0.8191214,1.9329268,0.82832617,0.4806867,0.7044025,0.72444445,0.57881135,0.0,-33.783264,-20.624155,13.159109,20.975661884190828,87.36116138062346,3,"{""geodesic"":false,""type"":""Point"",""coordinates"":[87.36116138062346,20.975661884190828]}"
1229,0.0,1.0,0.0,0.033,0.15183246,0.0243,0.0592,0.0525,0.0486,-0.098330244,0.0526,0.0462,0.0457,0.0366,0.0388,0.20197044,1.3524591,0.0,0.89918256,0.81956154,0.20197044,0.05172414,-0.15098469,-0.14084508,0.75154006,1.5,0.92395437,0.62737644,0.89918256,0.73413897,0.6776181,0.0,-33.312393,-20.174328,13.138066,20.975661884190828,87.54082443744737,3,"{""geodesic"":false,""type"":""Point"",""coordinates"":[87.54082443744737,20.975661884190828]}"
1230,0.0,1.0,0.0,0.0251,0.16744186,0.0179,0.0481,0.0423,0.0318,-0.204005,0.0417,0.0377,0.0361,0.0301,0.0312,0.25416666,1.3944445,0.0,0.83112586,0.65975106,0.25416666,0.09057971,-0.14403293,-0.02746365,0.94357365,1.6722223,0.75,0.5919811,0.83112586,0.71031743,0.7868339,0.0,-30.780859,-18.50349,12.2773695,20.975661884190828,87.72048749427127,3,"{""geodesic"":false,""type"":""Point"",""coordinates"":[87.72048749427127,20.975661884190828]}"
1231,0.0,1.0,0.0,0.0285,0.18503119,0.0196,0.0505,0.0494,0.0385,-0.13483146,0.0439,0.0381,0.0377,0.032,0.0351,0.24031007,1.4467005,0.0,0.88785046,0.76086956,0.24031007,0.05785124,-0.11139241,-0.09219858,0.82901555,1.6243654,0.7777778,0.57575756,0.88785046,0.6853147,0.738342,0.0,-31.199154,-18.603895,12.595257,20.975661884190828,87.81031902268322,3,"{""geodesic"":false,""type"":""Point"",""coordinates"":[87.81031902268322,20.975661884190828]}"
1232,0.0,1.0,0.0,0.03985,0.09855272,0.0327,0.06815,0.0626,0.0525,-0.12971404,0.0572,0.05065,0.0518,0.04595,0.0496,0.1684679,1.214939,0.0,0.8653637,0.7692308,0.1684679,0.07109557,-0.07116105,-0.06653123,0.87357414,1.4009147,0.83732057,0.6355662,0.8653637,0.81852317,0.75760454,0.0,-31.453941,-18.786097,12.667844,20.975661884190828,87.90015055109518,3,"{""geodesic"":false,""type"":""Point"",""coordinates"":[87.90015055109518,20.975661884190828]}"
1233,0.0,1.0,0.0,0.0367,0.20823045,0.02405,0.0598,0.0597,0.0448,-0.14340344,0.05035,0.0461,0.04765,0.04,0.04425,0.2490242,1.5196687,0.0,0.915212,0.7479132,0.2490242,0.04302477,-0.06448203,-0.056603774,0.8908686,1.6563147,0.74916387,0.6137124,0.915212,0.6535326,0.81737196,0.0,-31.606258,-18.718206,12.888052,20.975661884190828,87.98998207950713,3,"{""geodesic"":false,""type"":""Point"",""coordinates"":[87.98998207950713,20.975661884190828]}"
1234,196.0,-0.9612617,-0.27563736,0.2936,0.17393042,0.2066,0.0678,0.0908,0.1055,0.21754183,0.1444,0.1953,0.2182,0.2292,0.2481,0.051858652,1.4204161,256.0,1.2804186,1.5537555,0.051858652,-0.12318286,0.26420382,0.3695847,2.1704545,1.1088535,1.160616,3.229923,1.2804186,0.7034389,2.780303,0.0,-17.275593,-10.743696,6.531896,21.065493412602777,82.7797534316139,3,"{""geodesic"":false,""type"":""Point"",""coordinates"":[82.7797534316139,21.065493412602777]}"
1235,317.0,0.7313537,-0.6819984,0.2828,0.2044293,0.1868,0.0591,0.0766,0.0832,0.1693605,0.134,0.1672,0.1863,0.1958,0.214,0.023523262,1.5131086,292.0,1.4435936,1.4054054,0.023523262,-0.18178019,0.22988506,0.40358424,2.3505402,1.0476191,1.0847458,3.6870925,1.4435936,0.660304,3.394958,0.0,-15.0374155,-9.22125,5.8161654,21.065493412602777,82.86958496002586,3,"{""geodesic"":false,""type"":""Point"",""coordinates"":[82.86958496002586,21.065493412602777]}"
1236,80.0,0.17364818,0.9848077,0.29455,0.18115288,0.2042,0.0629,0.08425,0.09305,0.1933312,0.14,0.1984,0.22475,0.235,0.25365,0.0701275,1.4417523,289.0,1.2528712,1.4769841,0.0701275,-0.11245397,0.28870824,0.43270844,2.5228126,1.1502693,1.1031417,3.4919977,1.2528712,0.69302565,3.1621041,0.0,-16.621132,-10.07497,6.5461626,21.065493412602777,82.95941648843781,3,"{""geodesic"":false,""type"":""Point"",""coordinates"":[82.95941648843781,21.065493412602777]}"
1237,190.0,-0.9848077,-0.17364818,0.3092,0.17143399,0.2187,0.0676,0.0906,0.1128,0.25055432,0.153,0.199,0.2212,0.2334,0.2529,0.03251493,1.4131627,207.0,1.324197,1.6661743,0.03251493,-0.13969775,0.24611974,0.34835356,2.0673163,1.0667276,1.2436604,3.4090407,1.324197,0.7070805,2.7387068,0.0,-16.945929,-10.257713,6.6882157,21.065493412602777,83.04924801684976,3,"{""geodesic"":false,""type"":""Point"",""coordinates"":[83.04924801684976,21.065493412602777]}"
1238,180.0,-1.0,1.2246469E-16,0.2653,0.1934323,0.1793,0.0611,0.0841,0.0982,0.23289391,0.1449,0.1914,0.2117,0.2207,0.2406,0.1035,1.4788183,234.0,1.2015399,1.6045752,0.1035,-0.091769546,0.24824902,0.38413295,2.245168,1.2302119,1.1662707,3.1508315,1.2015399,0.675584,2.698881,1.0,-16.676386,-9.655369,7.0210176,21.065493412602777,83.13907954526171,3,"{""geodesic"":false,""type"":""Point"",""coordinates"":[83.13907954526171,21.065493412602777]}"
1239,136.0,-0.7193398,0.6946584,0.2723,0.18468566,0.1874,0.0648,0.0922,0.0995,0.21119903,0.142,0.1987,0.2215,0.2323,0.2452,0.10698118,1.4522667,190.0,1.1716868,1.5331279,0.10698118,-0.07927071,0.26652893,0.4002411,2.3323293,1.2389333,1.0780065,2.9501624,1.1716868,0.6879589,2.7339358,0.0,-16.601875,-9.951851,6.6500244,21.065493412602777,83.31874260208562,3,"{""geodesic"":false,""type"":""Point"",""coordinates"":[83.31874260208562,21.065493412602777]}"
1240,177.0,-0.9986295,0.052335955,0.1336,0.28092042,0.075,0.0506,0.0734,0.0591,0.07748405,0.109,0.1912,0.2104,0.2129,0.2196,0.47898576,1.7789614,166.0,0.62723005,1.1656805,0.47898576,0.22886004,0.33657944,0.5654412,3.5962837,2.8348868,0.8040816,1.817687,0.62723005,0.5609574,2.2567568,0.0,-16.221724,-9.025358,7.196365,21.065493412602777,83.49840565890952,3,"{""geodesic"":false,""type"":""Point"",""coordinates"":[83.49840565890952,21.065493412602777]}"
1241,166.0,-0.9702957,0.2419219,0.1593,0.23680124,0.0983,0.0533,0.0766,0.0658,0.10495382,0.1128,0.2015,0.2372,0.2348,0.2434,0.40978685,1.6189024,164.0,0.6781609,1.2322097,0.40978685,0.19157574,0.36664796,0.5622089,3.5629742,2.386179,0.85788786,2.0769231,0.6781609,0.6166876,2.417299,0.0,-15.964696,-8.696856,7.26784,21.065493412602777,83.58823718732147,3,"{""geodesic"":false,""type"":""Point"",""coordinates"":[83.58823718732147,21.065493412602777]}"
1242,268.0,-0.034899496,-0.99939084,0.2767,0.18361673,0.19085,0.0665,0.09125,0.1027,0.213948,0.14775,0.2056,0.2291,0.23735,0.25825,0.10859411,1.4490705,138.0,1.165298,1.542042,0.10859411,-0.07654897,0.27216747,0.39597118,2.3088522,1.2429955,1.1242474,3.0290093,1.165298,0.689487,2.6916342,0.0,-17.000532,-9.96505,7.035483,21.065493412602777,83.85773177255733,3,"{""geodesic"":false,""type"":""Point"",""coordinates"":[83.85773177255733,21.065493412602777]}"
1243,216.0,-0.809017,-0.58778524,0.22845,0.21556368,0.147425,0.054214288,0.071955554,0.0747,0.15890957,0.12001429,0.1746625,0.20157374,0.21038334,0.2297,0.17595547,1.5485511,165.0,1.0853591,1.3753288,0.17595547,-0.04116977,0.31364378,0.4759427,2.8126113,1.426086,1.0367001,3.1704702,1.0853591,0.64504486,3.0541444,0.0,-14.711425,-8.06699,6.644435,21.065493412602777,83.94756330096928,3,"{""geodesic"":false,""type"":""Point"",""coordinates"":[83.94756330096928,21.065493412602777]}"
1244,236.0,-0.5591929,-0.82903755,0.0365,0.20263591,0.0242,0.0525,0.0567,0.0456,-0.070336394,0.0533,0.0512,0.0546,0.0481,0.0495,0.3305671,1.5020577,178.0,0.7572614,0.8669202,0.3305671,0.13711584,-0.03696498,0.026680896,1.0525165,1.9794239,0.8028169,0.64260566,0.7572614,0.6612022,0.7986871,0.0,-17.326595,-10.823162,6.5034337,21.065493412602777,84.03739482938123,3,"{""geodesic"":false,""type"":""Point"",""coordinates"":[84.03739482938123,21.065493412602777]}"
1245,191.0,-0.98162717,-0.190809,0.20605,0.28041014,0.1158,0.0561,0.07775,0.07075,0.115490735,0.133,0.21885,0.2497,0.25605,0.2767,0.3771682,1.7778257,213.0,0.8044115,1.2588968,0.3771682,0.10820169,0.35074446,0.56701344,3.6139731,2.209232,0.908799,2.6467566,0.8044115,0.56172687,2.9082568,0.0,-15.377417,-8.622042,6.755375,21.065493412602777,84.12722635779319,3,"{""geodesic"":false,""type"":""Point"",""coordinates"":[84.12722635779319,21.065493412602777]}"
1246,155.0,-0.9063078,0.42261827,0.26065,0.20951276,0.17035,0.06615,0.0876,0.09105,0.15839694,0.1414,0.21285,0.23885,0.24235,0.2656,0.17446087,1.5291874,190.0,1.075067,1.3743396,0.17446087,-0.03638171,0.30515972,0.45380923,2.6588042,1.4218246,1.0381984,2.9720638,1.075067,0.6533078,2.8595722,0.0,-16.25231,-9.596514,6.655797,21.065493412602777,84.21705788620514,3,"{""geodesic"":false,""type"":""Point"",""coordinates"":[84.21705788620514,21.065493412602777]}"
1247,239.0,-0.5150381,-0.8571673,0.29465,0.20203978,0.1956,0.0698,0.094,0.10055,0.18051071,0.153,0.21935,0.2442,0.2541,0.27235,0.13008672,1.5056208,229.0,1.1591266,1.4384836,0.13008672,-0.073895216,0.28059244,0.4329621,2.5245903,1.2984159,1.0685441,3.1312435,1.1591266,0.66361326,2.9274714,1.0,-15.943849,-9.084626,6.859222,21.065493412602777,84.39672094302904,3,"{""geodesic"":false,""type"":""Point"",""coordinates"":[84.39672094302904,21.065493412602777]}"
1248,255.0,-0.25881904,-0.9659258,0.1857,0.33381218,0.09275,0.04355,0.0726,0.05485,0.1148374,0.12505,0.24105,0.27765,0.28385,0.3051,0.50743496,2.0,339.0,0.65398836,1.2565864,0.50743496,0.20902993,0.41857493,0.67611456,5.165605,3.0570812,0.7544704,2.554333,0.65398836,0.49919268,3.3794358,1.0,-14.571426,-7.839153,6.732273,21.065493412602777,84.48655247144099,3,"{""geodesic"":false,""type"":""Point"",""coordinates"":[84.48655247144099,21.065493412602777]}"
1249,89.0,0.017452406,0.9998477,0.20045,0.31875,0.10355,0.04105,0.0675,0.0527,0.12426667,0.1187,0.22675,0.26345,0.27015,0.29345,0.44581214,1.9339122,420.0,0.7417206,1.2806804,0.44581214,0.1481088,0.42399612,0.6735326,5.1164775,2.6063676,0.7795858,2.9652367,0.7417206,0.51633006,3.7964015,0.0,-13.268524,-6.5762506,6.692274,21.065493412602777,84.6662155282649,3,"{""geodesic"":false,""type"":""Point"",""coordinates"":[84.6662155282649,21.065493412602777]}"
1250,53.0,0.60181504,0.7986355,0.1955,0.29234838,0.10705,0.0492,0.0722,0.0573,0.07605634,0.11895,0.22715,0.2607,0.2648,0.28755,0.4242302,1.824545,248.0,0.73801434,1.1622719,0.4242302,0.15055399,0.41476014,0.64420986,4.6132402,2.4713018,0.79253113,2.704011,0.73801434,0.5472904,3.4059234,1.0,-14.200403,-7.8114567,6.3889465,21.065493412602777,84.75604705667685,3,"{""geodesic"":false,""type"":""Point"",""coordinates"":[84.75604705667685,21.065493412602777]}"
1251,55.0,0.57357645,0.81915206,0.27015,0.18616904,0.18535,0.0665,0.09185,0.10055,0.20383118,0.1462,0.2145,0.2402,0.24625,0.2656,0.14110288,1.4567269,179.0,1.0966105,1.5097598,0.14110288,-0.046281952,0.2899466,0.4201269,2.446597,1.3278512,1.0935291,2.9380097,1.0966105,0.68584645,2.6840537,0.0,-16.446405,-9.941948,6.5044575,21.065493412602777,84.8458785850888,3,"{""geodesic"":false,""type"":""Point"",""coordinates"":[84.8458785850888,21.065493412602777]}"
1252,68.0,0.37460658,0.92718387,0.2849,0.20592593,0.1876,0.0729,0.0928,0.0978,0.14586994,0.1411,0.1959,0.2174,0.2199,0.2396,0.07926381,1.5178477,128.0,1.295,1.339726,0.07926381,-0.12876387,0.2587339,0.38432485,2.2461696,1.1715504,1.0527449,3.0667384,1.295,0.6582456,2.9101124,0.0,-16.545204,-9.057211,7.4879932,21.065493412602777,85.02554164191271,3,"{""geodesic"":false,""type"":""Point"",""coordinates"":[85.02554164191271,21.065493412602777]}"
1253,280.0,0.17364818,-0.9848077,0.1681,0.2768705,0.0952,0.0582,0.0779,0.0643,0.04979592,0.114,0.1859,0.2058,0.2085,0.2265,0.37306553,1.7639035,123.0,0.80584854,1.102916,0.37306553,0.10727563,0.33039647,0.52859235,3.2375777,2.1878278,0.824359,2.1551282,0.80584854,0.5659929,2.6102486,0.0,-17.84566,-11.36346,6.4822,21.065493412602777,85.11537317032466,3,"{""geodesic"":false,""type"":""Point"",""coordinates"":[85.11537317032466,21.065493412602777]}"
1254,183.0,-0.9986295,-0.052335955,0.04705,0.2538308,0.028,0.0529,0.0603,0.0505,-0.023210831,0.06085,0.06495,0.06655,0.06125,0.06365,0.37254903,1.6743772,155.0,0.76691115,0.9528302,0.37254903,0.13111727,0.02248996,0.09619687,1.2104743,2.1797154,0.8360927,0.7789735,0.76691115,0.5938494,0.9298419,0.0,-16.765327,-10.086711,6.678616,21.065493412602777,85.29503622714856,3,"{""geodesic"":false,""type"":""Point"",""coordinates"":[85.29503622714856,21.065493412602777]}"
1255,67.0,0.39073113,0.92050487,0.2223,0.23740606,0.137,0.05025,0.0787,0.0805,0.23135756,0.13345,0.2025,0.22525,0.2308,0.25195,0.25502992,1.6214442,133.0,0.9627544,1.5988083,0.25502992,0.018759655,0.30747277,0.482814,2.8635235,1.6834427,1.0215737,2.821066,0.9627544,0.6160072,2.7580645,0.0,-14.982449,-8.354634,6.6278143,21.065493412602777,85.47469928397247,3,"{""geodesic"":false,""type"":""Point"",""coordinates"":[85.47469928397247,21.065493412602777]}"
1256,238.0,-0.52991927,-0.8480481,0.23215,0.21100678,0.15125,0.0545,0.07915,0.0763,0.16666667,0.12115,0.2005,0.22725,0.2334,0.24525,0.21357077,1.5338619,93.0,0.9942184,1.3974359,0.21357077,0.0026849962,0.33870086,0.5072651,3.0549738,1.5421209,0.962776,2.9293375,0.9942184,0.6512379,3.0386126,0.0,-16.01422,-9.485867,6.5283523,21.065493412602777,85.56453081238442,3,"{""geodesic"":false,""type"":""Point"",""coordinates"":[85.56453081238442,21.065493412602777]}"
1257,211.0,-0.8571673,-0.5150381,0.28115,0.17133632,0.1989,0.05325,0.0816,0.08815,0.24681754,0.13675,0.19705,0.2263,0.2317,0.2507,0.076172784,1.412814,186.0,1.2128991,1.6522962,0.076172784,-0.09642196,0.29410246,0.44880414,2.6254957,1.1643217,1.0789474,3.4412484,1.2128991,0.7072,3.1858356,1.0,-14.718774,-8.29115,6.4276237,21.065493412602777,85.65436234079637,3,"{""geodesic"":false,""type"":""Point"",""coordinates"":[85.65436234079637,21.065493412602777]}"
1258,204.0,-0.9135454,-0.40673664,0.2837,0.18653283,0.1945,0.0548,0.08275,0.0965,0.27561137,0.141,0.20135,0.22925,0.2378,0.2574,0.100161925,1.4578623,290.0,1.1925179,1.7577413,0.100161925,-0.08801534,0.29216868,0.42267424,2.4616978,1.2219938,1.1647556,3.4242606,1.1925179,0.6853418,2.936853,1.0,-15.421357,-8.501788,6.9195685,21.065493412602777,85.83402539762028,3,"{""geodesic"":false,""type"":""Point"",""coordinates"":[85.83402539762028,21.065493412602777]}"
1259,98.0,-0.1391731,0.99026805,0.20365,0.24613737,0.1232,0.0405,0.0611,0.05925,0.18796992,0.1079,0.19145,0.2274,0.234,0.2538,0.31019038,1.6516626,310.0,0.8699274,1.4593596,0.31019038,0.06934765,0.40337297,0.5959079,3.9427128,1.8978102,0.96813726,3.3276143,0.8699274,0.6046626,3.4313395,1.0,-11.681679,-5.085688,6.5959907,21.065493412602777,85.92385692603223,3,"{""geodesic"":false,""type"":""Point"",""coordinates"":[85.92385692603223,21.065493412602777]}"
1260,90.0,6.123234E-17,1.0,0.27835,0.1585848,0.20215,0.07205,0.09665,0.11155,0.21514161,0.1521,0.20415,0.22775,0.2325,0.2496,0.0698263,1.376267,109.0,1.1966896,1.5460845,0.0698263,-0.089752376,0.24271844,0.35154775,2.0824003,1.1495674,1.1529716,2.8770025,1.1966896,0.72598314,2.4930587,1.0,-16.91512,-9.751379,7.163739,21.065493412602777,86.01368845444418,3,"{""geodesic"":false,""type"":""Point"",""coordinates"":[86.01368845444418,21.065493412602777]}"
1261,107.0,-0.2923717,0.9563047,0.2587,0.178051,0.1805,0.0743,0.0923,0.0991,0.14302191,0.1393,0.198,0.2233,0.2283,0.2447,0.116927594,1.4324474,31.0,1.1326619,1.3319893,0.116927594,-0.062423,0.27447918,0.39462432,2.3014114,1.2641196,1.0725108,2.7997835,1.1326619,0.69744974,2.607863,0.0,-16.600851,-10.53608,6.0647707,21.065493412602777,86.19335151126809,3,"{""geodesic"":false,""type"":""Point"",""coordinates"":[86.19335151126809,21.065493412602777]}"
1262,149.0,-0.8571673,0.5150381,0.3421,0.12792614,0.2645,0.0993,0.1299,0.1609,0.23674096,0.1971,0.2283,0.2491,0.2544,0.2694,-0.01946425,1.292895,29.0,1.3442043,1.6187123,-0.01946425,-0.1470243,0.15498392,0.22513846,1.5801243,0.96145123,1.2376924,2.6315384,1.3442043,0.7729398,2.1248448,0.0,-18.944439,-11.293085,7.6513534,21.065493412602777,86.28318303968004,3,"{""geodesic"":false,""type"":""Point"",""coordinates"":[86.28318303968004,21.065493412602777]}"
1263,119.0,-0.4848096,0.8746197,0.31345,0.1375431,0.23765,0.09785,0.12225,0.14685,0.2002452,0.18175,0.2059,0.2261,0.22925,0.24235,-0.017991005,1.3184017,14.0,1.3666885,1.4992343,-0.017991005,-0.15515018,0.14289083,0.21909067,1.5600544,0.9642482,1.2002451,2.5619125,1.3666885,0.7579333,2.1330385,0.0,-17.678549,-10.205872,7.4726777,21.065493412602777,86.55267762491589,3,"{""geodesic"":false,""type"":""Point"",""coordinates"":[86.55267762491589,21.065493412602777]}"
1264,120.0,-0.5,0.8660254,0.2731,0.15597883,0.1994,0.0889,0.1143,0.1194,0.14642343,0.1573,0.2275,0.2668,0.2703,0.2835,0.1509474,1.3689224,8.0,1.0099852,1.341573,0.1509474,-0.005152742,0.28629765,0.38722095,2.2619247,1.3548872,1.0437063,2.3872378,1.0099852,0.72986823,2.2853556,0.0,-17.399376,-10.311653,7.087723,21.065493412602777,86.64250915332785,3,"{""geodesic"":false,""type"":""Point"",""coordinates"":[86.64250915332785,21.065493412602777]}"
1265,125.0,-0.57357645,0.81915206,0.3095,0.14101383,0.233,0.1019,0.1275,0.1465,0.17954911,0.1775,0.2316,0.2479,0.254,0.2701,0.04312115,1.3277563,6.0,1.2180244,1.4362745,0.04312115,-0.09849157,0.20688115,0.26841447,1.7326057,1.0896611,1.1481191,2.4255486,1.2180244,0.752584,2.111187,0.0,-20.861525,-12.669078,8.192447,21.065493412602777,86.7323406817398,3,"{""geodesic"":false,""type"":""Point"",""coordinates"":[86.7323406817398,21.065493412602777]}"
1266,73.0,0.2923717,0.9563047,0.0239,0.14081146,0.018,0.1015,0.1027,0.0628,-0.23554474,0.0615,0.0496,0.0499,0.0424,0.0423,0.40397352,1.320442,0.0,0.56235296,0.61811024,0.40397352,0.2790347,-0.1849711,-0.19391635,0.67408586,2.3425415,0.6108949,0.23249027,0.56235296,0.75,0.3799682,0.0,-32.155125,-21.52961,10.625514,21.065493412602777,86.9120037385637,3,"{""geodesic"":false,""type"":""Point"",""coordinates"":[86.9120037385637,21.065493412602777]}"
1267,0.0,1.0,0.0,0.02685,0.16108108,0.0194,0.083,0.0808,0.0539,-0.21256392,0.0533,0.0426,0.0424,0.03615,0.03585,0.30153015,1.3769231,0.0,0.74068964,0.64861614,0.30153015,0.14761905,-0.19573753,-0.19711271,0.66944444,1.8538462,0.66625464,0.3318912,0.74068964,0.71985155,0.49722221,0.0,-33.657623,-21.19612,12.461505,21.065493412602777,87.09166679538761,3,"{""geodesic"":false,""type"":""Point"",""coordinates"":[87.09166679538761,21.065493412602777]}"
1268,0.0,1.0,0.0,0.0214,0.20224719,0.0142,0.0673,0.06,0.0415,-0.23713236,0.0426,0.0368,0.0368,0.0312,0.0316,0.37444934,1.4965035,0.0,0.68370605,0.615727,0.37444934,0.18631178,-0.14824797,-0.14167812,0.75,2.1818182,0.6905158,0.3560732,0.68370605,0.6604651,0.5144231,0.0,-33.421757,-21.022766,12.398992,21.065493412602777,87.18149832379956,3,"{""geodesic"":false,""type"":""Point"",""coordinates"":[87.18149832379956,21.065493412602777]}"
1269,0.0,1.0,0.0,0.0271,0.06066536,0.024,0.0673,0.0551,0.0412,-0.24055299,0.0436,0.0394,0.0402,0.0347,0.0354,0.18228279,1.1244813,0.0,0.77873564,0.611276,0.18228279,0.122977346,-0.103797466,-0.085639,0.8401937,1.439834,0.7463768,0.49094203,0.77873564,0.88235295,0.65617436,0.0,-33.125183,-20.84999,12.275191,21.065493412602777,87.27132985221151,3,"{""geodesic"":false,""type"":""Point"",""coordinates"":[87.27132985221151,21.065493412602777]}"
1270,0.0,1.0,0.0,0.029,0.16465864,0.0208,0.0595,0.0493,0.0404,-0.1911912,0.0448,0.039,0.0389,0.0346,0.0353,0.24909747,1.3875598,0.0,0.83573484,0.67785233,0.24909747,0.08805031,-0.11860175,-0.07733333,0.854321,1.6555024,0.81781375,0.58704454,0.83573484,0.71477664,0.7160494,0.0,-33.828632,-20.86729,12.961341,21.065493412602777,87.36116138062346,3,"{""geodesic"":false,""type"":""Point"",""coordinates"":[87.36116138062346,21.065493412602777]}"
1271,0.0,1.0,0.0,0.03155,0.13796213,0.0239,0.05685,0.04905,0.04105,-0.16138917,0.04715,0.04145,0.04135,0.0363,0.0402,0.20598006,1.3145833,0.0,0.8667582,0.72080773,0.20598006,0.07000737,-0.079564966,-0.06140918,0.8821385,1.5125,0.83519834,0.6419125,0.8667582,0.7551343,0.7667072,0.0,-33.960938,-20.836843,13.124094,21.065493412602777,87.45099290903542,3,"{""geodesic"":false,""type"":""Point"",""coordinates"":[87.45099290903542,21.065493412602777]}"
1272,0.0,1.0,0.0,0.028,0.18769883,0.01915,0.0539,0.0476,0.0407,-0.13953489,0.0434,0.03805,0.03915,0.03105,0.03465,0.2370518,1.4545455,0.0,0.8988764,0.7537037,0.2370518,0.051651143,-0.11210762,-0.13449477,0.7610294,1.612987,0.8532495,0.5870021,0.8988764,0.68149465,0.6862745,0.0,-33.54348,-20.022247,13.521231,21.065493412602777,87.54082443744737,3,"{""geodesic"":false,""type"":""Point"",""coordinates"":[87.54082443744737,21.065493412602777]}"
1273,0.0,1.0,0.0,0.0228,0.11219512,0.0182,0.0519,0.0445,0.033,-0.22261484,0.0403,0.0358,0.0359,0.0313,0.0339,0.26464647,1.2459016,0.0,0.72611463,0.63461536,0.26464647,0.15711646,-0.08625337,-0.02643857,0.94561934,1.7103825,0.7399103,0.51121074,0.72611463,0.7947598,0.68882173,0.0,-32.007233,-18.945026,13.062207,21.065493412602777,87.63065596585932,3,"{""geodesic"":false,""type"":""Point"",""coordinates"":[87.63065596585932,21.065493412602777]}"
1274,0.0,1.0,0.0,0.0307,0.1349353,0.0234,0.0636,0.0611,0.0442,-0.17996289,0.0435,0.0363,0.0362,0.0315,0.0296,0.14754099,1.306383,0.0,0.971519,0.6938776,0.14754099,0.012861736,-0.19015048,-0.16776751,0.71106094,1.3404255,0.7222222,0.501634,0.971519,0.75974023,0.6930023,0.0,-31.26931,-19.019423,12.249887,21.065493412602777,87.81031902268322,3,"{""geodesic"":false,""type"":""Point"",""coordinates"":[87.81031902268322,21.065493412602777]}"
1275,0.0,1.0,0.0,0.0313,0.18560606,0.0215,0.07,0.0701,0.0503,-0.16375728,0.0485,0.0415,0.0399,0.0329,0.0341,0.20955883,1.449074,0.0,0.94848484,0.71754634,0.20955883,0.024922118,-0.17433414,-0.20913461,0.6527778,1.5231482,0.71652424,0.44586894,0.94848484,0.68471336,0.62103176,0.0,-31.58362,-19.164108,12.419513,21.065493412602777,87.90015055109518,3,"{""geodesic"":false,""type"":""Point"",""coordinates"":[87.90015055109518,21.065493412602777]}"
1276,0.0,1.0,0.0,0.0274,0.13340227,0.02095,0.0722,0.07495,0.0454,-0.22789116,0.0477,0.0385,0.03975,0.029,0.0329,0.16116115,1.3016627,0.0,0.9415808,0.62793916,0.16116115,0.028368793,-0.18362282,-0.2204301,0.63736266,1.3776722,0.60493004,0.36508995,0.9415808,0.7618182,0.6021978,0.0,-31.66409,-19.062136,12.601954,21.065493412602777,87.98998207950713,3,"{""geodesic"":false,""type"":""Point"",""coordinates"":[87.98998207950713,21.065493412602777]}"
1277,0.0,1.0,0.0,0.0285,0.1003861,0.0233,0.0832,0.0868,0.0536,-0.21637426,0.0563,0.0405,0.04,0.0319,0.0338,0.1557971,1.2179487,0.0,0.890625,0.6434574,0.1557971,0.05629139,-0.24972253,-0.25380117,0.594041,1.3632479,0.6168009,0.32796317,0.890625,0.8146853,0.53072625,0.0,-31.615051,-17.918716,13.696335,21.065493412602777,88.07981360791908,3,"{""geodesic"":false,""type"":""Point"",""coordinates"":[88.07981360791908,21.065493412602777]}"
1278,0.0,1.0,0.0,0.0265,0.099585064,0.0217,0.0925,0.1031,0.0722,-0.1232544,0.0715,0.0495,0.05,0.0472,0.0468,0.3701016,1.2155963,0.0,0.5602537,0.7796976,0.3701016,0.28086838,-0.20879121,-0.20938024,0.6528354,2.1651375,0.6996124,0.25678295,0.5602537,0.81578946,0.36652836,0.0,-31.401566,-18.950642,12.450925,21.065493412602777,88.16964513633103,3,"{""geodesic"":false,""type"":""Point"",""coordinates"":[88.16964513633103,21.065493412602777]}"
1279,0.0,1.0,0.0,0.0274,0.0703125,0.0238,0.0864,0.0977,0.0568,-0.20670392,0.0567,0.0417,0.0404,0.0343,0.0365,0.18072289,1.1464435,0.0,0.79651165,0.6566474,0.18072289,0.11183144,-0.2167382,-0.24698134,0.60281193,1.4351465,0.5807771,0.2801636,0.79651165,0.86545455,0.48154658,0.0,-31.801645,-19.87302,11.928625,21.065493412602777,88.25947666474299,3,"{""geodesic"":false,""type"":""Point"",""coordinates"":[88.25947666474299,21.065493412602777]}"
1280,0.0,1.0,0.0,0.05,0.016260162,0.0484,0.0944,0.1131,0.0816,-0.07272727,0.0786,0.0649,0.0661,0.0591,0.0624,0.099534884,1.0309278,0.0,0.8445946,0.8634921,0.099534884,0.08340972,-0.114893615,-0.15991472,0.72337824,1.2185566,0.7208481,0.4416961,0.8445946,0.96606785,0.6119951,0.0,-31.602806,-19.406878,12.195928,21.065493412602777,88.34930819315494,3,"{""geodesic"":false,""type"":""Point"",""coordinates"":[88.34930819315494,21.065493412602777]}"
1281,0.0,1.0,0.0,0.0473,0.07622298,0.0406,0.0934,0.1027,0.07,-0.14320685,0.0709,0.0618,0.0637,0.0571,0.0598,0.16888434,1.1621622,0.0,0.8269231,0.7486631,0.16888434,0.09386973,-0.08492731,-0.101494886,0.81455064,1.4029484,0.68093383,0.46011674,0.8269231,0.8565401,0.6747503,0.0,-31.045063,-19.32141,11.723654,21.065493412602777,88.43913972156689,3,"{""geodesic"":false,""type"":""Point"",""coordinates"":[88.43913972156689,21.065493412602777]}"
1282,0.0,1.0,0.0,0.0371,0.048022598,0.0337,0.0953,0.112,0.0738,-0.1271437,0.0689,0.0556,0.0552,0.0449,0.0473,0.14249364,1.0976331,0.0,0.8244445,0.7735849,0.14249364,0.09512195,-0.1858864,-0.24347094,0.6075778,1.3284024,0.65834075,0.3309545,0.8244445,0.90591395,0.5020298,0.0,-31.930702,-19.32228,12.60842,21.065493412602777,88.52897124997884,3,"{""geodesic"":false,""type"":""Point"",""coordinates"":[88.52897124997884,21.065493412602777]}"
1283,0.0,1.0,0.0,0.0346,0.10191083,0.0282,0.0857,0.0974,0.0644,-0.1419054,0.0623,0.0497,0.0505,0.0438,0.0452,0.21666667,1.2226149,0.0,0.7881549,0.75058275,0.21666667,0.11734694,-0.15906976,-0.19038817,0.67906976,1.5477031,0.6605128,0.3548718,0.7881549,0.8126801,0.5364341,0.0,-33.53221,-20.175964,13.356247,21.065493412602777,88.61880277839079,3,"{""geodesic"":false,""type"":""Point"",""coordinates"":[88.61880277839079,21.065493412602777]}"
1284,0.0,1.0,0.0,0.0241,0.18137255,0.0167,0.0772,0.077,0.04675,-0.24566357,0.0482,0.03495,0.03745,0.02985,0.0318,0.28249195,1.4345238,0.0,0.80467445,0.6047866,0.28249195,0.10658017,-0.205,-0.22062664,0.6371398,1.7767857,0.60635537,0.31258106,0.80467445,0.69008267,0.5144077,0.0,-34.361496,-22.561308,11.80019,21.065493412602777,88.7984658352147,3,"{""geodesic"":false,""type"":""Point"",""coordinates"":[88.7984658352147,21.065493412602777]}"
1285,0.0,1.0,0.0,0.0228,0.1632653,0.0164,0.0579,0.0594,0.0438,-0.13864307,0.0456,0.0372,0.0367,0.0326,0.0339,0.33061224,1.3818182,0.0,0.6972477,0.75517243,0.33061224,0.1768953,-0.14716981,-0.14659686,0.7425968,1.9757576,0.73613447,0.38319328,0.6972477,0.7161572,0.5193622,0.0,-33.68502,-22.20386,11.48116,21.065493412602777,88.9781288920386,3,"{""geodesic"":false,""type"":""Point"",""coordinates"":[88.9781288920386,21.065493412602777]}"
1286,0.0,1.0,0.0,0.0157,0.15018316,0.0116,0.0463,0.0425,0.0377,-0.102380954,0.0407,0.0323,0.0318,0.0264,0.0273,0.38947368,1.3418803,0.0,0.5924528,0.8125,0.38947368,0.25415677,-0.19705883,-0.17628706,0.6984127,2.2564104,0.8849765,0.3685446,0.5924528,0.73417723,0.4153439,0.0,-33.31559,-22.369091,10.946497,21.065493412602777,89.24762347727446,3,"{""geodesic"":false,""type"":""Point"",""coordinates"":[89.24762347727446,21.065493412602777]}"
1287,0.0,1.0,0.0,0.016,0.19402985,0.0108,0.0341,0.0281,0.0249,-0.1559322,0.028,0.0233,0.0235,0.0201,0.0194,0.30097088,1.4678899,0.0,0.7920792,0.7280702,0.30097088,0.11357341,-0.1814346,-0.10666667,0.804,1.8440367,0.88297874,0.5673759,0.7920792,0.6708075,0.64,0.0,-34.38415,-21.500546,12.883607,21.065493412602777,89.42728653409836,3,"{""geodesic"":false,""type"":""Point"",""coordinates"":[89.42728653409836,21.065493412602777]}"
1288,0.0,1.0,0.0,0.0145,0.13725491,0.011,0.0361,0.0262,0.0211,-0.26223776,0.0259,0.021,0.0211,0.0179,0.0177,0.23875433,1.3063064,0.0,0.8055556,0.5828729,0.23875433,0.10493827,-0.1880734,-0.082051285,0.8443396,1.6126126,0.8022814,0.5513308,0.8055556,0.75342464,0.6839623,0.0,-35.27555,-21.453192,13.822358,21.065493412602777,89.51711806251032,3,"{""geodesic"":false,""type"":""Point"",""coordinates"":[89.51711806251032,21.065493412602777]}"
1289,0.0,1.0,0.0,0.0173,0.15333334,0.0127,0.0352,0.0263,0.0237,-0.19524617,0.0299,0.0253,0.0242,0.0204,0.0224,0.2326284,1.3515625,0.0,0.84390247,0.6713881,0.2326284,0.08222812,-0.14340344,-0.07482993,0.85714287,1.59375,0.89772725,0.655303,0.84390247,0.72988504,0.72689074,0.0,-36.002373,-21.939163,14.063209,21.065493412602777,89.60694959092227,3,"{""geodesic"":false,""type"":""Point"",""coordinates"":[89.60694959092227,21.065493412602777]}"
1290,0.0,1.0,0.0,0.0177,0.19594595,0.0119,0.0298,0.0257,0.0217,-0.15728155,0.0274,0.0218,0.0227,0.0205,0.0222,0.2654321,1.475,0.0,0.8592233,0.72575253,0.2654321,0.07329843,-0.10483871,-0.028436018,0.940367,1.7083334,0.84108526,0.68604654,0.8592233,0.66853935,0.8119266,0.0,-32.65073,-21.661926,10.988804,21.065493412602777,89.69678111933422,3,"{""geodesic"":false,""type"":""Point"",""coordinates"":[89.69678111933422,21.065493412602777]}"
1291,96.0,-0.104528464,0.9945219,0.2453,0.16781719,0.1748,0.0641,0.0863,0.0962,0.20024954,0.1364,0.194,0.2128,0.2204,0.2363,0.115384616,1.4025158,299.0,1.1124717,1.4984424,0.115384616,-0.0534679,0.268044,0.39229313,2.2886813,1.2601486,1.113426,2.8391204,1.1124717,0.71230644,2.5472481,0.0,-16.750196,-9.721144,7.0290527,21.15532494101473,82.60009037479,3,"{""geodesic"":false,""type"":""Point"",""coordinates"":[82.60009037479,21.15532494101473]}"
1292,119.0,-0.4848096,0.8746197,0.2725,0.17179102,0.1926,0.0705,0.0956,0.11,0.21883656,0.1505,0.2126,0.2436,0.2467,0.2629,0.12315047,1.4141152,304.0,1.1041329,1.5580736,0.12315047,-0.049691834,0.27189162,0.38323522,2.2406902,1.2802284,1.1494253,2.84744,1.1041329,0.70652974,2.4750228,0.0,-17.010769,-10.300473,6.710295,21.15532494101473,82.68992190320195,3,"{""geodesic"":false,""type"":""Point"",""coordinates"":[82.68992190320195,21.15532494101473]}"
1293,115.0,-0.42261827,0.9063078,0.248,0.1871709,0.1698,0.0605,0.0845,0.0923,0.20811519,0.1359,0.1974,0.2266,0.2326,0.2484,0.15606362,1.4596821,273.0,1.0657499,1.5231023,0.15606362,-0.03204328,0.29274005,0.4318252,2.517316,1.3690406,1.0910165,2.931442,1.0657499,0.68440145,2.6839826,0.0,-16.692852,-9.953411,6.7394404,21.15532494101473,82.7797534316139,3,"{""geodesic"":false,""type"":""Point"",""coordinates"":[82.7797534316139,21.15532494101473]}"
1294,335.0,0.9063078,-0.42261827,0.31705,0.14200811,0.2382,0.0788,0.10695,0.1308,0.24809161,0.1639,0.19705,0.21495,0.2191,0.23855,-0.041766893,1.3304658,231.0,1.446396,1.6577947,-0.041766893,-0.18269141,0.18548888,0.2523578,1.6737968,0.9194293,1.221859,2.9617002,1.446396,0.7510642,2.422078,0.0,-18.216608,-11.064686,7.1519227,21.15532494101473,82.95941648843781,3,"{""geodesic"":false,""type"":""Point"",""coordinates"":[82.95941648843781,21.15532494101473]}"
1295,247.0,-0.39073113,-0.92050487,0.3029,0.17539775,0.2125,0.0675,0.0961,0.1146,0.25864908,0.1558,0.2117,0.2349,0.2411,0.2589,0.06305115,1.4247413,303.0,1.2558043,1.6952662,0.06305115,-0.11360294,0.24861346,0.35563678,2.1020052,1.1340545,1.1912682,3.1486487,1.2558043,0.7013201,2.6408021,0.0,-18.766905,-11.6805725,7.086333,21.15532494101473,83.04924801684976,3,"{""geodesic"":false,""type"":""Point"",""coordinates"":[83.04924801684976,21.15532494101473]}"
1296,197.0,-0.9563047,-0.2923717,0.3348,0.14598665,0.2495,0.0713,0.0982,0.1253,0.27466938,0.167,0.2132,0.2405,0.2483,0.2668,-0.0024106067,1.3413461,365.0,1.3478261,1.754902,-0.0024106067,-0.14834505,0.23005994,0.32922912,1.9800638,0.9947917,1.2746694,3.4059002,1.3478261,0.7449985,2.6698565,0.0,-17.725702,-10.476725,7.2489777,21.15532494101473,83.13907954526171,3,"{""geodesic"":false,""type"":""Point"",""coordinates"":[83.13907954526171,21.15532494101473]}"
1297,102.0,-0.20791169,0.9781476,0.2741,0.18019375,0.1904,0.0636,0.0885,0.0986,0.21578299,0.1388,0.1924,0.2138,0.2226,0.2361,0.0779661,1.4388452,206.0,1.2308037,1.5478806,0.0779661,-0.10368431,0.25953588,0.3860523,2.255319,1.1685039,1.1128668,3.0936794,1.2308037,0.6943837,2.7771022,1.0,-17.015709,-10.174141,6.841567,21.15532494101473,83.31874260208562,3,"{""geodesic"":false,""type"":""Point"",""coordinates"":[83.31874260208562,21.15532494101473]}"
1298,159.0,-0.9335804,0.35836795,0.2346,0.19389313,0.1584,0.0616,0.0868,0.09,0.18733509,0.137,0.2164,0.2462,0.2513,0.2656,0.22675128,1.4801261,185.0,0.93317425,1.458671,0.22675128,0.03436921,0.31942374,0.47260475,2.7891233,1.5854889,1.0356731,2.6996548,0.93317425,0.6749041,2.6037736,0.0,-16.211866,-9.394257,6.8176093,21.15532494101473,83.49840565890952,3,"{""geodesic"":false,""type"":""Point"",""coordinates"":[83.49840565890952,21.15532494101473]}"
1299,135.0,-0.70710677,0.70710677,0.1356,0.30384615,0.0724,0.0458,0.0682,0.0494,0.037815128,0.1037,0.2013,0.2313,0.2238,0.2367,0.5111411,1.8703449,176.0,0.60562754,1.0762527,0.5111411,0.24540901,0.3907168,0.6383602,4.521212,3.0868967,0.72327965,1.9853587,0.60562754,0.5335298,2.739394,0.0,-15.8229475,-8.8160095,7.0069385,21.15532494101473,83.58823718732147,3,"{""geodesic"":false,""type"":""Point"",""coordinates"":[83.58823718732147,21.15532494101473]}"
1300,268.0,-0.034899496,-0.99939084,0.1544,0.27893975,0.08705,0.0482,0.0731,0.0592,0.10242086,0.1142,0.2137,0.24165,0.2467,0.2486,0.47835207,1.7716581,137.0,0.6256078,1.2256728,0.47835207,0.23011717,0.37045205,0.6129454,4.1602025,2.8307517,0.8087432,2.1092896,0.6256078,0.5634304,2.60371,0.0,-16.188852,-8.88279,7.3060617,21.15532494101473,83.85773177255733,3,"{""geodesic"":false,""type"":""Point"",""coordinates"":[83.85773177255733,21.15532494101473]}"
1301,259.0,-0.190809,-0.98162717,0.17605,0.29389068,0.096075,0.041207142,0.060376924,0.05785238,0.16803269,0.10915,0.187725,0.21263333,0.22263333,0.24112,0.39709765,1.8305173,208.0,0.79040706,1.4005418,0.39709765,0.11684294,0.3767665,0.5874843,3.8416598,2.3148775,0.9566026,2.9110277,0.79040706,0.5454158,3.037839,0.0,-14.010172,-7.066903,6.9432693,21.15532494101473,83.94756330096928,3,"{""geodesic"":false,""type"":""Point"",""coordinates"":[83.94756330096928,21.15532494101473]}"
1302,151.0,-0.8746197,0.4848096,0.2441,0.22447956,0.1546,0.0606,0.08225,0.0854,0.16986302,0.13405,0.19545,0.21855,0.22525,0.24615,0.18599448,1.5778927,179.0,1.0832039,1.4069192,0.18599448,-0.040161926,0.2948448,0.4501851,2.634503,1.456044,1.037037,2.9641774,1.0832039,0.63308764,2.8549707,0.0,-15.325053,-7.7708936,7.554159,21.15532494101473,84.03739482938123,3,"{""geodesic"":false,""type"":""Point"",""coordinates"":[84.03739482938123,21.15532494101473]}"
1303,246.0,-0.40673664,-0.9135454,0.22665,0.2501379,0.13595,0.058,0.0838,0.08165,0.16935195,0.1404,0.22395,0.2569,0.26485,0.28825,0.32160679,1.6659317,209.0,0.85544443,1.4053357,0.32160679,0.07772126,0.3449201,0.5287157,3.2397554,1.9467108,0.9731824,2.7014303,0.85544443,0.599559,2.7724771,0.0,-15.343818,-8.526379,6.8174386,21.15532494101473,84.12722635779319,3,"{""geodesic"":false,""type"":""Point"",""coordinates"":[84.12722635779319,21.15532494101473]}"
1304,188.0,-0.99026805,-0.1391731,0.20325,0.29273334,0.1112,0.05045,0.0757,0.06135,0.097495526,0.12945,0.2305,0.26065,0.26425,0.28585,0.40764415,1.8261455,233.0,0.768867,1.2136499,0.40764415,0.13048129,0.37659523,0.62315726,4.3002443,2.374214,0.80936676,2.6813984,0.768867,0.5468404,3.3075671,1.0,-14.644617,-7.8200274,6.82459,21.15532494101473,84.30688941461709,3,"{""geodesic"":false,""type"":""Point"",""coordinates"":[84.30688941461709,21.15532494101473]}"
1305,201.0,-0.9335804,-0.35836795,0.2641,0.22268519,0.1679,0.06105,0.08305,0.08965,0.18978103,0.1422,0.20795,0.2327,0.24175,0.26345,0.18027584,1.5720239,270.0,1.0919992,1.4660671,0.18027584,-0.044183057,0.298903,0.458962,2.6935933,1.4389881,1.078172,3.1761875,1.0919992,0.6355034,2.9426184,0.0,-15.6398945,-8.703227,6.9366674,21.15532494101473,84.39672094302904,3,"{""geodesic"":false,""type"":""Point"",""coordinates"":[84.39672094302904,21.15532494101473]}"
1306,333.0,0.8910065,-0.4539905,0.26575,0.22748268,0.16725,0.06145,0.08255,0.0862,0.16762614,0.1374,0.2004,0.22835,0.23735,0.25695,0.17325754,1.5879892,250.0,1.119183,1.4004874,0.17325754,-0.05645001,0.3031571,0.46716118,2.7502897,1.418285,1.0429522,3.215366,1.119183,0.62911415,3.0793743,0.0,-15.694871,-8.8582325,6.836638,21.15532494101473,84.48655247144099,3,"{""geodesic"":false,""type"":""Point"",""coordinates"":[84.48655247144099,21.15532494101473]}"
1307,339.0,0.9335804,-0.35836795,0.20135,0.32816622,0.10185,0.04685,0.07345,0.06045,0.12674744,0.12945,0.2269,0.26115,0.26585,0.2849,0.44601578,1.9749877,320.0,0.7570972,1.28754,0.44601578,0.1380565,0.3751659,0.6294821,4.3905864,2.6076508,0.8218899,2.7375934,0.7570972,0.50558454,3.325351,1.0,-14.750909,-8.200617,6.550292,21.15532494101473,84.57638399985295,3,"{""geodesic"":false,""type"":""Point"",""coordinates"":[84.57638399985295,21.15532494101473]}"
1308,84.0,0.104528464,0.9945219,0.28575,0.19937041,0.19075,0.06605,0.0932,0.10275,0.21741706,0.15345,0.2204,0.24515,0.2489,0.2702,0.1322643,1.4972491,136.0,1.1475904,1.553288,0.1322643,-0.06892359,0.27558127,0.4156121,2.4200292,1.3041656,1.1012862,3.062701,1.1475904,0.66730803,2.778318,0.0,-16.424723,-9.58644,6.8382835,21.15532494101473,84.8458785850888,3,"{""geodesic"":false,""type"":""Point"",""coordinates"":[84.8458785850888,21.15532494101473]}"
1309,119.0,-0.4848096,0.8746197,0.3091,0.15605423,0.22565,0.0793,0.10515,0.1288,0.23786642,0.1694,0.2118,0.2352,0.2381,0.25885,0.02684636,1.3692137,121.0,1.297649,1.6221663,0.02684636,-0.12975146,0.20887332,0.29790133,1.8471683,1.0547066,1.223753,2.9368172,1.297649,0.7297866,2.3979828,0.0,-17.855547,-10.727012,7.1285357,21.15532494101473,84.93571011350076,3,"{""geodesic"":false,""type"":""Point"",""coordinates"":[84.93571011350076,21.15532494101473]}"
1310,147.0,-0.83867055,0.54463905,0.272,0.20594104,0.1791,0.0603,0.0858,0.0965,0.23086734,0.1436,0.1926,0.2192,0.2247,0.2443,0.11292719,1.5178572,116.0,1.2099644,1.5976821,0.11292719,-0.09522851,0.259603,0.39912826,2.326087,1.2539062,1.1233993,3.1664727,1.2099644,0.6582139,2.815735,0.0,-15.867044,-8.875991,6.991054,21.15532494101473,85.02554164191271,3,"{""geodesic"":false,""type"":""Point"",""coordinates"":[85.02554164191271,21.15532494101473]}"
1311,30.0,0.8660254,0.5,0.2546,0.22965467,0.1595,0.0591,0.0821,0.081,0.15631692,0.1317,0.1997,0.2248,0.2302,0.2476,0.18142161,1.5952381,99.0,1.1055145,1.3682432,0.18142161,-0.05033003,0.30556288,0.47943446,2.838471,1.4423559,0.98540145,3.0973237,1.1055145,0.62622696,3.1393342,0.0,-14.735778,-8.360455,6.375323,21.15532494101473,85.11537317032466,3,"{""geodesic"":false,""type"":""Point"",""coordinates"":[85.11537317032466,21.15532494101473]}"
1312,319.0,0.7547096,-0.656059,0.3138,0.16610925,0.2244,0.07805,0.1056,0.1241,0.22780114,0.16605,0.213,0.23905,0.24105,0.26485,0.035771832,1.3977728,105.0,1.3012648,1.5879718,0.035771832,-0.13111652,0.22928753,0.32027933,1.9408213,1.0737194,1.1740776,2.9687796,1.3012648,0.71487737,2.52657,0.0,-18.016085,-10.93591,7.080175,21.15532494101473,85.20520469873661,3,"{""geodesic"":false,""type"":""Point"",""coordinates"":[85.20520469873661,21.15532494101473]}"
1313,303.0,0.54463905,-0.83867055,0.24215,0.22313423,0.1538,0.05705,0.08085,0.08565,0.20042047,0.13485,0.19395,0.22115,0.2235,0.2465,0.18473363,1.5734243,131.0,1.0829606,1.4986876,0.18473363,-0.040051542,0.29277566,0.44590005,2.606414,1.4522417,1.0580605,2.9913528,1.0829606,0.6348813,2.8239067,0.0,-15.969052,-8.6447735,7.324279,21.15532494101473,85.29503622714856,3,"{""geodesic"":false,""type"":""Point"",""coordinates"":[85.29503622714856,21.15532494101473]}"
1314,250.0,-0.34202015,-0.9396926,0.20785,0.27574039,0.118,0.04785,0.0709,0.0626,0.1335446,0.1237,0.203,0.23195,0.23905,0.26045,0.33902815,1.7599492,152.0,0.8691198,1.3055266,0.33902815,0.06981428,0.35598072,0.58494943,3.8125997,2.024132,0.88169014,2.9274647,0.8691198,0.5674441,3.314992,0.0,-13.807393,-7.078397,6.7289963,21.15532494101473,85.56453081238442,3,"{""geodesic"":false,""type"":""Point"",""coordinates"":[85.56453081238442,21.15532494101473]}"
1315,253.0,-0.2923717,-0.9563047,0.18105,0.29691976,0.09815,0.0409,0.06895,0.0552,0.14880332,0.11875,0.22355,0.25455,0.25455,0.27905,0.44343635,1.842748,243.0,0.7109758,1.3463415,0.44343635,0.16873278,0.40296632,0.64358354,4.603074,2.5908396,0.7994207,2.622013,0.7109758,0.5418162,3.27396,1.0,-14.10514,-7.1011167,7.0040236,21.15532494101473,85.65436234079637,3,"{""geodesic"":false,""type"":""Point"",""coordinates"":[85.65436234079637,21.15532494101473]}"
1316,121.0,-0.5150381,0.8571673,0.1807,0.32867646,0.0913,0.02765,0.0512,0.0389,0.16904584,0.09895,0.20595,0.24135,0.24835,0.26775,0.46238774,1.9770241,489.0,0.72730935,1.4018018,0.46238774,0.15767393,0.46032178,0.7291558,6.3679485,2.7171772,0.7582846,3.522417,0.72730935,0.5049779,4.633333,1.0,-13.576303,-6.8086386,6.7676644,21.15532494101473,85.74419386920833,3,"{""geodesic"":false,""type"":""Point"",""coordinates"":[85.74419386920833,21.15532494101473]}"
1317,88.0,0.034899496,0.99939084,0.29745,0.16601333,0.21275,0.073,0.09805,0.1169,0.2311743,0.15435,0.20235,0.22985,0.2328,0.25495,0.04500056,1.397463,72.0,1.2771575,1.5991791,0.04500056,-0.12192362,0.24578549,0.33142695,1.9897436,1.093728,1.1910341,3.0305655,1.2771575,0.7150059,2.5423076,0.0,-17.64608,-10.728046,6.9180336,21.15532494101473,86.01368845444418,3,"{""geodesic"":false,""type"":""Point"",""coordinates"":[86.01368845444418,21.15532494101473]}"
1318,88.0,0.034899496,0.99939084,0.3245,0.14948636,0.2401,0.0856,0.1102,0.13045,0.20759083,0.1667,0.2096,0.2312,0.23555,0.25525,-0.009565857,1.3509575,46.0,1.3770422,1.5221703,-0.009565857,-0.1588251,0.20985898,0.28715846,1.8042896,0.9806411,1.1826836,2.9419763,1.3770422,0.73967963,2.4856377,0.0,-18.402988,-10.7449255,7.658063,21.15532494101473,86.10351998285613,3,"{""geodesic"":false,""type"":""Point"",""coordinates"":[86.10351998285613,21.15532494101473]}"
1319,154.0,-0.89879405,0.43837115,0.35005,0.07906905,0.29875,0.1257,0.17415,0.2188,0.27024674,0.2519,0.2691,0.2897,0.28155,0.2928,-0.029639842,1.1713234,35.0,1.2428546,1.7392687,-0.029639842,-0.10845472,0.075087205,0.12541221,1.2862037,0.94211143,1.2556671,2.0088952,1.2428546,0.85320574,1.5991321,0.0,-17.66884,-10.997571,6.671269,21.15532494101473,86.19335151126809,3,"{""geodesic"":false,""type"":""Point"",""coordinates"":[86.19335151126809,21.15532494101473]}"
1320,177.0,-0.9986295,0.052335955,0.3381,0.16345492,0.2431,0.0963,0.1225,0.1442,0.1991684,0.1898,0.2248,0.2475,0.2539,0.2743,0.021730382,1.3902138,34.0,1.3311024,1.4958506,0.021730382,-0.14222974,0.18207283,0.27555892,1.7595288,1.0439967,1.1761827,2.7577488,1.3311024,0.71880543,2.3430355,0.0,-17.422693,-10.1546,7.268093,21.15532494101473,86.28318303968004,3,"{""geodesic"":false,""type"":""Point"",""coordinates"":[86.28318303968004,21.15532494101473]}"
1321,115.0,-0.42261827,0.9063078,0.3543,0.1544477,0.2595,0.102,0.1291,0.152,0.19685039,0.1961,0.2397,0.2628,0.2722,0.2909,0.02388565,1.364792,24.0,1.3011384,1.4887365,0.02388565,-0.13104549,0.19466119,0.2833569,1.789612,1.0485362,1.1764706,2.74226,1.3011384,0.73222345,2.3293886,0.0,-17.404205,-10.185168,7.2190375,21.15532494101473,86.46284609650394,3,"{""geodesic"":false,""type"":""Point"",""coordinates"":[86.46284609650394,21.15532494101473]}"
1322,113.0,-0.39073113,0.92050487,0.3478,0.15644222,0.2537,0.0987,0.1219,0.1421,0.18023255,0.1852,0.231,0.2566,0.2688,0.2852,0.02889952,1.3703704,18.0,1.2934176,1.4382591,0.02889952,-0.12812196,0.21258503,0.30834752,1.8902954,1.0591017,1.1647542,2.8508196,1.2934176,0.72923255,2.4458508,0.0,-17.074736,-10.808014,6.266722,21.15532494101473,86.55267762491589,3,"{""geodesic"":false,""type"":""Point"",""coordinates"":[86.55267762491589,21.15532494101473]}"
1323,117.0,-0.4539905,0.8910065,0.3688,0.1526801,0.2711,0.1058,0.132,0.1516,0.17793317,0.196,0.2647,0.2901,0.2954,0.3155,0.04289497,1.359882,13.0,1.2480541,1.4315392,0.04289497,-0.11050888,0.23362659,0.32170022,1.9472643,1.089233,1.1476154,2.7918243,1.2480541,0.7348875,2.431114,0.0,-17.4354,-10.341075,7.0943255,21.15532494101473,86.64250915332785,3,"{""geodesic"":false,""type"":""Point"",""coordinates"":[86.64250915332785,21.15532494101473]}"
1324,81.0,0.15643446,0.98768836,0.184,0.20261438,0.122,0.0803,0.1054,0.0979,0.09876543,0.1496,0.2268,0.2559,0.2547,0.2699,0.3522697,1.5069615,1.0,0.722135,1.2176617,0.3522697,0.16115797,0.28676996,0.44469655,2.5989795,2.0859952,0.92796206,1.7440758,0.722135,0.6626833,1.8775511,0.0,-18.36199,-10.447884,7.9141064,21.15532494101473,86.82217221015175,3,"{""geodesic"":false,""type"":""Point"",""coordinates"":[86.82217221015175,21.15532494101473]}"
1325,90.0,6.123234E-17,1.0,0.0237,0.185,0.0163,0.0982,0.0965,0.0624,-0.22291407,0.062,0.0496,0.0485,0.0424,0.0403,0.44463372,1.445122,0.0,0.55764705,0.63479143,0.44463372,0.28290468,-0.21212122,-0.1908397,0.6784,2.5853658,0.6459627,0.24534161,0.55764705,0.68487394,0.3792,0.0,-32.43534,-21.489529,10.945813,21.15532494101473,86.9120037385637,3,"{""geodesic"":false,""type"":""Point"",""coordinates"":[86.9120037385637,21.15532494101473]}"
1326,0.0,1.0,0.0,0.0257,0.16951081,0.01825,0.09155,0.09195,0.05675,-0.23465948,0.0565,0.0473,0.0475,0.0412,0.0409,0.3860387,1.400545,0.0,0.622276,0.6192035,0.3860387,0.2316891,-0.16016427,-0.15875447,0.72471416,2.2452316,0.6165128,0.27919608,0.622276,0.7073643,0.45206684,0.0,-33.139812,-21.216354,11.923456,21.15532494101473,87.00183526697566,3,"{""geodesic"":false,""type"":""Point"",""coordinates"":[87.00183526697566,21.15532494101473]}"
1327,0.0,1.0,0.0,0.0262,0.15164836,0.0193,0.0693,0.0703,0.0506,-0.1559633,0.0505,0.0403,0.0379,0.0331,0.0322,0.26335877,1.3505155,0.0,0.7891566,0.7291066,0.26335877,0.116357505,-0.22128174,-0.20908004,0.65286,1.7061856,0.71875,0.3721591,0.7891566,0.7338403,0.5167653,0.0,-32.784718,-21.22675,11.557969,21.15532494101473,87.18149832379956,3,"{""geodesic"":false,""type"":""Point"",""coordinates"":[87.18149832379956,21.15532494101473]}"
1328,0.0,1.0,0.0,0.0206,0.16384181,0.0148,0.0599,0.0544,0.0384,-0.21871822,0.0435,0.0376,0.0372,0.0322,0.0337,0.37021276,1.3825504,0.0,0.6377709,0.64,0.37021276,0.21969697,-0.126943,-0.0878187,0.8363636,2.161074,0.70458716,0.37798166,0.6377709,0.71497583,0.53506494,0.0,-33.463715,-21.033125,12.430592,21.15532494101473,87.27132985221151,3,"{""geodesic"":false,""type"":""Point"",""coordinates"":[87.27132985221151,21.15532494101473]}"
1329,0.0,1.0,0.0,0.0233,0.17676768,0.0163,0.0573,0.0527,0.0414,-0.16109422,0.0446,0.0377,0.0372,0.0325,0.0322,0.3319672,1.4207317,0.0,0.71472394,0.72125435,0.3319672,0.16487455,-0.16145833,-0.12043302,0.78313255,1.9817073,0.78409094,0.44128788,0.71472394,0.6965812,0.5614458,0.0,-34.018494,-20.902485,13.116008,21.15532494101473,87.36116138062346,3,"{""geodesic"":false,""type"":""Point"",""coordinates"":[87.36116138062346,21.15532494101473]}"
1330,0.0,1.0,0.0,0.0265,0.13006397,0.0204,0.058,0.0514,0.0465,-0.11004785,0.0485,0.0416,0.0416,0.0372,0.0372,0.29166666,1.2926829,0.0,0.7104558,0.8003442,0.29166666,0.16797489,-0.13185531,-0.11111111,0.7982833,1.8146342,0.9029126,0.5145631,0.7104558,0.7669173,0.56866956,0.0,-33.384907,-20.164097,13.220808,21.15532494101473,87.54082443744737,3,"{""geodesic"":false,""type"":""Point"",""coordinates"":[87.54082443744737,21.15532494101473]}"
1331,0.0,1.0,0.0,0.0247,0.122727275,0.0193,0.061,0.0578,0.0434,-0.16858238,0.0457,0.039,0.0391,0.0333,0.0349,0.26615968,1.2731959,0.0,0.73952097,0.71031094,0.26615968,0.14827587,-0.13399504,-0.13168187,0.76551723,1.7164948,0.7495682,0.4265976,0.73952097,0.7782258,0.5678161,0.0,-32.32091,-19.237226,13.083686,21.15532494101473,87.63065596585932,3,"{""geodesic"":false,""type"":""Point"",""coordinates"":[87.63065596585932,21.15532494101473]}"
1332,0.0,1.0,0.0,0.0276,0.21585903,0.0178,0.0682,0.0838,0.0558,-0.1,0.0526,0.0422,0.0425,0.0355,0.0362,0.33208254,1.5418994,0.0,0.7752809,0.8169839,0.33208254,0.1251981,-0.18468468,-0.22234392,0.63506263,1.9832402,0.66507745,0.32896304,0.7752809,0.6425993,0.49373883,0.0,-31.294523,-19.083298,12.2112255,21.15532494101473,87.81031902268322,3,"{""geodesic"":false,""type"":""Point"",""coordinates"":[87.81031902268322,21.15532494101473]}"
1333,0.0,1.0,0.0,0.0308,0.22222222,0.0196,0.0878,0.0979,0.0629,-0.16522893,0.0651,0.0442,0.0453,0.0388,0.039,0.32876712,1.5634518,0.0,0.7917738,0.7155859,0.32876712,0.11494253,-0.25072047,-0.23697148,0.61587304,1.9695431,0.64183676,0.31428573,0.7917738,0.6343042,0.4888889,0.0,-31.376503,-19.02896,12.347546,21.15532494101473,87.90015055109518,3,"{""geodesic"":false,""type"":""Point"",""coordinates"":[87.90015055109518,21.15532494101473]}"
1334,0.0,1.0,0.0,0.027,0.15015975,0.01995,0.0916,0.097,0.05945,-0.21284343,0.05815,0.04485,0.04515,0.0396,0.04185,0.3299748,1.3466334,0.0,0.68010074,0.6483097,0.3299748,0.1891892,-0.163,-0.20040384,0.6649874,1.9750624,0.6122554,0.27806386,0.68010074,0.73616236,0.4534005,0.0,-31.364437,-19.323069,12.041368,21.15532494101473,87.98998207950713,3,"{""geodesic"":false,""type"":""Point"",""coordinates"":[87.98998207950713,21.15532494101473]}"
1335,0.0,1.0,0.0,0.028,0.16182573,0.0202,0.0838,0.1007,0.0642,-0.13243243,0.0544,0.039,0.0404,0.0333,0.0367,0.24485981,1.3793104,0.0,0.83832335,0.7651967,0.24485981,0.08646003,-0.194292,-0.31692308,0.5178849,1.6403941,0.6369048,0.2777778,0.83832335,0.7188612,0.43545878,0.0,-31.521172,-17.873009,13.648164,21.15532494101473,88.07981360791908,3,"{""geodesic"":false,""type"":""Point"",""coordinates"":[88.07981360791908,21.15532494101473]}"
1336,0.0,1.0,0.0,0.0294,0.20245399,0.0195,0.1007,0.1187,0.0835,-0.09337676,0.0757,0.052,0.0513,0.0448,0.0471,0.3934681,1.5,0.0,0.65478843,0.828373,0.3934681,0.20754717,-0.23289903,-0.3016368,0.53588516,2.2857144,0.70286196,0.24747474,0.65478843,0.66101694,0.35167465,0.0,-31.520437,-17.693314,13.827123,21.15532494101473,88.16964513633103,3,"{""geodesic"":false,""type"":""Point"",""coordinates"":[88.16964513633103,21.15532494101473]}"
1337,0.0,1.0,0.0,0.0488,0.07726269,0.0418,0.1045,0.1194,0.0844,-0.106405504,0.0747,0.0529,0.052,0.0501,0.0475,0.09031556,1.1646779,0.0,0.9721116,0.8068834,0.09031556,0.013144591,-0.22258593,-0.2550186,0.5928994,1.1957041,0.7062762,0.4083682,0.9721116,0.8548057,0.57751477,0.0,-31.841867,-19.817894,12.0239725,21.15532494101473,88.25947666474299,3,"{""geodesic"":false,""type"":""Point"",""coordinates"":[88.25947666474299,21.15532494101473]}"
1338,0.0,1.0,0.0,0.0258,0.057377048,0.023,0.1024,0.1233,0.0869,-0.081880614,0.0806,0.0501,0.0496,0.0462,0.0435,0.33526012,1.1168832,0.0,0.5572354,0.8478049,0.33526012,0.28333333,-0.29895246,-0.30578512,0.53103447,2.0,0.7042139,0.20907618,0.5572354,0.8880309,0.29655173,0.0,-31.644747,-19.69059,11.954158,21.15532494101473,88.34930819315494,3,"{""geodesic"":false,""type"":""Point"",""coordinates"":[88.34930819315494,21.15532494101473]}"
1339,0.0,1.0,0.0,0.0311,0.0146818925,0.0302,0.1003,0.1146,0.0777,-0.1269663,0.075,0.0577,0.0579,0.047,0.0475,0.21761657,1.0264026,0.0,0.6602972,0.7739044,0.21761657,0.20358515,-0.2244898,-0.24619086,0.6041131,1.5511551,0.67741936,0.2711421,0.6602972,0.96794873,0.39974293,0.0,-31.911018,-19.378466,12.532554,21.15532494101473,88.52897124997884,3,"{""geodesic"":false,""type"":""Point"",""coordinates"":[88.52897124997884,21.15532494101473]}"
1340,0.0,1.0,0.0,0.02555,0.11693989,0.0202,0.09475,0.11285,0.07215,-0.13541043,0.06425,0.04385,0.04235,0.0405,0.038,0.33443162,1.2586207,0.0,0.62931037,0.7606748,0.33443162,0.22634368,-0.2567237,-0.2809587,0.5605536,1.9950739,0.6387782,0.22620629,0.62931037,0.78752434,0.35363322,0.0,-33.94883,-20.431068,13.517761,21.15532494101473,88.70863430680275,3,"{""geodesic"":false,""type"":""Point"",""coordinates"":[88.70863430680275,21.15532494101473]}"
1341,0.0,1.0,0.0,0.02485,0.11685393,0.01965,0.09435,0.10195,0.06315,-0.19809523,0.05935,0.03735,0.03785,0.0351,0.0319,0.28219178,1.2582278,0.0,0.70596594,0.6686077,0.28219178,0.17097582,-0.30082193,-0.28549618,0.5549407,1.7772152,0.6188143,0.24350809,0.70596594,0.7875751,0.3928854,0.0,-34.3714,-23.246677,11.12472,21.15532494101473,88.7984658352147,3,"{""geodesic"":false,""type"":""Point"",""coordinates"":[88.7984658352147,21.15532494101473]}"
1342,0.0,1.0,0.0,0.0261,0.13232104,0.02,0.08645,0.09875,0.0598,-0.18222222,0.0583,0.04005,0.0409,0.0321,0.03285,0.23224568,1.2985075,0.0,0.81055903,0.69093007,0.23224568,0.10309278,-0.2792101,-0.30141458,0.53589314,1.5970149,0.604957,0.26403642,0.81055903,0.7633588,0.4357262,0.0,-34.403076,-22.58191,11.821168,21.15532494101473,88.88829736362665,3,"{""geodesic"":false,""type"":""Point"",""coordinates"":[88.88829736362665,21.15532494101473]}"
1343,0.0,1.0,0.0,0.02605,0.16294643,0.01875,0.0772,0.0826,0.05075,-0.20672138,0.0496,0.0382,0.03655,0.03335,0.0351,0.2802303,1.3819629,0.0,0.77877426,0.656533,0.2802303,0.12289562,-0.17119244,-0.20689656,0.6558505,1.7692307,0.61366385,0.31499395,0.77877426,0.71701723,0.5122911,0.0,-33.871353,-22.508154,11.363199,21.15532494101473,88.9781288920386,3,"{""geodesic"":false,""type"":""Point"",""coordinates"":[88.9781288920386,21.15532494101473]}"
1344,0.0,1.0,0.0,0.0163,0.16845877,0.0116,0.0458,0.0439,0.0341,-0.14643304,0.0365,0.0293,0.0285,0.0264,0.0261,0.38947368,1.3931624,0.0,0.61509436,0.7429194,0.38947368,0.23653395,-0.16613418,-0.12727273,0.7719298,2.2564104,0.775,0.37045455,0.61509436,0.70731705,0.4766082,0.0,-33.182823,-21.742561,11.440263,21.15532494101473,89.24762347727446,3,"{""geodesic"":false,""type"":""Point"",""coordinates"":[89.24762347727446,21.15532494101473]}"
1345,0.0,1.0,0.0,0.0169,0.22909091,0.0106,0.0447,0.0361,0.0292,-0.20974289,0.0379,0.0298,0.0302,0.0222,0.0231,0.35365853,1.5794393,0.0,0.75784755,0.65178573,0.35365853,0.13554987,-0.24262296,-0.13618676,0.75767916,2.0747664,0.80662984,0.46685082,0.75784755,0.62352943,0.5767918,0.0,-33.583237,-21.676283,11.906955,21.15532494101473,89.33745500568641,3,"{""geodesic"":false,""type"":""Point"",""coordinates"":[89.33745500568641,21.15532494101473]}"
1346,0.0,1.0,0.0,0.0172,0.14285715,0.0129,0.0431,0.0366,0.0275,-0.22096318,0.0325,0.0274,0.0256,0.0222,0.0233,0.26495728,1.323077,0.0,0.77130044,0.6365741,0.26495728,0.12690355,-0.16487455,-0.10663984,0.8043478,1.7076923,0.7493188,0.46866485,0.77130044,0.7456647,0.6231884,0.0,-34.666225,-21.751446,12.914778,21.15532494101473,89.42728653409836,3,"{""geodesic"":false,""type"":""Point"",""coordinates"":[89.42728653409836,21.15532494101473]}"
1347,0.0,1.0,0.0,0.0157,0.12142857,0.0123,0.0348,0.0284,0.0216,-0.23404256,0.0238,0.0195,0.0198,0.0147,0.0177,0.08888889,1.266129,0.0,1.0608108,0.61891115,0.08888889,-0.032894738,-0.14698794,-0.19008264,0.67741936,1.1854838,0.75789475,0.5508772,1.0608108,0.778481,0.7235023,0.0,-35.5895,-21.848705,13.740796,21.15532494101473,89.51711806251032,3,"{""geodesic"":false,""type"":""Point"",""coordinates"":[89.51711806251032,21.15532494101473]}"
1348,0.0,1.0,0.0,0.0177,0.12738854,0.0137,0.0326,0.0244,0.019,-0.2635659,0.0253,0.0209,0.0198,0.0162,0.0179,0.08361204,1.2826087,0.0,1.0858896,0.5810397,0.08361204,-0.044247787,-0.1712963,-0.07954545,0.84816754,1.173913,0.7755102,0.722449,1.0858896,0.7696629,0.92670155,0.0,-35.946514,-21.870779,14.075737,21.15532494101473,89.60694959092227,3,"{""geodesic"":false,""type"":""Point"",""coordinates"":[89.60694959092227,21.15532494101473]}"
1349,96.0,-0.104528464,0.9945219,0.2433,0.17479478,0.1709,0.0596,0.0867,0.0952,0.22997417,0.1355,0.1915,0.2208,0.2284,0.2435,0.144002,1.422807,291.0,1.0647702,1.5946399,0.144002,-0.031587873,0.28496042,0.41161928,2.3966422,1.3356725,1.0967742,2.8029954,1.0647702,0.7021364,2.5529907,0.0,-18.199873,-10.698706,7.5011673,21.245156469426682,82.60009037479,3,"{""geodesic"":false,""type"":""Point"",""coordinates"":[82.60009037479,21.245156469426682]}"
1350,20.0,0.9396926,0.34202015,0.2942,0.1623864,0.212,0.0654,0.0932,0.1081,0.24610952,0.1478,0.2061,0.2318,0.2367,0.258,0.055047914,1.3870816,292.0,1.2423986,1.6503817,0.055047914,-0.10830665,0.27156234,0.37296984,2.1876156,1.115983,1.1586281,3.153269,1.2423986,0.72035336,2.7190387,0.0,-18.339436,-10.997194,7.342242,21.245156469426682,82.68992190320195,3,"{""geodesic"":false,""type"":""Point"",""coordinates"":[82.68992190320195,21.245156469426682]}"
1351,109.0,-0.32556817,0.94551855,0.165,0.23641813,0.1019,0.0554,0.0745,0.0633,0.06655434,0.1162,0.2034,0.2363,0.2306,0.2439,0.38706768,1.617647,277.0,0.71521455,1.1405406,0.38706768,0.16582407,0.3546237,0.5692412,3.637224,2.2607844,0.84852546,2.2117963,0.71521455,0.6172017,2.6025236,0.0,-17.211027,-9.832608,7.3784194,21.245156469426682,82.7797534316139,3,"{""geodesic"":false,""type"":""Point"",""coordinates"":[82.7797534316139,21.245156469426682]}"
1352,173.0,-0.99254614,0.12186934,0.27945,0.12579313,0.217,0.0668,0.09255,0.1115,0.25070107,0.14355,0.1841,0.206,0.2104,0.22745,-0.015442208,1.2871948,257.0,1.3275534,1.6666666,-0.015442208,-0.14096151,0.22614555,0.30723828,1.8853047,0.9691386,1.2034539,3.01619,1.3275534,0.77624756,2.5040324,0.0,-18.995035,-11.690723,7.304311,21.245156469426682,82.95941648843781,3,"{""geodesic"":false,""type"":""Point"",""coordinates"":[82.95941648843781,21.245156469426682]}"
1353,320.0,0.76604444,-0.64278764,0.2754,0.16992353,0.1954,0.0598,0.0834,0.0998,0.25062656,0.1467,0.1954,0.2173,0.2251,0.2445,0.0706302,1.4086957,266.0,1.2229129,1.6661102,0.0706302,-0.1004995,0.25,0.38565713,2.2532532,1.1514066,1.1952096,3.2982037,1.2229129,0.7092559,2.7567568,0.0,-13.126462,-6.895911,6.2305512,21.245156469426682,83.13907954526171,3,"{""geodesic"":false,""type"":""Point"",""coordinates"":[83.13907954526171,21.245156469426682]}"
1354,21.0,0.9335804,0.35836795,0.298,0.15526265,0.2179,0.0553,0.0763,0.0948,0.2631579,0.1267,0.1581,0.1768,0.1828,0.206,-0.08759671,1.3669724,320.0,1.6293056,1.7111913,-0.08759671,-0.23960066,0.23835286,0.3170029,1.9262382,0.8385321,1.2408377,3.9005237,1.6293056,0.73096275,3.1401474,0.0,-13.504496,-7.592471,5.9120245,21.245156469426682,83.22891107367366,3,"{""geodesic"":false,""type"":""Point"",""coordinates"":[83.22891107367366,21.245156469426682]}"
1355,117.0,-0.4539905,0.8910065,0.2147,0.17869887,0.1496,0.0583,0.0846,0.0855,0.1891516,0.1284,0.1945,0.2158,0.2158,0.2318,0.18117131,1.4342017,251.0,0.99444187,1.4640411,0.18117131,0.0025551685,0.28706273,0.43245935,2.521028,1.4415498,1.0094451,2.534829,0.99444187,0.6964618,2.5081775,0.0,-17.098328,-10.300847,6.7974806,21.245156469426682,83.31874260208562,3,"{""geodesic"":false,""type"":""Point"",""coordinates"":[83.31874260208562,21.245156469426682]}"
1356,88.0,0.034899496,0.99939084,0.2039,0.21513706,0.1317,0.0568,0.0821,0.0779,0.15664439,0.1234,0.1938,0.2188,0.2156,0.2264,0.2415779,1.5470409,182.0,0.9452944,1.3690685,0.2415779,0.027890345,0.29445398,0.46916524,2.7641025,1.6358118,0.9476886,2.4805353,0.9452944,0.6455882,2.6141026,0.0,-16.594637,-9.823755,6.770882,21.245156469426682,83.58823718732147,3,"{""geodesic"":false,""type"":""Point"",""coordinates"":[83.58823718732147,21.245156469426682]}"
1357,124.0,-0.5591929,0.82903755,0.1661,0.24466093,0.1008,0.0534,0.0741,0.0663,0.10776942,0.1101,0.1967,0.2276,0.2231,0.239,0.37758568,1.6461843,166.0,0.7441756,1.2392523,0.37758568,0.14645426,0.3692352,0.54181063,3.3599398,2.2111,0.893531,2.2385445,0.7441756,0.6064982,2.501506,0.0,-16.281128,-9.574944,6.706185,21.245156469426682,83.67806871573343,3,"{""geodesic"":false,""type"":""Point"",""coordinates"":[83.67806871573343,21.245156469426682]}"
1358,110.0,-0.34202015,0.9396926,0.1437,0.33488157,0.0716,0.0506,0.07555,0.05905,0.07706338,0.10935,0.1936,0.2247,0.22165,0.23175,0.5116795,2.004184,158.0,0.64802706,1.1646943,0.5116795,0.21335706,0.35883906,0.57926613,3.7472527,3.091353,0.7805684,1.8995373,0.64802706,0.49791378,2.4294167,0.0,-16.871725,-9.978345,6.893381,21.245156469426682,83.76790024414538,3,"{""geodesic"":false,""type"":""Point"",""coordinates"":[83.76790024414538,21.245156469426682]}"
1359,128.0,-0.6156615,0.7880108,0.16995,0.2725571,0.09715,0.0483,0.0758,0.06025,0.110087514,0.1147,0.24425,0.2957,0.29885,0.3197,0.50934345,1.7475579,143.0,0.56848973,1.2448347,0.50934345,0.27495733,0.47191527,0.6644389,4.951947,3.0730078,0.7938076,2.2391305,0.56848973,0.57130253,2.816073,0.0,-16.28884,-10.112009,6.17683,21.245156469426682,83.85773177255733,3,"{""geodesic"":false,""type"":""Point"",""coordinates"":[83.85773177255733,21.245156469426682]}"
1360,304.0,0.5591929,-0.82903755,0.234875,0.2245031,0.14875,0.051089585,0.07495,0.0757375,0.19434269,0.12621428,0.19022,0.21908,0.22405833,0.24378571,0.20200282,1.5779308,141.0,1.0478085,1.479549,0.20200282,-0.023569146,0.31776062,0.49473947,2.954453,1.5052626,1.0091605,3.1295803,1.0478085,0.6330461,3.0970826,0.0,-15.054452,-8.246778,6.8076744,21.245156469426682,83.94756330096928,3,"{""geodesic"":false,""type"":""Point"",""coordinates"":[83.94756330096928,21.245156469426682]}"
1361,224.0,-0.7193398,-0.6946584,0.1941,0.26987243,0.1116,0.0479,0.07025,0.06175,0.12631099,0.11685,0.18595,0.21315,0.21895,0.23955,0.32476175,1.7376902,198.0,0.88609904,1.2864584,0.32476175,0.06016221,0.3442761,0.5600285,3.5400162,1.9601611,0.8777541,2.7590618,0.88609904,0.5746653,3.1382377,0.0,-14.76114,-7.4890356,7.272104,21.245156469426682,84.03739482938123,3,"{""geodesic"":false,""type"":""Point"",""coordinates"":[84.03739482938123,21.245156469426682]}"
1362,274.0,0.06975647,-0.9975641,0.257,0.19507091,0.1731,0.064,0.0893,0.09505,0.19522163,0.1494,0.2093,0.2354,0.24215,0.261,0.16628537,1.4838337,236.0,1.0608875,1.4828393,0.16628537,-0.029750576,0.27192983,0.43623963,2.544929,1.3980947,1.0631992,2.8747203,1.0608875,0.67327887,2.7009983,1.0,-16.58062,-9.412283,7.168336,21.245156469426682,84.12722635779319,3,"{""geodesic"":false,""type"":""Point"",""coordinates"":[84.12722635779319,21.245156469426682]}"
1363,309.0,0.6293204,-0.777146,0.2165,0.28125462,0.12145,0.0518,0.07525,0.06485,0.11187313,0.1293,0.2264,0.25495,0.2612,0.28465,0.36521626,1.78116,343.0,0.82854956,1.2495183,0.36521626,0.09357337,0.37528688,0.60220826,4.021555,2.1489098,0.8606503,2.873258,0.82854956,0.56071097,3.3333333,0.0,-14.03655,-7.302493,6.734057,21.245156469426682,84.21705788620514,3,"{""geodesic"":false,""type"":""Point"",""coordinates"":[84.21705788620514,21.245156469426682]}"
1364,163.0,-0.9563047,0.2923717,0.1977,0.31209558,0.10365,0.0501,0.07645,0.06135,0.10094213,0.1277,0.24875,0.2841,0.29165,0.31685,0.47558817,1.9055421,240.0,0.67763495,1.2221116,0.47558817,0.19198938,0.42548645,0.65240794,4.746135,2.8110843,0.80143696,2.5826256,0.67763495,0.5240142,3.2172499,1.0,-15.120372,-8.375455,6.7449164,21.245156469426682,84.39672094302904,3,"{""geodesic"":false,""type"":""Point"",""coordinates"":[84.39672094302904,21.245156469426682]}"
1365,171.0,-0.98768836,0.15643446,0.18885,0.31145832,0.09915,0.0508,0.07135,0.0631,0.10798947,0.11795,0.1984,0.2296,0.2353,0.25215,0.40708625,1.9027708,220.0,0.80225146,1.2396857,0.40708625,0.10951314,0.3626047,0.57707775,3.7231014,2.370781,0.8831351,2.6431072,0.80225146,0.524742,2.988133,1.0,-13.875991,-7.235833,6.640157,21.245156469426682,84.48655247144099,3,"{""geodesic"":false,""type"":""Point"",""coordinates"":[84.48655247144099,21.245156469426682]}"
1366,138.0,-0.7431448,0.6691306,0.23635,0.26036528,0.1387,0.0533,0.0788,0.07795,0.18780953,0.13625,0.21085,0.24015,0.24705,0.2699,0.2808814,1.7028098,180.0,0.95630187,1.4597378,0.2808814,0.022134878,0.32906562,0.5203077,3.1652787,1.7798991,0.98795944,2.995564,0.95630187,0.5865934,3.028187,0.0,-14.636391,-8.109719,6.5266724,21.245156469426682,84.8458785850888,3,"{""geodesic"":false,""type"":""Point"",""coordinates"":[84.8458785850888,21.245156469426682]}"
1367,78.0,0.20791169,0.9781476,0.2944,0.17783557,0.2055,0.065,0.09,0.1094,0.25458714,0.15105,0.2036,0.2275,0.235,0.25195,0.06696935,1.4319066,166.0,1.2522331,1.6804916,0.06696935,-0.112202495,0.2503722,0.3646922,2.1461186,1.1429961,1.2142065,3.2674806,1.2522331,0.6977929,2.6885846,0.0,-17.059546,-9.808203,7.251342,21.245156469426682,84.93571011350076,3,"{""geodesic"":false,""type"":""Point"",""coordinates"":[84.93571011350076,21.245156469426682]}"
1368,54.0,0.58778524,0.809017,0.2717,0.19638926,0.1825,0.057,0.0831,0.0909,0.22920893,0.1395,0.1971,0.2201,0.2265,0.2514,0.10757946,1.4879518,133.0,1.1990291,1.591944,0.10757946,-0.090726614,0.28626248,0.42722118,2.489011,1.2404162,1.0925481,3.265625,1.1990291,0.6714496,2.9857142,0.0,-16.522736,-10.072785,6.4499497,21.245156469426682,85.02554164191271,3,"{""geodesic"":false,""type"":""Point"",""coordinates"":[85.02554164191271,21.245156469426682]}"
1369,164.0,-0.9612617,0.27563736,0.3052,0.18225838,0.2111,0.0663,0.0928,0.106,0.23041207,0.1518,0.2047,0.2306,0.2375,0.2592,0.058849756,1.4450758,142.0,1.2845118,1.5963856,0.058849756,-0.124746636,0.26131386,0.38282388,2.2384543,1.1245265,1.1410118,3.285253,1.2845118,0.691451,2.8765316,0.0,-15.69789,-9.19066,6.5072293,21.245156469426682,85.11537317032466,3,"{""geodesic"":false,""type"":""Point"",""coordinates"":[85.11537317032466,21.245156469426682]}"
1370,195.0,-0.9659258,-0.25881904,0.2578,0.20721142,0.1693,0.0687,0.09285,0.1,0.18553646,0.1465,0.2123,0.2404,0.2431,0.26375,0.17895247,1.5218418,130.0,1.0600328,1.4534883,0.17895247,-0.029347176,0.28580135,0.41707957,2.4285715,1.4350649,1.0758473,2.773534,1.0600328,0.656456,2.5754247,0.0,-16.170635,-9.092926,7.0777097,21.245156469426682,85.20520469873661,3,"{""geodesic"":false,""type"":""Point"",""coordinates"":[85.20520469873661,21.245156469426682]}"
1371,196.0,-0.9612617,-0.27563736,0.2288,0.23242661,0.1425,0.05935,0.0825,0.07925,0.14357865,0.13415,0.2126,0.24065,0.24475,0.2688,0.2640413,1.6044881,175.0,0.9344497,1.333053,0.2640413,0.033681765,0.33416057,0.51080245,3.084436,1.7163395,0.9594431,2.769976,0.9344497,0.6225426,2.8834279,1.0,-15.3543415,-8.723122,6.6312203,21.245156469426682,85.29503622714856,3,"{""geodesic"":false,""type"":""Point"",""coordinates"":[85.29503622714856,21.245156469426682]}"
1372,291.0,0.35836795,-0.9335804,0.2645,0.21735129,0.17005,0.05175,0.0835,0.08655,0.2516269,0.1464,0.2239,0.25455,0.2645,0.2843,0.21735129,1.5545107,196.0,0.99962205,1.6692382,0.21735129,0.0,0.32017645,0.5069078,3.05251,1.5545107,1.035287,3.1638756,0.99962205,0.6426682,3.05251,0.0,-15.858628,-8.927588,6.9310403,21.245156469426682,85.38486775556052,3,"{""geodesic"":false,""type"":""Point"",""coordinates"":[85.38486775556052,21.245156469426682]}"
1373,229.0,-0.656059,-0.7547096,0.29795,0.19347087,0.20135,0.06895,0.1019,0.11905,0.26648936,0.17065,0.22035,0.24495,0.25085,0.26855,0.10946484,1.479027,357.0,1.1872883,1.724113,0.10946484,-0.08582362,0.22290528,0.3563125,2.1053295,1.2452221,1.1671568,2.9210784,1.1872883,0.6755578,2.5006294,1.0,-16.306221,-9.160691,7.1455297,21.245156469426682,85.56453081238442,3,"{""geodesic"":false,""type"":""Point"",""coordinates"":[85.56453081238442,21.245156469426682]}"
1374,228.0,-0.6691306,-0.7431448,0.1827,0.32583454,0.0929,0.02775,0.05085,0.0407,0.1891892,0.10355,0.2057,0.239,0.24725,0.26545,0.4537704,1.9645162,536.0,0.73862946,1.4614004,0.4537704,0.15013374,0.4387534,0.71731204,6.060049,2.6586022,0.7988224,3.5858686,0.73862946,0.5082057,4.477941,1.0,-13.821195,-7.0008855,6.820309,21.245156469426682,85.65436234079637,3,"{""geodesic"":false,""type"":""Point"",""coordinates"":[85.65436234079637,21.245156469426682]}"
1375,84.0,0.104528464,0.9945219,0.28655,0.16188546,0.2067,0.06945,0.09425,0.10855,0.21966292,0.15015,0.2055,0.22785,0.2344,0.2543,0.062797554,1.3856384,369.0,1.2219616,1.5607476,0.062797554,-0.100105576,0.2575102,0.36696312,2.157386,1.1334623,1.1505034,3.037096,1.2219616,0.7210884,2.6373677,1.0,-15.6348715,-8.352464,7.2824073,21.245156469426682,85.74419386920833,3,"{""geodesic"":false,""type"":""Point"",""coordinates"":[85.74419386920833,21.245156469426682]}"
1376,117.0,-0.4539905,0.8910065,0.30945,0.18279982,0.2138,0.06605,0.0917,0.1112,0.25472498,0.1574,0.20255,0.22305,0.23155,0.25085,0.039856292,1.446704,310.0,1.3358516,1.681028,0.039856292,-0.1439926,0.22890386,0.35113057,2.0804133,1.0825152,1.211329,3.370915,1.3358516,0.69068,2.7803235,0.0,-17.259241,-10.1713085,7.0879326,21.245156469426682,85.83402539762028,3,"{""geodesic"":false,""type"":""Point"",""coordinates"":[85.83402539762028,21.245156469426682]}"
1377,123.0,-0.54463905,0.83867055,0.30145,0.16389962,0.21655,0.0763,0.0993,0.11905,0.21883798,0.1622,0.2029,0.225,0.2307,0.25345,0.031637788,1.3914148,265.0,1.3061092,1.558246,0.031637788,-0.13295123,0.21953566,0.31922802,1.9362148,1.0648512,1.1976861,3.0326962,1.3061092,0.718123,2.5300043,1.0,-16.10205,-9.299255,6.802795,21.245156469426682,85.92385692603223,3,"{""geodesic"":false,""type"":""Point"",""coordinates"":[85.92385692603223,21.245156469426682]}"
1378,115.0,-0.42261827,0.9063078,0.3245,0.1466431,0.2415,0.0832,0.1111,0.13375,0.23300299,0.17685,0.2165,0.241,0.24735,0.26805,0.011966861,1.3431292,192.0,1.3113761,1.6056422,0.011966861,-0.134913,0.20498988,0.2980845,1.8479642,1.0237997,1.2027878,2.9181654,1.3113761,0.7439926,2.4243555,1.0,-17.421942,-9.647804,7.7741375,21.245156469426682,86.01368845444418,3,"{""geodesic"":false,""type"":""Point"",""coordinates"":[86.01368845444418,21.245156469426682]}"
1379,189.0,-0.98768836,-0.15643446,0.33345,0.14745355,0.24775,0.0906,0.11535,0.13765,0.20613362,0.17255,0.2147,0.2359,0.2439,0.26135,-0.0078307735,1.3453702,95.0,1.3665984,1.5176406,-0.0078307735,-0.15510522,0.20465545,0.2784694,1.7705989,0.98406297,1.192291,2.8882632,1.3665984,0.7427672,2.4206896,1.0,-18.940542,-10.834282,8.106259,21.245156469426682,86.10351998285613,3,"{""geodesic"":false,""type"":""Point"",""coordinates"":[86.10351998285613,21.245156469426682]}"
1380,224.0,-0.7193398,-0.6946584,0.2766,0.18470928,0.19035,0.0797,0.1017,0.1067,0.14484979,0.14995,0.21525,0.241,0.24615,0.2653,0.12783505,1.4523497,113.0,1.1232487,1.3370928,0.12783505,-0.05824964,0.27778447,0.39521042,2.3047752,1.2924652,1.0481336,2.7170923,1.1232487,0.68792915,2.5898876,1.0,-17.176073,-10.229021,6.947052,21.245156469426682,86.19335151126809,3,"{""geodesic"":false,""type"":""Point"",""coordinates"":[86.19335151126809,21.245156469426682]}"
1381,168.0,-0.9781476,0.20791169,0.2229,0.25014022,0.1337,0.0658,0.0877,0.0792,0.09241379,0.138,0.2232,0.2607,0.2714,0.2892,0.33991608,1.6659193,208.0,0.8209945,1.201821,0.33991608,0.09811855,0.3539326,0.54820305,3.4224465,2.0284007,0.90205014,2.5387244,0.8209945,0.59955156,2.810845,0.0,-14.901985,-7.192356,7.7096286,21.245156469426682,86.28318303968004,3,"{""geodesic"":false,""type"":""Point"",""coordinates"":[86.28318303968004,21.245156469426682]}"
1382,128.0,-0.6156615,0.7880108,0.2683,0.14682625,0.1996,0.0805,0.1016,0.1104,0.15662651,0.1524,0.2095,0.2338,0.2377,0.2553,0.08712554,1.3435153,106.0,1.1282591,1.369727,0.08712554,-0.06047431,0.25239146,0.3656995,2.1511312,1.1902854,1.0855458,2.6381514,1.1282591,0.7436662,2.4280543,1.0,-17.417309,-10.678788,6.7385197,21.245156469426682,86.37301456809199,3,"{""geodesic"":false,""type"":""Point"",""coordinates"":[86.37301456809199,21.245156469426682]}"
1383,161.0,-0.94551855,0.32556817,0.26385,0.20013645,0.17585,0.07645,0.09855,0.09855,0.12628572,0.1443,0.22165,0.25315,0.2592,0.27895,0.19158718,1.4995737,33.0,1.0175472,1.2873938,0.19158718,-0.008890163,0.3181335,0.4490566,2.627471,1.4731457,0.9989863,2.6746073,1.0175472,0.66622466,2.6746073,0.0,-17.012442,-9.964704,7.0477376,21.245156469426682,86.46284609650394,3,"{""geodesic"":false,""type"":""Point"",""coordinates"":[86.46284609650394,21.245156469426682]}"
1384,173.0,-0.99254614,0.12186934,0.26395,0.17258996,0.18625,0.0787,0.10035,0.10685,0.15171114,0.14935,0.2081,0.2377,0.2424,0.26165,0.13099265,1.4164207,25.0,1.0884537,1.3559644,0.13099265,-0.042559493,0.273236,0.3881174,2.2664797,1.3007782,1.0637133,2.6276755,1.0884537,0.70535886,2.4679756,0.0,-17.122868,-9.950762,7.1721053,21.245156469426682,86.55267762491589,3,"{""geodesic"":false,""type"":""Point"",""coordinates"":[86.55267762491589,21.245156469426682]}"
1385,172.0,-0.99026805,0.1391731,0.2726,0.17045942,0.1932,0.0757,0.0994,0.103,0.15277001,0.1443,0.2072,0.229,0.2398,0.2496,0.107621245,1.4102432,19.0,1.1363068,1.358839,0.107621245,-0.06401249,0.26732674,0.3990665,2.3258972,1.2405587,1.0351759,2.7396984,1.1363068,0.7084708,2.6440349,0.0,-16.375185,-8.939719,7.4354653,21.245156469426682,86.64250915332785,3,"{""geodesic"":false,""type"":""Point"",""coordinates"":[86.64250915332785,21.245156469426682]}"
1386,171.0,-0.98768836,0.15643446,0.3168,0.13467048,0.2416,0.0895,0.1173,0.1304,0.18599363,0.1772,0.2228,0.2473,0.2543,0.269,0.025610002,1.3107158,15.0,1.245283,1.4553572,0.025610002,-0.10943793,0.20573734,0.32206914,1.9486591,1.0521307,1.1107326,2.6984668,1.245283,0.7623856,2.4275863,0.0,-17.039196,-10.319679,6.7195177,21.245156469426682,86.7323406817398,3,"{""geodesic"":false,""type"":""Point"",""coordinates"":[86.7323406817398,21.245156469426682]}"
1387,127.0,-0.60181504,0.7986355,0.225,0.19872136,0.1504,0.0686,0.094,0.0915,0.1430356,0.1337,0.2142,0.2409,0.2448,0.2586,0.2388664,1.4950166,8.0,0.91874236,1.3318777,0.2388664,0.042145595,0.3183788,0.455843,2.6724892,1.6265781,0.9723698,2.3910732,0.91874236,0.6681475,2.456332,0.0,-16.306469,-8.699948,7.6065207,21.245156469426682,86.82217221015175,3,"{""geodesic"":false,""type"":""Point"",""coordinates"":[86.82217221015175,21.245156469426682]}"
1388,120.0,-0.5,0.8660254,0.0214,0.11749347,0.0169,0.0962,0.1102,0.0775,-0.10765688,0.0712,0.0529,0.052,0.0464,0.0427,0.46603477,1.2588235,0.0,0.46021506,0.8047767,0.46603477,0.36873156,-0.2502195,-0.25100887,0.5979381,2.7294118,0.7026292,0.19401632,0.46021506,0.7860465,0.2757732,0.0,-31.028824,-21.226377,9.802447,21.245156469426682,86.9120037385637,3,"{""geodesic"":false,""type"":""Point"",""coordinates"":[86.9120037385637,21.245156469426682]}"
1389,0.0,1.0,0.0,0.02535,0.15621437,0.0185,0.0838,0.085,0.0544,-0.21273516,0.05445,0.04495,0.0439,0.038,0.03835,0.34513274,1.3629032,0.0,0.6653543,0.64839095,0.34513274,0.19968429,-0.17349137,-0.17748918,0.6972477,2.0430107,0.63924795,0.29788485,0.6653543,0.72691554,0.4651376,0.0,-33.23856,-21.20314,12.035422,21.245156469426682,87.09166679538761,3,"{""geodesic"":false,""type"":""Point"",""coordinates"":[87.09166679538761,21.245156469426682]}"
1390,0.0,1.0,0.0,0.0245,0.22194514,0.0156,0.0765,0.0751,0.0463,-0.24592833,0.0468,0.0388,0.038,0.0312,0.034,0.33333334,1.5605096,0.0,0.7827476,0.60443866,0.33333334,0.120287254,-0.15841584,-0.1948387,0.67241377,1.9872612,0.6156915,0.3257979,0.7827476,0.63414633,0.5280172,0.0,-32.853756,-21.265879,11.587876,21.245156469426682,87.18149832379956,3,"{""geodesic"":false,""type"":""Point"",""coordinates"":[87.18149832379956,21.245156469426682]}"
1391,0.0,1.0,0.0,0.0199,0.13714285,0.0151,0.0654,0.0631,0.0379,-0.2662149,0.0415,0.0339,0.0337,0.0309,0.0305,0.34347826,1.3092105,0.0,0.64193547,0.578626,0.34347826,0.21653543,-0.15277778,-0.10174418,0.8131579,2.0328948,0.5996835,0.31487343,0.64193547,0.755,0.5236842,0.0,-33.59256,-21.250565,12.341994,21.245156469426682,87.27132985221151,3,"{""geodesic"":false,""type"":""Point"",""coordinates"":[87.27132985221151,21.245156469426682]}"
1392,0.0,1.0,0.0,0.0216,0.152,0.0159,0.0642,0.0619,0.0409,-0.22169362,0.042,0.0356,0.0356,0.0328,0.0323,0.3470226,1.35,0.0,0.65653497,0.63608086,0.3470226,0.20588236,-0.13055182,-0.10990502,0.8,2.05,0.65967745,0.3483871,0.65653497,0.7327189,0.52682924,0.0,-33.767147,-20.880432,12.886715,21.245156469426682,87.36116138062346,3,"{""geodesic"":false,""type"":""Point"",""coordinates"":[87.36116138062346,21.245156469426682]}"
1393,0.0,1.0,0.0,0.0242,0.18337408,0.0167,0.0679,0.0648,0.0381,-0.28113207,0.0402,0.0359,0.0366,0.0328,0.034,0.32525253,1.4404762,0.0,0.7355623,0.5602941,0.32525253,0.1508772,-0.08355795,-0.07475317,0.85863876,1.9523809,0.587057,0.37288135,0.7355623,0.6872428,0.63350785,0.0,-33.499077,-20.431293,13.067781,21.245156469426682,87.45099290903542,3,"{""geodesic"":false,""type"":""Point"",""coordinates"":[87.45099290903542,21.245156469426682]}"
1394,0.0,1.0,0.0,0.0264,0.09543569,0.0218,0.073,0.073,0.0406,-0.28521127,0.0428,0.038,0.0387,0.035,0.0358,0.23239437,1.2054795,0.0,0.75213677,0.55540353,0.23239437,0.14006515,-0.089058526,-0.074074075,0.85995084,1.5981735,0.55540353,0.3611491,0.75213677,0.8226415,0.6486486,0.0,-33.466,-19.783106,13.682892,21.245156469426682,87.54082443744737,3,"{""geodesic"":false,""type"":""Point"",""coordinates"":[87.54082443744737,21.245156469426682]}"
1395,0.0,1.0,0.0,0.0274,0.1684435,0.0195,0.0711,0.0786,0.0503,-0.17133443,0.0538,0.0437,0.0427,0.0371,0.0367,0.31095406,1.3979592,0.0,0.73655915,0.70646065,0.31095406,0.1503876,-0.18895027,-0.15102975,0.7361111,1.8928572,0.63913596,0.34815755,0.73655915,0.7090909,0.5436508,0.0,-31.361555,-19.330212,12.031344,21.245156469426682,87.72048749427127,3,"{""geodesic"":false,""type"":""Point"",""coordinates"":[87.72048749427127,21.245156469426682]}"
1396,0.0,1.0,0.0,0.0254,0.13646533,0.0193,0.0836,0.0976,0.0586,-0.17580871,0.0565,0.042,0.0424,0.0357,0.0338,0.29818183,1.3092784,0.0,0.7094972,0.7001195,0.29818183,0.1685761,-0.2513843,-0.24284199,0.6081772,1.8402061,0.5997953,0.25997952,0.7094972,0.75686276,0.43270868,0.0,-31.249376,-19.217878,12.031498,21.245156469426682,87.81031902268322,3,"{""geodesic"":false,""type"":""Point"",""coordinates"":[87.81031902268322,21.245156469426682]}"
1397,0.0,1.0,0.0,0.0514,0.0630817,0.0453,0.1066,0.1221,0.0908,-0.08004053,0.0862,0.0642,0.0644,0.0573,0.0593,0.116959065,1.1321586,0.0,0.8954704,0.8509841,0.116959065,0.05427783,-0.18487972,-0.22619851,0.63036305,1.2621145,0.7430442,0.42062193,0.8954704,0.8796117,0.56545657,0.0,-31.579052,-17.887867,13.691185,21.245156469426682,88.07981360791908,3,"{""geodesic"":false,""type"":""Point"",""coordinates"":[88.07981360791908,21.245156469426682]}"
1398,0.0,1.0,0.0,0.0337,0.15410958,0.0247,0.1103,0.122,0.0835,-0.13828689,0.0809,0.0504,0.0507,0.044,0.045,0.2809316,1.358871,0.0,0.7641723,0.75634056,0.2809316,0.13256113,-0.28514695,-0.30980393,0.5263158,1.7741935,0.68386567,0.27600327,0.7641723,0.7307692,0.40311006,0.0,-31.66371,-17.958479,13.705231,21.245156469426682,88.16964513633103,3,"{""geodesic"":false,""type"":""Point"",""coordinates"":[88.16964513633103,21.245156469426682]}"
1399,0.0,1.0,0.0,0.0522,0.06097561,0.0462,0.1129,0.131,0.0919,-0.10253906,0.0878,0.0618,0.0634,0.0587,0.0583,0.11916111,1.1274298,0.0,0.8877551,0.8132743,0.11916111,0.058611363,-0.2019165,-0.22045153,0.63804346,1.2678186,0.70099163,0.39816934,0.8877551,0.8833652,0.5673913,0.0,-31.905254,-19.808048,12.097206,21.245156469426682,88.25947666474299,3,"{""geodesic"":false,""type"":""Point"",""coordinates"":[88.25947666474299,21.245156469426682]}"
1400,0.0,1.0,0.0,0.0508,0.06834911,0.0443,0.1015,0.1234,0.0897,-0.06171548,0.0947,0.0665,0.0675,0.0614,0.0582,0.16177861,1.1441442,0.0,0.82601625,0.882874,0.16177861,0.09447415,-0.23871812,-0.18729319,0.6837416,1.3828828,0.7263158,0.41133603,0.82601625,0.87033397,0.56570154,0.0,-31.349554,-19.245462,12.104092,21.245156469426682,88.34930819315494,3,"{""geodesic"":false,""type"":""Point"",""coordinates"":[88.34930819315494,21.245156469426682]}"
1401,0.0,1.0,0.0,0.0312,0.055837564,0.0279,0.1016,0.1179,0.0929,-0.04473008,0.0839,0.0525,0.0532,0.0472,0.0479,0.25699067,1.1142857,0.0,0.65961945,0.913471,0.25699067,0.20408164,-0.27314112,-0.32619557,0.5075269,1.6857142,0.7872881,0.26440677,0.65961945,0.8913738,0.33548388,0.0,-31.34116,-18.89024,12.45092,21.245156469426682,88.43913972156689,3,"{""geodesic"":false,""type"":""Point"",""coordinates"":[88.43913972156689,21.245156469426682]}"
1402,0.0,1.0,0.0,0.0262,0.06938776,0.0228,0.1056,0.1252,0.1056,0.0,0.1067,0.0659,0.0667,0.0548,0.0489,0.41237113,1.1441048,0.0,0.47723132,0.99905396,0.41237113,0.3530864,-0.3714653,-0.31670824,0.5184484,2.393013,0.8427773,0.20909816,0.47723132,0.8669202,0.24787134,0.0,-33.818813,-20.880665,12.938148,21.245156469426682,88.61880277839079,3,"{""geodesic"":false,""type"":""Point"",""coordinates"":[88.61880277839079,21.245156469426682]}"
1403,0.0,1.0,0.0,0.0245,0.12,0.01925,0.08315,0.1004,0.065,-0.12251097,0.0602,0.0398,0.0408,0.034,0.03355,0.2769953,1.2661499,0.0,0.71847504,0.7807808,0.2769953,0.16239317,-0.28426668,-0.3131313,0.5222734,1.757106,0.6467662,0.24378109,0.71847504,0.78252035,0.37634408,0.0,-33.702736,-22.247639,11.455097,21.245156469426682,88.9781288920386,3,"{""geodesic"":false,""type"":""Point"",""coordinates"":[88.9781288920386,21.245156469426682]}"
1404,0.0,1.0,0.0,0.0152,0.19215687,0.0103,0.0737,0.0813,0.0456,-0.23554066,0.0463,0.0335,0.034,0.0262,0.0282,0.43561643,1.4615384,0.0,0.5779468,0.6178862,0.43561643,0.2657005,-0.24295302,-0.27019498,0.5733042,2.5192308,0.5601966,0.18673219,0.5779468,0.67320263,0.33260393,0.0,-33.637108,-21.437675,12.199432,21.245156469426682,89.15779194886251,3,"{""geodesic"":false,""type"":""Point"",""coordinates"":[89.15779194886251,21.245156469426682]}"
1405,0.0,1.0,0.0,0.0142,0.1007752,0.0116,0.0738,0.0767,0.0436,-0.2572402,0.0429,0.0298,0.0302,0.024,0.0234,0.3483146,1.2136753,0.0,0.58921164,0.58998644,0.3483146,0.2565445,-0.29411766,-0.28994083,0.5491991,2.0512822,0.5677083,0.18489583,0.58921164,0.8111888,0.3249428,0.0,-33.976864,-21.429913,12.546953,21.245156469426682,89.33745500568641,3,"{""geodesic"":false,""type"":""Point"",""coordinates"":[89.33745500568641,21.245156469426682]}"
1406,0.0,1.0,0.0,0.0193,0.1319648,0.0148,0.0458,0.0419,0.0296,-0.2148541,0.0288,0.0232,0.0243,0.0215,0.022,0.18457301,1.295302,0.0,0.8935185,0.6448802,0.18457301,0.05392157,-0.13385826,-0.15851273,0.72390574,1.442953,0.7047619,0.4595238,0.8935185,0.7628866,0.64983165,0.0,-35.89392,-22.030209,13.863714,21.245156469426682,89.60694959092227,3,"{""geodesic"":false,""type"":""Point"",""coordinates"":[89.60694959092227,21.245156469426682]}"
1407,163.0,-0.9563047,0.2923717,0.2397,0.18311945,0.1655,0.0555,0.0819,0.0852,0.21108742,0.1273,0.2117,0.247,0.2515,0.262,0.206235,1.4474638,312.0,0.9527027,1.5323741,0.206235,0.0240228,0.34600565,0.4939115,2.9484174,1.5187198,1.0390244,2.9231708,0.9527027,0.6901585,2.810082,0.0,-17.867085,-10.79028,7.0768037,21.334987997838635,82.60009037479,3,"{""geodesic"":false,""type"":""Point"",""coordinates"":[82.60009037479,21.334987997838635]}"
1408,258.0,-0.20791169,-0.9781476,0.233,0.17380352,0.164,0.0598,0.0832,0.093,0.21727748,0.1309,0.2068,0.2379,0.2381,0.2565,0.18428251,1.419866,296.0,0.9781696,1.5525876,0.18428251,0.010825727,0.3242127,0.43823618,2.557465,1.4509445,1.1164466,2.797119,0.9781696,0.7035607,2.5026853,0.0,-17.613472,-10.575605,7.037867,21.334987997838635,82.68992190320195,3,"{""geodesic"":false,""type"":""Point"",""coordinates"":[82.68992190320195,21.334987997838635]}"
1409,161.0,-0.94551855,0.32556817,0.2421,0.18968059,0.1649,0.06,0.0857,0.0918,0.20948617,0.1359,0.218,0.2504,0.2504,0.27,0.20587528,1.4672728,294.0,0.9664671,1.5274543,0.20587528,0.016852792,0.33037695,0.46347165,2.7247007,1.5175757,1.0699301,2.8216784,0.9664671,0.6808423,2.634385,0.0,-17.203632,-10.111437,7.092196,21.334987997838635,82.7797534316139,3,"{""geodesic"":false,""type"":""Point"",""coordinates"":[82.7797534316139,21.334987997838635]}"
1410,155.0,-0.9063078,0.42261827,0.1943,0.17615013,0.1361,0.0547,0.0804,0.078,0.17558402,0.1233,0.2109,0.2474,0.2581,0.2684,0.30948758,1.4265785,284.0,0.7525174,1.4233576,0.30948758,0.14102565,0.37043655,0.53585243,3.3047376,1.8950074,0.9689441,2.4136646,0.7525174,0.70010287,2.4878361,0.0,-17.412853,-10.265919,7.1469345,21.334987997838635,82.86958496002586,3,"{""geodesic"":false,""type"":""Point"",""coordinates"":[82.86958496002586,21.334987997838635]}"
1411,133.0,-0.6819984,0.7313537,0.21935,0.18663782,0.15035,0.0624,0.0884,0.09285,0.19613527,0.1306,0.2067,0.24285,0.24355,0.25565,0.23660828,1.4579594,269.0,0.90026677,1.4856,0.23660828,0.05227911,0.32375404,0.4479786,2.620226,1.6188102,1.0491525,2.4785311,0.90026677,0.6851219,2.359871,0.0,-19.078646,-11.616586,7.4620605,21.334987997838635,82.95941648843781,3,"{""geodesic"":false,""type"":""Point"",""coordinates"":[82.95941648843781,21.334987997838635]}"
1412,250.0,-0.34202015,-0.9396926,0.2922,0.10035775,0.2389,0.0807,0.1094,0.1404,0.27001357,0.1694,0.1885,0.2032,0.2024,0.2189,-0.08271018,1.2225941,243.0,1.442963,1.7376238,-0.08271018,-0.18156086,0.12747875,0.18086347,1.4405694,0.8468619,1.2821918,2.668493,1.442963,0.817311,2.0797153,0.0,-18.439089,-10.013954,8.425135,21.334987997838635,83.04924801684976,3,"{""geodesic"":false,""type"":""Point"",""coordinates"":[83.04924801684976,21.334987997838635]}"
1413,222.0,-0.7431448,-0.6691306,0.3667,0.11832876,0.2891,0.0807,0.1147,0.1574,0.32213357,0.1873,0.2105,0.2273,0.2349,0.2476,-0.103435114,1.2679807,280.0,1.5604255,1.9480197,-0.103435114,-0.21908244,0.13865256,0.19755289,1.4914286,0.81224066,1.3710802,3.1942508,1.5604255,0.78816795,2.328254,0.0,-19.93483,-11.5194845,8.415344,21.334987997838635,83.13907954526171,3,"{""geodesic"":false,""type"":""Point"",""coordinates"":[83.13907954526171,21.334987997838635]}"
1414,150.0,-0.8660254,0.5,0.2769,0.18257527,0.1914,0.0505,0.0751,0.0893,0.27753934,0.1315,0.1686,0.1872,0.1937,0.2148,0.005972475,1.445953,288.0,1.4287926,1.7648221,0.005972475,-0.17679559,0.24054289,0.3689046,2.1666667,1.0114882,1.1875,3.682181,1.4287926,0.6909747,3.0973155,0.0,-14.175701,-8.262677,5.9130235,21.334987997838635,83.22891107367366,3,"{""geodesic"":false,""type"":""Point"",""coordinates"":[83.22891107367366,21.334987997838635]}"
1415,122.0,-0.52991927,0.8480481,0.2195,0.2037291,0.1452,0.0493,0.0735,0.0761,0.2137161,0.1211,0.1955,0.2241,0.2291,0.244,0.22415175,1.5106676,274.0,0.95767885,1.5404859,0.22415175,0.021399911,0.3366201,0.5013106,3.0065618,1.5767378,1.0339674,2.982337,0.95767885,0.6612022,2.8805773,0.0,-15.904113,-8.99637,6.9077425,21.334987997838635,83.31874260208562,3,"{""geodesic"":false,""type"":""Point"",""coordinates"":[83.31874260208562,21.334987997838635]}"
1416,86.0,0.06975647,0.9975641,0.1962,0.21036397,0.128,0.0472,0.0693,0.0676,0.17770036,0.1115,0.1888,0.214,0.2167,0.2313,0.2573252,1.531616,197.0,0.90498155,1.4291755,0.2573252,0.049648825,0.3494749,0.524446,3.2008862,1.6916472,0.9740634,2.8270893,0.90498155,0.6520632,2.8980799,0.0,-16.275091,-9.692883,6.582208,21.334987997838635,83.49840565890952,3,"{""geodesic"":false,""type"":""Point"",""coordinates"":[83.49840565890952,21.334987997838635]}"
1417,121.0,-0.5150381,0.8571673,0.17015,0.3055822,0.0905,0.049,0.07875,0.05845,0.08794788,0.1152,0.2584,0.3323,0.32855,0.3477,0.56807065,1.8780353,162.0,0.51772404,1.1904277,0.56807065,0.31762582,0.5022683,0.69793284,5.611443,3.6263797,0.7412809,2.1578948,0.51772404,0.5315712,2.906063,0.0,-16.986387,-10.305646,6.680742,21.334987997838635,83.76790024414538,3,"{""geodesic"":false,""type"":""Point"",""coordinates"":[83.76790024414538,21.334987997838635]}"
1418,237.0,-0.54463905,-0.83867055,0.21635,0.15881093,0.15705,0.060194444,0.08619231,0.08690833,0.18160017,0.13164167,0.19618334,0.2202,0.2296,0.2396,0.1876374,1.3767102,147.0,0.9418807,1.4413987,0.1876374,0.029711852,0.29080337,0.45083067,2.6388278,1.4610245,1.0071388,2.507176,0.9418807,0.72557175,2.4865434,0.0,-16.256102,-8.830365,7.4257364,21.334987997838635,83.94756330096928,3,"{""geodesic"":false,""type"":""Point"",""coordinates"":[83.94756330096928,21.334987997838635]}"
1419,284.0,0.2419219,-0.9702957,0.21805,0.25840428,0.1285,0.05105,0.0724,0.06955,0.15339966,0.1217,0.1975,0.2308,0.2372,0.25795,0.29723817,1.6955676,268.0,0.91887903,1.3597263,0.29723817,0.0420648,0.35888317,0.54653627,3.4055994,1.844479,0.95931035,3.0075862,0.91887903,0.5890442,3.1306534,0.0,-13.128356,-6.80411,6.324246,21.334987997838635,84.03739482938123,3,"{""geodesic"":false,""type"":""Point"",""coordinates"":[84.03739482938123,21.334987997838635]}"
1420,348.0,0.9781476,-0.20791169,0.29195,0.17721774,0.20405,0.07165,0.09635,0.10585,0.19267605,0.1543,0.2105,0.23205,0.2407,0.263,0.08240584,1.4300759,221.0,1.2124169,1.4752613,0.08240584,-0.09621703,0.26048407,0.38912135,2.2718263,1.1790351,1.0974598,3.026957,1.2124169,0.6986817,2.7555451,1.0,-16.697557,-9.479214,7.218344,21.334987997838635,84.21705788620514,3,"{""geodesic"":false,""type"":""Point"",""coordinates"":[84.21705788620514,21.334987997838635]}"
1421,256.0,-0.2419219,-0.9702957,0.2622,0.22494744,0.1659,0.05895,0.08345,0.08705,0.19246575,0.14665,0.2161,0.2419,0.24545,0.2694,0.19338763,1.5795181,246.0,1.067807,1.4741744,0.19338763,-0.032995176,0.29503664,0.476391,2.8164084,1.4786144,1.0418911,3.1382406,1.067807,0.6324819,3.008606,0.0,-15.276409,-8.351542,6.9248667,21.334987997838635,84.30688941461709,3,"{""geodesic"":false,""type"":""Point"",""coordinates"":[84.30688941461709,21.334987997838635]}"
1422,215.0,-0.81915206,-0.57357645,0.2162,0.250253,0.12965,0.05165,0.0758,0.0685,0.14024137,0.13175,0.23215,0.26075,0.26435,0.2883,0.34187818,1.6662813,429.0,0.81754583,1.3236715,0.34187818,0.10019769,0.37269372,0.58840317,3.8534985,2.0373795,0.9025033,2.8484848,0.81754583,0.599399,3.1516035,1.0,-14.960567,-7.9373283,7.0232396,21.334987997838635,84.39672094302904,3,"{""geodesic"":false,""type"":""Point"",""coordinates"":[84.39672094302904,21.334987997838635]}"
1423,165.0,-0.9659258,0.25881904,0.20885,0.31104833,0.10975,0.0515,0.0754,0.05925,0.069977425,0.1258,0.2437,0.28145,0.2896,0.3096,0.45035684,1.9012289,501.0,0.7209182,1.1482558,0.45035684,0.1620022,0.42214057,0.6603125,4.879528,2.6363223,0.7847682,2.766225,0.7209182,0.52524525,3.5189552,1.0,-13.34937,-6.5773067,6.772063,21.334987997838635,84.48655247144099,3,"{""geodesic"":false,""type"":""Point"",""coordinates"":[84.48655247144099,21.334987997838635]}"
1424,116.0,-0.43837115,0.89879405,0.22835,0.26177648,0.1336,0.04715,0.06705,0.0654,0.16215016,0.11635,0.1913,0.2197,0.2272,0.2466,0.2594235,1.7079282,368.0,1.0046195,1.384127,0.2594235,-0.002524421,0.35886484,0.55297333,3.4687023,1.6993269,0.97393894,3.4005957,1.0046195,0.5848107,3.4862595,1.0,-13.005361,-6.7920785,6.213282,21.334987997838635,84.57638399985295,3,"{""geodesic"":false,""type"":""Point"",""coordinates"":[84.57638399985295,21.334987997838635]}"
1425,99.0,-0.15643446,0.98768836,0.30125,0.19212505,0.20415,0.0692,0.09415,0.113,0.24039517,0.1586,0.2094,0.2285,0.2336,0.2488,0.067275845,1.4749082,245.0,1.2890458,1.6305916,0.067275845,-0.12648407,0.22140403,0.34795153,2.0654287,1.1436964,1.198939,3.1962864,1.2890458,0.6774515,2.663572,1.0,-16.039087,-9.784183,6.2549047,21.334987997838635,84.6662155282649,3,"{""geodesic"":false,""type"":""Point"",""coordinates"":[84.6662155282649,21.334987997838635]}"
1426,333.0,0.8910065,-0.4539905,0.2764,0.21161644,0.17985,0.0596,0.0868,0.0964,0.23589744,0.14885,0.19965,0.2254,0.2333,0.254,0.1293719,1.5359823,251.0,1.1842331,1.6147404,0.1293719,-0.084559545,0.26101527,0.41522595,2.4176166,1.2964712,1.1093211,3.1806674,1.1842331,0.6504521,2.8642488,0.0,-15.96694,-8.852994,7.1139464,21.334987997838635,84.75604705667685,3,"{""geodesic"":false,""type"":""Point"",""coordinates"":[84.75604705667685,21.334987997838635]}"
1427,69.0,0.35836795,0.9335804,0.31585,0.17263784,0.22285,0.07465,0.1007,0.12045,0.2347514,0.16695,0.2172,0.24015,0.24555,0.26605,0.048462853,1.4166853,251.0,1.2857724,1.6113713,0.048462853,-0.12522265,0.22886837,0.34180328,2.036914,1.1013681,1.1949404,3.1334326,1.2857724,0.7053331,2.6200747,0.0,-16.875847,-10.111998,6.7638497,21.334987997838635,84.8458785850888,3,"{""geodesic"":false,""type"":""Point"",""coordinates"":[84.8458785850888,21.334987997838635]}"
1428,73.0,0.2923717,0.9563047,0.02045,0.21726191,0.01315,0.06105,0.07105,0.04825,-0.117108874,0.05235,0.04715,0.0456,0.04045,0.04185,0.50932837,1.5433962,151.0,0.5043157,0.7890433,0.50932837,0.32840723,-0.11146497,-0.08793686,0.83660805,3.0528302,0.67814475,0.28742093,0.5043157,0.63990265,0.4229576,1.0,-21.505327,-14.995322,6.510005,21.334987997838635,84.93571011350076,3,"{""geodesic"":false,""type"":""Point"",""coordinates"":[84.93571011350076,21.334987997838635]}"
1429,93.0,-0.052335955,0.9986295,0.0218,0.20110193,0.0145,0.0613,0.0675,0.044,-0.1642925,0.047,0.041,0.0409,0.0354,0.037,0.41883767,1.4931507,123.0,0.6140845,0.7166124,0.41883767,0.23776224,-0.11904762,-0.108312346,0.8027211,2.4246576,0.65088755,0.3224852,0.6140845,0.66210043,0.49433106,0.0,-28.032349,-20.168842,7.8635063,21.334987997838635,85.02554164191271,3,"{""geodesic"":false,""type"":""Point"",""coordinates"":[85.02554164191271,21.334987997838635]}"
1430,257.0,-0.22495106,-0.97437006,0.1587,0.32747805,0.0804,0.0477,0.0719,0.06025,0.116257526,0.1246,0.20755,0.23605,0.2416,0.2589,0.50062114,1.9714285,242.0,0.6565991,1.2604603,0.50062114,0.20709468,0.35019556,0.6007951,4.003314,3.0012422,0.8368056,2.2041667,0.6565991,0.50629723,2.6296604,1.0,-14.628382,-7.8186636,6.809718,21.334987997838635,85.20520469873661,3,"{""geodesic"":false,""type"":""Point"",""coordinates"":[85.20520469873661,21.334987997838635]}"
1431,121.0,-0.5150381,0.8571673,0.1679,0.34373748,0.082,0.044,0.07395,0.0536,0.09836066,0.12355,0.22235,0.25145,0.253,0.27145,0.51044774,2.045067,378.0,0.6633742,1.2154195,0.51044774,0.2021858,0.3744304,0.6503588,4.7113595,3.0816078,0.72383523,2.267387,0.6633742,0.48809522,3.1266294,0.0,-13.61779,-6.5567484,7.0610414,21.334987997838635,85.29503622714856,3,"{""geodesic"":false,""type"":""Point"",""coordinates"":[85.29503622714856,21.334987997838635]}"
1432,209.0,-0.8746197,-0.4848096,0.16905,0.32302877,0.0865,0.0392,0.0632,0.0491,0.11211778,0.11185,0.2148,0.24475,0.24865,0.27015,0.48381323,1.9520786,313.0,0.679598,1.2493639,0.48381323,0.19056739,0.4143979,0.67019314,5.0538616,2.871247,0.7756714,2.6706161,0.679598,0.51138043,3.4359756,1.0,-13.872358,-7.3791685,6.4931893,21.334987997838635,85.47469928397247,3,"{""geodesic"":false,""type"":""Point"",""coordinates"":[85.47469928397247,21.334987997838635]}"
1433,208.0,-0.88294756,-0.46947157,0.1983,0.27462637,0.11285,0.0401,0.06145,0.05765,0.17953964,0.1139,0.19125,0.22245,0.23255,0.2492,0.34655473,1.7556441,345.0,0.85235333,1.4340796,0.34655473,0.07949402,0.37262464,0.6026878,4.0268397,2.0588756,0.93663687,3.221771,0.85235333,0.5688004,3.4337661,1.0,-14.991986,-8.237996,6.75399,21.334987997838635,85.56453081238442,3,"{""geodesic"":false,""type"":""Point"",""coordinates"":[85.56453081238442,21.334987997838635]}"
1434,126.0,-0.58778524,0.809017,0.3268,0.16630977,0.2336,0.0832,0.1099,0.13875,0.2502816,0.17865,0.22215,0.24395,0.24995,0.2725,0.03381243,1.398374,355.0,1.3069386,1.6656662,0.03381243,-0.13324665,0.20802394,0.28608182,1.8001441,1.0695336,1.2613636,2.970909,1.3069386,0.7145916,2.353619,0.0,-17.546091,-10.75487,6.79122,21.334987997838635,85.74419386920833,3,"{""geodesic"":false,""type"":""Point"",""coordinates"":[85.74419386920833,21.334987997838635]}"
1435,103.0,-0.22495106,0.97437006,0.313,0.17879672,0.21805,0.06095,0.0866,0.1102,0.28775927,0.15735,0.20215,0.2246,0.23475,0.2543,0.036881626,1.4347925,327.0,1.3327656,1.8050778,0.036881626,-0.14285715,0.23551561,0.36106682,2.1282866,1.0760944,1.2710496,3.6101499,1.3327656,0.6964229,2.8377154,0.0,-16.464544,-9.695442,6.769101,21.334987997838635,85.83402539762028,3,"{""geodesic"":false,""type"":""Point"",""coordinates"":[85.83402539762028,21.334987997838635]}"
1436,104.0,-0.2419219,0.9702957,0.21575,0.24369505,0.1312,0.049,0.06695,0.06475,0.13846155,0.12465,0.19515,0.2215,0.2276,0.24975,0.26867336,1.6431836,258.0,0.94751865,1.3187373,0.26867336,0.026728319,0.3341346,0.5570378,3.5096376,1.7334349,0.9656972,3.217748,0.94751865,0.6078295,3.3269083,1.0,-14.322245,-7.6096134,6.7126317,21.334987997838635,85.92385692603223,3,"{""geodesic"":false,""type"":""Point"",""coordinates"":[85.92385692603223,21.334987997838635]}"
1437,90.0,6.123234E-17,1.0,0.2297,0.2275217,0.14455,0.0518,0.0688,0.0666,0.125,0.11395,0.1844,0.21145,0.2189,0.2412,0.20456734,1.587971,195.0,1.0488584,1.283237,0.20456734,-0.024074899,0.35829931,0.53345007,3.2818592,1.5133079,0.9666183,3.3338172,1.0488584,0.6290252,3.443778,1.0,-14.697564,-7.6877384,7.0098257,21.334987997838635,86.01368845444418,3,"{""geodesic"":false,""type"":""Point"",""coordinates"":[86.01368845444418,21.334987997838635]}"
1438,205.0,-0.9063078,-0.42261827,0.1958,0.281204,0.10985,0.0516,0.0726,0.06005,0.07568294,0.11385,0.20165,0.2287,0.2362,0.25895,0.36512065,1.7808094,197.0,0.8286077,1.1615087,0.36512065,0.09351852,0.38921675,0.5945991,3.9268496,2.1482491,0.82599723,2.69326,0.8286077,0.5607453,3.2551954,1.0,-13.872497,-7.1525235,6.719973,21.334987997838635,86.10351998285613,3,"{""geodesic"":false,""type"":""Point"",""coordinates"":[86.10351998285613,21.334987997838635]}"
1439,152.0,-0.88294756,0.46947157,0.22905,0.23844282,0.14085,0.05545,0.07675,0.0721,0.13053705,0.1241,0.20165,0.2314,0.23795,0.25955,0.2563358,1.6250443,181.0,0.96219283,1.2979298,0.2563358,0.019057816,0.35305616,0.5349137,3.2957063,1.6881872,0.9381913,2.9804814,0.96219283,0.6146629,3.1724377,1.0,-15.242379,-8.359703,6.882676,21.334987997838635,86.19335151126809,3,"{""geodesic"":false,""type"":""Point"",""coordinates"":[86.19335151126809,21.334987997838635]}"
1440,214.0,-0.82903755,-0.5591929,0.2777,0.20765384,0.1822,0.0664,0.0929,0.0955,0.17974058,0.146,0.2148,0.2415,0.2492,0.2745,0.15530829,1.5233132,170.0,1.113919,1.4360902,0.15530829,-0.05408996,0.30558857,0.445895,2.6066945,1.3669775,1.0268817,2.9860215,1.113919,0.6558675,2.9048116,0.0,-16.00153,-9.009504,6.992025,21.334987997838635,86.37301456809199,3,"{""geodesic"":false,""type"":""Point"",""coordinates"":[86.37301456809199,21.334987997838635]}"
1441,169.0,-0.98162717,0.190809,0.2951,0.16044043,0.2135,0.0823,0.1105,0.1209,0.18996063,0.1664,0.2321,0.2579,0.2632,0.2829,0.10425844,1.3815544,139.0,1.1207747,1.4672331,0.10425844,-0.05713774,0.25929224,0.37047642,2.1752067,1.2322097,1.0931284,2.6681736,1.1207747,0.72323847,2.438843,1.0,-17.125278,-9.909777,7.215502,21.334987997838635,86.55267762491589,3,"{""geodesic"":false,""type"":""Point"",""coordinates"":[86.55267762491589,21.334987997838635]}"
1442,163.0,-0.9563047,0.2923717,0.33995,0.13250604,0.2604,0.0896,0.1202,0.13255,0.19333783,0.18495,0.2296,0.2555,0.2631,0.27865,0.005157593,1.3049904,87.0,1.2916033,1.4777035,0.005157593,-0.12743554,0.2021139,0.32996336,1.983415,1.0099808,1.1018288,2.8258522,1.2916033,0.7657697,2.5627592,1.0,-17.542162,-10.163128,7.3790326,21.334987997838635,86.64250915332785,3,"{""geodesic"":false,""type"":""Point"",""coordinates"":[86.64250915332785,21.334987997838635]}"
1443,160.0,-0.9396926,0.34202015,0.2665,0.14426793,0.1993,0.0726,0.0993,0.1041,0.17826825,0.1449,0.2275,0.2617,0.2715,0.2813,0.15335599,1.3365096,61.0,0.9812224,1.431912,0.15335599,0.00929368,0.32003754,0.4456869,2.6055663,1.3615848,1.0472836,2.6810865,0.9812224,0.7475619,2.5575817,1.0,-17.16098,-10.467282,6.693698,21.334987997838635,86.7323406817398,3,"{""geodesic"":false,""type"":""Point"",""coordinates"":[86.7323406817398,21.334987997838635]}"
1444,138.0,-0.7431448,0.6691306,0.02275,0.14609572,0.01695,0.0876,0.0961,0.05835,-0.2004111,0.0589,0.04525,0.0438,0.0376,0.0373,0.37855178,1.3343109,0.0,0.6034483,0.6653364,0.37855178,0.24606462,-0.22453223,-0.21625847,0.64328486,2.2052786,0.60654885,0.23648648,0.6034483,0.7417943,0.38922155,0.0,-32.503864,-21.374546,11.129316,21.334987997838635,87.00183526697566,3,"{""geodesic"":false,""type"":""Point"",""coordinates"":[87.00183526697566,21.334987997838635]}"
1445,180.0,-1.0,1.2246469E-16,0.0242,0.1216686,0.01895,0.09255,0.1018,0.0657,-0.16966824,0.06105,0.04635,0.04505,0.03845,0.03925,0.33972126,1.2703412,0.0,0.6277562,0.70912033,0.33972126,0.22745411,-0.21734795,-0.26164186,0.58434653,2.0183728,0.64474976,0.23748773,0.6277562,0.7798354,0.36778116,0.0,-32.943344,-21.033789,11.9095545,21.334987997838635,87.09166679538761,3,"{""geodesic"":false,""type"":""Point"",""coordinates"":[87.09166679538761,21.334987997838635]}"
1446,0.0,1.0,0.0,0.0264,0.24235295,0.0161,0.0869,0.0962,0.0566,-0.21114983,0.0567,0.0441,0.0443,0.0382,0.0368,0.40699816,1.6296296,0.0,0.68929505,0.6505747,0.40699816,0.18266253,-0.21283422,-0.19409283,0.6737213,2.3580246,0.5877466,0.2741433,0.68929505,0.60754716,0.46560848,0.0,-32.656273,-21.196934,11.459341,21.334987997838635,87.18149832379956,3,"{""geodesic"":false,""type"":""Point"",""coordinates"":[87.18149832379956,21.334987997838635]}"
1447,0.0,1.0,0.0,0.0208,0.14917128,0.0154,0.0773,0.0802,0.0508,-0.20686963,0.0509,0.0404,0.0388,0.0336,0.0342,0.37142858,1.3419355,0.0,0.6172107,0.65633076,0.37142858,0.23529412,-0.19623972,-0.20379147,0.66011786,2.167742,0.63262767,0.25902864,0.6172107,0.7368421,0.4086444,0.0,-34.228752,-20.909079,13.3196745,21.334987997838635,87.36116138062346,3,"{""geodesic"":false,""type"":""Point"",""coordinates"":[87.36116138062346,21.334987997838635]}"
1448,0.0,1.0,0.0,0.024,0.17073171,0.017,0.0887,0.0888,0.052,-0.26083866,0.0548,0.0439,0.0427,0.0361,0.0365,0.35969868,1.4035088,0.0,0.6629834,0.5855856,0.35969868,0.20133111,-0.20043811,-0.18047673,0.6928983,2.1111112,0.5849269,0.26996624,0.6629834,0.7053942,0.4606526,0.0,-34.126793,-20.185215,13.941578,21.334987997838635,87.45099290903542,3,"{""geodesic"":false,""type"":""Point"",""coordinates"":[87.45099290903542,21.334987997838635]}"
1449,0.0,1.0,0.0,0.0241,0.118329465,0.019,0.0901,0.0906,0.0567,-0.22752044,0.0515,0.0372,0.0385,0.0341,0.0354,0.2843691,1.2617801,0.0,0.70467836,0.6286031,0.2843691,0.17182131,-0.18527043,-0.24889868,0.6003521,1.7853403,0.6251378,0.26571113,0.70467836,0.78512394,0.42429578,0.0,-33.74379,-20.17221,13.571579,21.334987997838635,87.54082443744737,3,"{""geodesic"":false,""type"":""Point"",""coordinates"":[87.54082443744737,21.334987997838635]}"
1450,0.0,1.0,0.0,0.025,0.118568234,0.0197,0.0916,0.0975,0.0593,-0.21404904,0.0563,0.0412,0.0419,0.0365,0.0351,0.29893237,1.2626263,0.0,0.6830601,0.6466739,0.29893237,0.18699187,-0.23194748,-0.23799582,0.6144781,1.8434343,0.607582,0.25614753,0.6830601,0.78486055,0.42087543,0.0,-31.728956,-19.288141,12.440815,21.334987997838635,87.72048749427127,3,"{""geodesic"":false,""type"":""Point"",""coordinates"":[87.72048749427127,21.334987997838635]}"
1451,0.0,1.0,0.0,0.03445,0.13602638,0.0262,0.10885,0.12075,0.0879,-0.10648031,0.08665,0.05965,0.0601,0.0507,0.0532,0.3185956,1.309886,0.0,0.6781496,0.8067921,0.3185956,0.1908397,-0.23918484,-0.26839826,0.57613635,1.9277567,0.72734797,0.28506413,0.6781496,0.7583213,0.3914773,0.0,-31.409447,-18.32823,13.081218,21.334987997838635,87.98998207950713,3,"{""geodesic"":false,""type"":""Point"",""coordinates"":[87.98998207950713,21.334987997838635]}"
1452,0.0,1.0,0.0,0.0415,0.18571429,0.0285,0.1166,0.1323,0.0971,-0.091249414,0.089,0.063,0.0662,0.0578,0.0582,0.33951333,1.451049,0.0,0.716753,0.832048,0.33951333,0.16414905,-0.20923913,-0.25371206,0.5946502,2.020979,0.7333837,0.3134441,0.716753,0.68509614,0.42695475,0.0,-31.644106,-18.294838,13.349267,21.334987997838635,88.07981360791908,3,"{""geodesic"":false,""type"":""Point"",""coordinates"":[88.07981360791908,21.334987997838635]}"
1453,0.0,1.0,0.0,0.0502,0.06581741,0.044,0.1209,0.1414,0.1181,-0.011715481,0.1096,0.0781,0.0788,0.076,0.0682,0.26666668,1.138322,0.0,0.6596584,0.97603303,0.26666668,0.2044374,-0.23284589,-0.2168985,0.642978,1.723356,0.834629,0.35477033,0.6596584,0.8747515,0.4247039,0.0,-31.43147,-17.848747,13.582724,21.334987997838635,88.16964513633103,3,"{""geodesic"":false,""type"":""Point"",""coordinates"":[88.16964513633103,21.334987997838635]}"
1454,0.0,1.0,0.0,0.0455,0.100362755,0.0372,0.1106,0.1269,0.1014,-0.043396227,0.0933,0.0602,0.0613,0.0559,0.0528,0.2008593,1.2198391,0.0,0.8125,0.91598916,0.2008593,0.102564104,-0.2772074,-0.2892562,0.55073893,1.4986595,0.7984252,0.35826772,0.8125,0.81578946,0.44827586,0.0,-31.63729,-19.22353,12.41376,21.334987997838635,88.25947666474299,3,"{""geodesic"":false,""type"":""Point"",""coordinates"":[88.25947666474299,21.334987997838635]}"
1455,0.0,1.0,0.0,0.028,0.21212122,0.0182,0.1019,0.1214,0.094,-0.040326696,0.0862,0.056,0.0542,0.0508,0.0494,0.47246376,1.5300547,0.0,0.55009824,0.92156863,0.47246376,0.2893401,-0.27138644,-0.29834256,0.53985125,2.7759564,0.77366257,0.23045267,0.55009824,0.64768684,0.2975558,0.0,-31.233814,-18.700346,12.533467,21.334987997838635,88.34930819315494,3,"{""geodesic"":false,""type"":""Point"",""coordinates"":[88.34930819315494,21.334987997838635]}"
1456,0.0,1.0,0.0,0.0284,0.010676157,0.0278,0.1045,0.1213,0.0984,-0.03006407,0.0891,0.0507,0.0521,0.0442,0.0437,0.22777778,1.0179211,0.0,0.64108354,0.9407266,0.22777778,0.21763085,-0.34186748,-0.38008416,0.44873098,1.5842294,0.81054366,0.2339374,0.64108354,0.9754386,0.28832486,0.0,-31.42257,-18.663921,12.75865,21.334987997838635,88.43913972156689,3,"{""geodesic"":false,""type"":""Point"",""coordinates"":[88.43913972156689,21.334987997838635]}"
1457,0.0,1.0,0.0,0.0456,0.018994413,0.0439,0.1033,0.1308,0.1067,0.016190477,0.1038,0.065,0.0672,0.0594,0.0594,0.1500484,1.0363636,0.0,0.76638657,1.031915,0.1500484,0.13142857,-0.2720588,-0.28476822,0.55617976,1.35,0.81512606,0.34835753,0.76638657,0.9606127,0.42696628,0.0,-32.501038,-18.887392,13.6136465,21.334987997838635,88.52897124997884,3,"{""geodesic"":false,""type"":""Point"",""coordinates"":[88.52897124997884,21.334987997838635]}"
1458,0.0,1.0,0.0,0.054,0.006523765,0.0533,0.1005,0.1318,0.1079,0.035508636,0.1131,0.0734,0.0761,0.0665,0.0653,0.11018364,1.011236,0.0,0.8108108,1.0725646,0.11018364,0.10373444,-0.2679372,-0.23738532,0.6157407,1.2453183,0.81804395,0.40940106,0.8108108,0.98521256,0.5,0.0,-32.9757,-19.318806,13.656896,21.334987997838635,88.61880277839079,3,"{""geodesic"":false,""type"":""Point"",""coordinates"":[88.61880277839079,21.334987997838635]}"
1459,0.0,1.0,0.0,0.0272,0.0989899,0.0223,0.1035,0.121,0.0972,-0.031390134,0.0894,0.0538,0.054,0.0523,0.0472,0.40214476,1.2142857,0.0,0.519084,0.93822396,0.40214476,0.31572327,-0.30893117,-0.30033445,0.53751284,2.3348215,0.80264246,0.22460777,0.519084,0.8168498,0.27954778,0.0,-33.998234,-20.721708,13.2765255,21.334987997838635,88.70863430680275,3,"{""geodesic"":false,""type"":""Point"",""coordinates"":[88.70863430680275,21.334987997838635]}"
1460,0.0,1.0,0.0,0.02475,0.08791209,0.02075,0.0973,0.1129,0.0803,-0.09572072,0.07705,0.0458,0.04755,0.0368,0.0357,0.27888793,1.1870503,0.0,0.6707317,0.8244353,0.27888793,0.19577579,-0.36674058,-0.37147737,0.45771143,1.7649881,0.71061945,0.21902655,0.6707317,0.83501005,0.30783582,0.0,-34.431934,-21.57008,12.861853,21.334987997838635,88.88829736362665,3,"{""geodesic"":false,""type"":""Point"",""coordinates"":[88.88829736362665,21.334987997838635]}"
1461,0.0,1.0,0.0,0.0262,0.18552037,0.018,0.0971,0.1139,0.0893,-0.041845493,0.0875,0.0484,0.0491,0.0438,0.0378,0.41747573,1.4475138,0.0,0.59681094,0.9187243,0.41747573,0.25142857,-0.39664805,-0.34184822,0.4899329,2.4198895,0.78333336,0.22982456,0.59681094,0.68441063,0.29306486,0.0,-34.05423,-21.858576,12.195655,21.334987997838635,88.9781288920386,3,"{""geodesic"":false,""type"":""Point"",""coordinates"":[88.9781288920386,21.334987997838635]}"
1462,0.0,1.0,0.0,0.0247,0.21375921,0.016,0.0956,0.1089,0.0762,-0.112922005,0.0703,0.0433,0.0438,0.0366,0.0379,0.39163497,1.5341614,0.0,0.67302454,0.79623824,0.39163497,0.19412725,-0.29944548,-0.35106382,0.47968546,2.2732918,0.69908255,0.2266055,0.67302454,0.6451613,0.32372215,0.0,-33.92092,-21.747726,12.173196,21.334987997838635,89.06796042045055,3,"{""geodesic"":false,""type"":""Point"",""coordinates"":[89.06796042045055,21.334987997838635]}"
1463,0.0,1.0,0.0,0.0172,0.13531353,0.0131,0.103,0.1132,0.0757,-0.15277001,0.0675,0.0429,0.0411,0.034,0.0325,0.44373673,1.3030303,0.0,0.5043988,0.7342386,0.44373673,0.328125,-0.35,-0.3801276,0.44854882,2.5757575,0.66813767,0.15180935,0.5043988,0.75722545,0.22691293,0.0,-33.020153,-21.173506,11.846646,21.334987997838635,89.24762347727446,3,"{""geodesic"":false,""type"":""Point"",""coordinates"":[89.24762347727446,21.334987997838635]}"
1464,0.0,1.0,0.0,0.0137,0.09163347,0.0114,0.0735,0.0875,0.0469,-0.22093023,0.0404,0.0281,0.027,0.0237,0.0221,0.35042736,1.1913043,0.0,0.57563025,0.63722825,0.35042736,0.26737967,-0.2928,-0.3286119,0.5042553,2.0608695,0.5353881,0.1563927,0.57563025,0.82608694,0.29148936,0.0,-33.735806,-21.65564,12.080166,21.334987997838635,89.33745500568641,3,"{""geodesic"":false,""type"":""Point"",""coordinates"":[89.33745500568641,21.334987997838635]}"
1465,0.0,1.0,0.0,0.018,0.17263843,0.0127,0.061,0.0651,0.0335,-0.29100528,0.0353,0.0278,0.0282,0.0227,0.0245,0.28248587,1.40625,0.0,0.7894737,0.5482815,0.28248587,0.11547912,-0.18060201,-0.19217081,0.6755952,1.7734375,0.51380366,0.2760736,0.7894737,0.7016575,0.53571427,0.0,-35.0687,-22.05154,13.017157,21.334987997838635,89.42728653409836,3,"{""geodesic"":false,""type"":""Point"",""coordinates"":[89.42728653409836,21.334987997838635]}"
1466,0.0,1.0,0.0,0.0195,0.14705883,0.0145,0.0558,0.0606,0.0316,-0.27688786,0.0352,0.0267,0.0276,0.0242,0.0242,0.250646,1.3356165,0.0,0.80246913,0.56529516,0.250646,0.107551485,-0.18518518,-0.13261649,0.76340693,1.6575342,0.5205931,0.32125205,0.80246913,0.7397959,0.6151419,0.0,-35.443314,-22.600595,12.842717,21.334987997838635,89.51711806251032,3,"{""geodesic"":false,""type"":""Point"",""coordinates"":[89.51711806251032,21.334987997838635]}"
1467,0.0,1.0,0.0,0.0209,0.20114942,0.0139,0.0535,0.0501,0.0344,-0.21729238,0.0375,0.0309,0.0292,0.0247,0.0263,0.27979276,1.4928571,0.0,0.8427419,0.64179105,0.27979276,0.083333336,-0.17554858,-0.1641286,0.715942,1.7642857,0.685259,0.41633466,0.8427419,0.66190475,0.6057971,0.0,-36.313976,-22.644241,13.669737,21.334987997838635,89.60694959092227,3,"{""geodesic"":false,""type"":""Point"",""coordinates"":[89.60694959092227,21.334987997838635]}"
1468,0.0,1.0,0.0,0.0216,0.20670392,0.0142,0.0575,0.0516,0.0414,-0.1627907,0.0367,0.0288,0.0286,0.0219,0.0247,0.2132964,1.5104895,0.0,0.9818182,0.71875,0.2132964,0.0068965517,-0.19543974,-0.30805686,0.52771086,1.5314685,0.8007737,0.41779497,0.9818182,0.6543779,0.52048194,0.0,-32.716473,-20.776594,11.939877,21.334987997838635,89.69678111933422,3,"{""geodesic"":false,""type"":""Point"",""coordinates"":[89.69678111933422,21.334987997838635]}"
1469,92.0,-0.034899496,0.99939084,0.195,0.21798876,0.1252,0.0463,0.0696,0.0673,0.18485916,0.1129,0.1824,0.2219,0.2302,0.237,0.29544175,1.556265,415.0,0.84672165,1.450431,0.29544175,0.08278457,0.35467276,0.547563,3.4154303,1.8371907,0.9655667,2.7977045,0.84672165,0.6417222,2.8931751,0.0,-15.553796,-8.948829,6.6049666,21.424819526250587,82.60009037479,3,"{""geodesic"":false,""type"":""Point"",""coordinates"":[82.60009037479,21.424819526250587]}"
1470,201.0,-0.9335804,-0.35836795,0.2691,0.15270936,0.1978,0.0632,0.0901,0.1035,0.24175166,0.1468,0.197,0.2203,0.2274,0.2416,0.0696143,1.3597777,314.0,1.1828572,1.635071,0.0696143,-0.083987914,0.24407826,0.37443337,2.1949806,1.1490651,1.1474501,2.9833703,1.1828572,0.7347697,2.5974903,0.0,-17.642586,-10.562431,7.0801544,21.424819526250587,82.7797534316139,3,"{""geodesic"":false,""type"":""Point"",""coordinates"":[82.7797534316139,21.424819526250587]}"
1471,117.0,-0.4539905,0.8910065,0.26675,0.17098331,0.18885,0.06475,0.0908,0.10335,0.22962523,0.1444,0.20285,0.22695,0.23275,0.2532,0.10412713,1.4117491,284.0,1.1455873,1.5936778,0.10412713,-0.068068065,0.27364185,0.38500446,2.2498791,1.2318074,1.1369637,2.9345434,1.1455873,0.70770097,2.5785403,0.0,-16.97899,-10.049009,6.9299808,21.424819526250587,82.95941648843781,3,"{""geodesic"":false,""type"":""Point"",""coordinates"":[82.95941648843781,21.424819526250587]}"
1472,205.0,-0.9063078,-0.42261827,0.2349,0.17921686,0.1635,0.0546,0.0798,0.0916,0.25307798,0.1368,0.2176,0.2643,0.2619,0.2802,0.23131171,1.435819,266.0,0.8965649,1.6745887,0.23131171,0.054347824,0.3438849,0.4817539,2.8560524,1.6008557,1.146433,2.939925,0.8965649,0.6957447,2.561614,0.0,-16.767168,-10.281954,6.4852147,21.424819526250587,83.04924801684976,3,"{""geodesic"":false,""type"":""Point"",""coordinates"":[83.04924801684976,21.424819526250587]}"
1473,72.0,0.309017,0.95105654,0.2999,0.15058507,0.2214,0.0652,0.0915,0.1138,0.27150837,0.1547,0.2043,0.2291,0.2367,0.2531,0.033398822,1.3539504,331.0,1.2664696,1.7427258,0.033398822,-0.11777861,0.24129476,0.35064194,2.0781388,1.0686231,1.2423581,3.2740176,1.2664696,0.738,2.6330113,0.0,-17.394077,-10.229371,7.1647067,21.424819526250587,83.22891107367366,3,"{""geodesic"":false,""type"":""Point"",""coordinates"":[83.22891107367366,21.424819526250587]}"
1474,67.0,0.39073113,0.92050487,0.2619,0.19180888,0.1776,0.0595,0.0848,0.1005,0.25625,0.1429,0.1895,0.2153,0.22,0.2355,0.10663984,1.4738322,286.0,1.1899136,1.6862416,0.10663984,-0.0869475,0.24471459,0.37285492,2.1868787,1.2380416,1.1837456,3.0848057,1.1899136,0.6778626,2.6033797,0.0,-16.408543,-9.559952,6.84859,21.424819526250587,83.31874260208562,3,"{""geodesic"":false,""type"":""Point"",""coordinates"":[83.31874260208562,21.424819526250587]}"
1475,114.0,-0.40673664,0.9135454,0.2434,0.19372241,0.1644,0.0537,0.079,0.0861,0.23175965,0.1281,0.1888,0.2141,0.218,0.2325,0.14016737,1.4796352,218.0,1.1160018,1.6003717,0.14016737,-0.055049848,0.28951746,0.4337389,2.5290024,1.325228,1.0884956,3.0771177,1.1160018,0.67515403,2.8236659,0.0,-16.76602,-10.064164,6.7018547,21.424819526250587,83.40857413049757,3,"{""geodesic"":false,""type"":""Point"",""coordinates"":[83.40857413049757,21.424819526250587]}"
1476,107.0,-0.2923717,0.9563047,0.2639,0.15265341,0.194,0.0631,0.0889,0.1071,0.25851938,0.1465,0.1953,0.2179,0.2229,0.2395,0.06932118,1.3596084,198.0,1.183408,1.6946203,0.06932118,-0.0842235,0.24093264,0.35090908,2.079291,1.1483772,1.2033708,2.9651685,1.183408,0.7348485,2.4617538,0.0,-17.269716,-10.590445,6.679272,21.424819526250587,83.49840565890952,3,"{""geodesic"":false,""type"":""Point"",""coordinates"":[83.49840565890952,21.424819526250587]}"
1477,177.0,-0.9986295,0.052335955,0.1505,0.28112364,0.08445,0.048,0.0775,0.05775,0.09219858,0.1198,0.2226,0.25425,0.24775,0.2639,0.49157134,1.7800118,167.0,0.60722214,1.2006238,0.49157134,0.24419335,0.37555382,0.62193125,4.2826276,2.9302187,0.744201,1.939433,0.60722214,0.560757,2.6015558,0.0,-16.466867,-9.132841,7.3340254,21.424819526250587,83.76790024414538,3,"{""geodesic"":false,""type"":""Point"",""coordinates"":[83.76790024414538,21.424819526250587]}"
1478,176.0,-0.9975641,0.06975647,0.15295,0.32682714,0.0776,0.0494,0.0749,0.0551,0.054545455,0.1124,0.2094,0.2488,0.2431,0.25595,0.5160586,1.9684684,176.0,0.62890625,1.1131313,0.5160586,0.22762278,0.38971087,0.63044935,4.4039855,3.1287,0.73466665,2.0393333,0.62890625,0.5070239,2.7708333,0.0,-15.689394,-8.747464,6.9419303,21.424819526250587,83.85773177255733,3,"{""geodesic"":false,""type"":""Point"",""coordinates"":[83.85773177255733,21.424819526250587]}"
1479,120.0,-0.5,0.8660254,0.2119,0.2006516,0.141075,0.059116665,0.08456667,0.084133334,0.17463642,0.13128333,0.19275,0.21355,0.217625,0.23057084,0.21340953,1.5009739,165.0,0.97324604,1.4207711,0.21340953,0.013328677,0.2743854,0.4423794,2.5835972,1.5415264,0.9937008,2.5027559,0.97324604,0.6654481,2.5156312,0.0,-16.100859,-9.492285,6.608574,21.424819526250587,83.94756330096928,3,"{""geodesic"":false,""type"":""Point"",""coordinates"":[83.94756330096928,21.424819526250587]}"
1480,353.0,0.99254614,-0.12186934,0.1701,0.28039142,0.0956,0.05365,0.0766,0.0666,0.10769231,0.11765,0.1982,0.21925,0.2208,0.23555,0.39570165,1.7774295,183.0,0.7700317,1.2390698,0.39570165,0.12970069,0.3338052,0.5365344,3.310345,2.30721,0.86831814,2.2177315,0.7700317,0.5616921,2.5502248,0.0,-16.35585,-9.507244,6.848607,21.424819526250587,84.12722635779319,3,"{""geodesic"":false,""type"":""Point"",""coordinates"":[84.12722635779319,21.424819526250587]}"
1481,264.0,-0.104528464,-0.9945219,0.23825,0.23142526,0.1487,0.05855,0.08035,0.08175,0.16535994,0.1331,0.20015,0.2244,0.2334,0.2524,0.22166972,1.6011425,195.0,1.0203426,1.3938619,0.22166972,-0.010283049,0.3094682,0.48119944,2.8515577,1.5685484,1.016159,2.9614668,1.0203426,0.62387246,2.9108124,1.0,-16.08312,-9.010307,7.0728135,21.424819526250587,84.21705788620514,3,"{""geodesic"":false,""type"":""Point"",""coordinates"":[84.21705788620514,21.424819526250587]}"
1482,254.0,-0.27563736,-0.9612617,0.2046,0.2725859,0.11695,0.04445,0.07005,0.0599,0.14805941,0.12195,0.21135,0.23865,0.24345,0.26845,0.35099888,1.7479709,351.0,0.8400739,1.3445567,0.35099888,0.086709075,0.37525615,0.6050767,4.0575,2.0798805,0.8538845,2.9166074,0.8400739,0.5713239,3.41,1.0,-14.894571,-8.441731,6.45284,21.424819526250587,84.30688941461709,3,"{""geodesic"":false,""type"":""Point"",""coordinates"":[84.30688941461709,21.424819526250587]}"
1483,62.0,0.46947157,0.88294756,0.174,0.32470497,0.0887,0.03715,0.06475,0.0439,0.08328193,0.11615,0.21205,0.2375,0.24095,0.26155,0.46185347,1.9594594,563.0,0.72184193,1.1785235,0.46185347,0.16134474,0.3849616,0.6917676,5.476136,2.7134008,0.6769468,2.6831148,0.72184193,0.5094773,3.9545455,0.0,-13.899028,-6.7060995,7.1929283,21.424819526250587,84.39672094302904,3,"{""geodesic"":false,""type"":""Point"",""coordinates"":[84.39672094302904,21.424819526250587]}"
1484,70.0,0.34202015,0.9396926,0.23085,0.2190099,0.1479,0.05025,0.0734,0.0797,0.22662562,0.1285,0.181,0.20655,0.2138,0.2342,0.18219519,1.5597973,334.0,1.0792426,1.5829196,0.18219519,-0.038344767,0.2914254,0.4568995,2.679198,1.4445946,1.0843537,3.1408162,1.0792426,0.6403984,2.892857,1.0,-14.068244,-7.864118,6.204126,21.424819526250587,84.57638399985295,3,"{""geodesic"":false,""type"":""Point"",""coordinates"":[84.57638399985295,21.424819526250587]}"
1485,108.0,-0.309017,0.95105654,0.28565,0.1847781,0.19655,0.07015,0.0951,0.1114,0.22721013,0.15395,0.20745,0.2291,0.23555,0.25405,0.090256885,1.4525807,221.0,1.2121791,1.5857651,0.090256885,-0.09612433,0.24534313,0.35783255,2.112556,1.1978134,1.170168,3.0005252,1.2121791,0.68783903,2.5618834,1.0,-16.845537,-10.016067,6.82947,21.424819526250587,84.6662155282649,3,"{""geodesic"":false,""type"":""Point"",""coordinates"":[84.6662155282649,21.424819526250587]}"
1486,44.0,0.7193398,0.6946584,0.31645,0.17008689,0.22445,0.067,0.09705,0.11745,0.27351585,0.16265,0.2144,0.23775,0.24065,0.26405,0.03483122,1.409263,186.0,1.314434,1.7503725,0.03483122,-0.13606174,0.23763768,0.34403798,2.047214,1.0716989,1.2089552,3.257334,1.314434,0.7090507,2.692046,0.0,-17.657423,-10.340044,7.3173795,21.424819526250587,84.75604705667685,3,"{""geodesic"":false,""type"":""Point"",""coordinates"":[84.75604705667685,21.424819526250587]}"
1487,34.0,0.82903755,0.5591929,0.19385,0.28038308,0.10895,0.05075,0.0754,0.071,0.16632444,0.128,0.20415,0.2364,0.2406,0.26215,0.3766271,1.777625,139.0,0.80535936,1.3962635,0.3766271,0.10760732,0.34384212,0.54428756,3.3839662,2.2063274,0.9403973,2.5675497,0.80535936,0.5617427,2.7264416,0.0,-15.513417,-9.270916,6.2425013,21.424819526250587,84.8458785850888,3,"{""geodesic"":false,""type"":""Point"",""coordinates"":[84.8458785850888,21.424819526250587]}"
1488,20.0,0.9396926,0.34202015,0.0167,0.16987741,0.01185,0.05435,0.06425,0.0385,-0.17070544,0.0408,0.03495,0.035,0.0293,0.0302,0.42405832,1.3974895,125.0,0.5680272,0.7070707,0.42405832,0.27391306,-0.14929578,-0.13569322,0.75906736,2.4518828,0.5982906,0.25951827,0.5680272,0.70535713,0.4326425,0.0,-23.971077,-17.62717,6.3439064,21.424819526250587,84.93571011350076,3,"{""geodesic"":false,""type"":""Point"",""coordinates"":[84.93571011350076,21.424819526250587]}"
1489,235.0,-0.57357645,-0.81915206,0.2547,0.25159705,0.1523,0.0514,0.0826,0.0724,0.16962843,0.1337,0.2277,0.2582,0.2617,0.287,0.2642512,1.6712599,134.0,0.97288007,1.4058253,0.2642512,0.013555383,0.36439267,0.5665968,3.6096551,1.7171916,0.8754535,3.0798066,0.97288007,0.5977237,3.5131035,0.0,-16.737177,-9.904696,6.83248,21.424819526250587,85.02554164191271,3,"{""geodesic"":false,""type"":""Point"",""coordinates"":[85.02554164191271,21.424819526250587]}"
1490,230.0,-0.64278764,-0.76604444,0.2723,0.215625,0.1757,0.0668,0.0918,0.103,0.21319199,0.1535,0.2142,0.2396,0.246,0.2703,0.16670619,1.5489192,145.0,1.1064608,1.5396113,0.16670619,-0.050742812,0.27560169,0.40974212,2.386033,1.3993174,1.1207834,2.9630032,1.1064608,0.6450074,2.6411252,0.0,-20.29158,-12.939692,7.3518887,21.424819526250587,85.11537317032466,3,"{""geodesic"":false,""type"":""Point"",""coordinates"":[85.11537317032466,21.424819526250587]}"
1491,266.0,-0.06975647,-0.9975641,0.3016,0.16279519,0.21715,0.08095,0.1049,0.12245,0.20403147,0.16585,0.2147,0.2361,0.2406,0.259,0.051228836,1.3882624,186.0,1.2530121,1.5107958,0.051228836,-0.11250461,0.21925385,0.32543728,1.9632803,1.1074798,1.1661905,2.872381,1.2530121,0.7197547,2.4610362,0.0,-16.862047,-9.054814,7.8072343,21.424819526250587,85.20520469873661,3,"{""geodesic"":false,""type"":""Point"",""coordinates"":[85.20520469873661,21.424819526250587]}"
1492,2.0,0.99939084,0.034899496,0.31035,0.18953621,0.21145,0.0711,0.0973,0.1158,0.23916534,0.16675,0.22095,0.2443,0.251,0.27275,0.085522756,1.4670291,233.0,1.2359618,1.6264045,0.085522756,-0.10572726,0.24118316,0.36859325,2.1656601,1.1864808,1.1889117,3.1863449,1.2359618,0.68110806,2.6777394,1.0,-17.140427,-9.713706,7.4267197,21.424819526250587,85.29503622714856,3,"{""geodesic"":false,""type"":""Point"",""coordinates"":[85.29503622714856,21.424819526250587]}"
1493,190.0,-0.9848077,-0.17364818,0.2666,0.21471694,0.17235,0.0592,0.07995,0.0855,0.18175535,0.14105,0.212,0.2385,0.24385,0.26405,0.1717924,1.5459553,180.0,1.0928469,1.4418212,0.1717924,-0.044568516,0.30362874,0.4807955,2.848715,1.414033,1.0680825,3.3304186,1.0928469,0.6462317,3.114486,1.0,-16.115324,-9.019441,7.095883,21.424819526250587,85.38486775556052,3,"{""geodesic"":false,""type"":""Point"",""coordinates"":[85.38486775556052,21.424819526250587]}"
1494,168.0,-0.9781476,0.20791169,0.2043,0.2611111,0.1197,0.0349,0.0657,0.05655,0.2367414,0.1206,0.21265,0.23995,0.2456,0.26415,0.34464824,1.7053423,667.0,0.83150184,1.6157143,0.34464824,0.09179818,0.37309942,0.6256826,4.335393,2.0500834,0.8594225,3.1048632,0.83150184,0.5856164,3.6063547,1.0,-13.827221,-7.013546,6.8136744,21.424819526250587,85.56453081238442,3,"{""geodesic"":false,""type"":""Point"",""coordinates"":[85.56453081238442,21.424819526250587]}"
1495,102.0,-0.20791169,0.9781476,0.30605,0.1542523,0.22425,0.06915,0.09705,0.1143,0.2461161,0.1557,0.20705,0.2291,0.2404,0.2527,0.034757346,1.3641632,524.0,1.2725571,1.6505415,0.034757346,-0.12013908,0.23751225,0.3555117,2.1013987,1.07154,1.1765312,3.150283,1.2725571,0.7324841,2.6752622,1.0,-17.106682,-9.782373,7.324308,21.424819526250587,85.65436234079637,3,"{""geodesic"":false,""type"":""Point"",""coordinates"":[85.65436234079637,21.424819526250587]}"
1496,112.0,-0.37460658,0.92718387,0.1978,0.25987262,0.1162,0.04335,0.0646,0.0589,0.15207824,0.115,0.2101,0.24525,0.2522,0.2693,0.36916396,1.7007738,420.0,0.78398734,1.3555812,0.36916396,0.12088889,0.40150923,0.6213436,4.274576,2.1685297,0.9103555,3.057187,0.78398734,0.58716524,3.3525424,1.0,-14.249353,-7.343768,6.905586,21.424819526250587,85.74419386920833,3,"{""geodesic"":false,""type"":""Point"",""coordinates"":[85.74419386920833,21.424819526250587]}"
1497,100.0,-0.17364818,0.9848077,0.2243,0.2806166,0.126,0.0445,0.0691,0.06365,0.17706889,0.12685,0.20955,0.24265,0.2516,0.2679,0.33262712,1.7787471,301.0,0.8911402,1.4271301,0.33262712,0.057364993,0.35731477,0.5961935,3.9466667,1.9952419,0.91979766,3.2413294,0.8911402,0.56149733,3.5184314,1.0,-14.73606,-7.8978558,6.838204,21.424819526250587,85.92385692603223,3,"{""geodesic"":false,""type"":""Point"",""coordinates"":[85.92385692603223,21.424819526250587]}"
1498,165.0,-0.9659258,0.25881904,0.2408,0.22171487,0.1534,0.0589,0.0782,0.0777,0.13762811,0.1302,0.213,0.2391,0.2476,0.2702,0.23491272,1.5687296,262.0,0.9721437,1.3169491,0.23491272,0.013923014,0.34965035,0.52228713,3.1825192,1.6130294,0.99233717,3.0753512,0.9721437,0.6367788,3.0951157,1.0,-15.685479,-8.804044,6.8814354,21.424819526250587,86.28318303968004,3,"{""geodesic"":false,""type"":""Point"",""coordinates"":[86.28318303968004,21.424819526250587]}"
1499,145.0,-0.81915206,0.57357645,0.2798,0.22076789,0.1786,0.0622,0.0869,0.0943,0.20511182,0.143,0.2138,0.2392,0.2481,0.2691,0.1628779,1.5657526,193.0,1.1273167,1.5136436,0.1628779,-0.06004925,0.30599368,0.44918224,2.628178,1.3883604,1.0839081,3.2160919,1.1273167,0.638085,2.963983,1.0,-16.323364,-9.199046,7.124318,21.424819526250587,86.37301456809199,3,"{""geodesic"":false,""type"":""Point"",""coordinates"":[86.37301456809199,21.424819526250587]}"
1500,311.0,0.656059,-0.7547096,0.2369,0.24161425,0.1447,0.0596,0.0801,0.0734,0.1037594,0.1274,0.2079,0.2387,0.2451,0.2667,0.25756797,1.6360497,130.0,0.9661501,1.2294807,0.25756797,0.017012449,0.3534636,0.5390895,3.334694,1.6926795,0.915212,2.9538653,0.9661501,0.6105485,3.2231293,0.0,-15.54887,-8.670304,6.8785653,21.424819526250587,86.46284609650394,3,"{""geodesic"":false,""type"":""Point"",""coordinates"":[86.46284609650394,21.424819526250587]}"
1501,291.0,0.35836795,-0.9335804,0.2136,0.28985506,0.1176,0.0525,0.076,0.0717,0.15458937,0.1276,0.21,0.2459,0.2567,0.2701,0.37162703,1.8147833,192.0,0.8317757,1.3631178,0.37162703,0.09164363,0.35831028,0.5633374,3.575209,2.1809685,0.94218135,2.806833,0.8317757,0.5503042,2.9749303,1.0,-14.482891,-7.760047,6.722844,21.424819526250587,86.55267762491589,3,"{""geodesic"":false,""type"":""Point"",""coordinates"":[86.55267762491589,21.424819526250587]}"
1502,94.0,-0.06975647,0.9975641,0.224,0.23859552,0.1377,0.0543,0.0763,0.0645,0.08585858,0.1188,0.2226,0.2632,0.283,0.2893,0.34537676,1.6255443,215.0,0.79123986,1.1856618,0.34537676,0.11637081,0.41778976,0.62877697,4.380805,2.053701,0.84424084,2.9319372,0.79123986,0.61445785,3.4674923,1.0,-13.907282,-7.282841,6.624441,21.424819526250587,86.7323406817398,3,"{""geodesic"":false,""type"":""Point"",""coordinates"":[86.7323406817398,21.424819526250587]}"
1503,120.0,-0.5,0.8660254,0.16795,0.13383967,0.1283,0.09865,0.12305,0.12265,0.10845007,0.14985,0.17005,0.18385,0.1824,0.1897,0.17412294,1.3080218,6.0,0.92027396,1.2420254,0.17412294,0.04124447,0.11736121,0.19586954,1.485947,1.4205607,0.9959399,1.363784,0.92027396,0.76346326,1.3682281,0.0,-22.423306,-14.392371,8.030935,21.424819526250587,87.00183526697566,3,"{""geodesic"":false,""type"":""Point"",""coordinates"":[87.00183526697566,21.424819526250587]}"
1504,133.0,-0.6819984,0.7313537,0.0252,0.15331808,0.0185,0.098,0.10795,0.07095,-0.16010654,0.06975,0.0489,0.0476,0.04255,0.0402,0.3939394,1.3548387,1.0,0.5908558,0.72324157,0.3939394,0.25608855,-0.26875854,-0.25022027,0.59887403,2.2876344,0.65664047,0.23322536,0.5908558,0.7312253,0.3546798,0.0,-32.5046,-21.207802,11.296799,21.424819526250587,87.09166679538761,3,"{""geodesic"":false,""type"":""Point"",""coordinates"":[87.09166679538761,21.424819526250587]}"
1505,0.0,1.0,0.0,0.018,0.13207547,0.0138,0.0892,0.0933,0.0554,-0.23374827,0.0528,0.0359,0.0354,0.0273,0.0296,0.32846716,1.2949641,0.0,0.6569343,0.62038076,0.32846716,0.205298,-0.2815534,-0.33978236,0.4918919,1.9640288,0.59314775,0.19271949,0.6569343,0.76243097,0.3243243,0.0,-33.991936,-21.139921,12.852015,21.424819526250587,87.27132985221151,3,"{""geodesic"":false,""type"":""Point"",""coordinates"":[87.27132985221151,21.424819526250587]}"
1506,0.0,1.0,0.0,0.0196,0.15634218,0.0143,0.0873,0.0919,0.0542,-0.23392226,0.0568,0.0429,0.0402,0.0342,0.0331,0.41030928,1.3611112,0.0,0.5714286,0.6201373,0.41030928,0.27137548,-0.26362625,-0.22624435,0.62983423,2.375,0.58913046,0.21304348,0.5714286,0.7258883,0.36095765,0.0,-33.86516,-20.780722,13.084439,21.424819526250587,87.36116138062346,3,"{""geodesic"":false,""type"":""Point"",""coordinates"":[87.36116138062346,21.424819526250587]}"
1507,0.0,1.0,0.0,0.0196,0.14619882,0.0146,0.0987,0.1022,0.0576,-0.26295584,0.0569,0.0432,0.0427,0.0361,0.0342,0.42406312,1.3333334,0.0,0.5414365,0.58299595,0.42406312,0.2962298,-0.24917673,-0.22945571,0.6256499,2.4557824,0.56304985,0.19159335,0.5414365,0.74111676,0.33968803,0.0,-33.84601,-20.446266,13.399741,21.424819526250587,87.45099290903542,3,"{""geodesic"":false,""type"":""Point"",""coordinates"":[87.45099290903542,21.424819526250587]}"
1508,0.0,1.0,0.0,0.022,0.11392405,0.0175,0.0958,0.0961,0.0583,-0.24334848,0.0559,0.0389,0.0409,0.034,0.0341,0.32038835,1.25,0.0,0.6451613,0.60792494,0.32038835,0.21428572,-0.24222222,-0.26327193,0.58219177,1.9318181,0.6060291,0.22869022,0.6451613,0.7918552,0.37671232,0.0,-33.53968,-20.138474,13.401205,21.424819526250587,87.54082443744737,3,"{""geodesic"":false,""type"":""Point"",""coordinates"":[87.54082443744737,21.424819526250587]}"
1509,0.0,1.0,0.0,0.021,0.0880829,0.0176,0.0985,0.1055,0.0656,-0.20048751,0.0594,0.0394,0.0415,0.0333,0.0345,0.30844793,1.1864407,0.0,0.6287425,0.6653144,0.30844793,0.22651933,-0.26517573,-0.3265925,0.5068493,1.8813559,0.6212121,0.19886364,0.6287425,0.8341232,0.3196347,0.0,-32.635845,-19.7316,12.904244,21.424819526250587,87.63065596585932,3,"{""geodesic"":false,""type"":""Point"",""coordinates"":[87.63065596585932,21.424819526250587]}"
1510,0.0,1.0,0.0,0.0277,0.116935484,0.0219,0.1069,0.1231,0.0819,-0.13241525,0.0768,0.05,0.052,0.042,0.0429,0.31455398,1.2590909,0.0,0.65795726,0.76542056,0.31455398,0.205165,-0.283208,-0.3220339,0.5121951,1.9090909,0.66477275,0.22483766,0.65795726,0.7877698,0.33780488,0.0,-31.137733,-18.803099,12.334635,21.424819526250587,87.81031902268322,3,"{""geodesic"":false,""type"":""Point"",""coordinates"":[87.81031902268322,21.424819526250587]}"
1511,0.0,1.0,0.0,0.0318,0.16270566,0.0229,0.1055,0.1159,0.0741,-0.17483296,0.0749,0.0548,0.0532,0.0452,0.0447,0.3274596,1.3826087,0.0,0.70198673,0.70170456,0.3274596,0.17402597,-0.25250837,-0.24224643,0.6091644,1.9652174,0.6387931,0.27413794,0.70198673,0.7178683,0.42857143,0.0,-31.400288,-18.942429,12.457859,21.424819526250587,87.90015055109518,3,"{""geodesic"":false,""type"":""Point"",""coordinates"":[87.90015055109518,21.424819526250587]}"
1512,0.0,1.0,0.0,0.0521,0.112653494,0.04155,0.11205,0.13115,0.1033,-0.04063153,0.09605,0.068,0.0679,0.06075,0.0603,0.18768328,1.2509004,0.0,0.8562038,0.9210878,0.18768328,0.07665042,-0.22865365,-0.25937214,0.5875242,1.4585835,0.7870476,0.3969524,0.8562038,0.795977,0.50386846,0.0,-31.56843,-18.748814,12.819617,21.424819526250587,87.98998207950713,3,"{""geodesic"":false,""type"":""Point"",""coordinates"":[87.98998207950713,21.424819526250587]}"
1513,0.0,1.0,0.0,0.066,0.07317073,0.057,0.1238,0.1369,0.1137,-0.042526316,0.1059,0.0708,0.072,0.0658,0.0722,0.07166124,1.1558669,0.0,1.0015174,0.91767555,0.07166124,-0.0015174507,-0.18921953,-0.26685238,0.5782074,1.1523643,0.829927,0.48175183,1.0015174,0.8623298,0.5799649,0.0,-31.69952,-18.657507,13.042012,21.424819526250587,88.07981360791908,3,"{""geodesic"":false,""type"":""Point"",""coordinates"":[88.07981360791908,21.424819526250587]}"
1514,0.0,1.0,0.0,0.0651,0.05596107,0.0582,0.1279,0.1494,0.1195,-0.03395311,0.1138,0.0838,0.0876,0.0764,0.0759,0.13521545,1.1166381,0.0,0.8509804,0.93359375,0.13521545,0.07985866,-0.19978914,-0.2200102,0.638796,1.3104631,0.7993311,0.4354515,0.8509804,0.892638,0.5443144,0.0,-31.70259,-18.08905,13.613541,21.424819526250587,88.16964513633103,3,"{""geodesic"":false,""type"":""Point"",""coordinates"":[88.16964513633103,21.424819526250587]}"
1515,0.0,1.0,0.0,0.0329,0.07166124,0.0285,0.1153,0.135,0.1106,-0.020805666,0.1042,0.0678,0.0657,0.0573,0.0521,0.33566433,1.1503496,0.0,0.5731707,0.95840555,0.33566433,0.27051,-0.33333334,-0.31745085,0.5176152,2.0034964,0.81865287,0.24352331,0.5731707,0.8636364,0.29719964,0.0,-31.588364,-19.448814,12.139548,21.424819526250587,88.25947666474299,3,"{""geodesic"":false,""type"":""Point"",""coordinates"":[88.25947666474299,21.424819526250587]}"
1516,0.0,1.0,0.0,0.038,0.14977308,0.0281,0.1171,0.1308,0.0974,-0.09184149,0.0898,0.0636,0.0653,0.0543,0.0536,0.31796116,1.3475177,0.0,0.6985294,0.831058,0.31796116,0.17659806,-0.25244072,-0.28411338,0.5569231,1.9255319,0.7440795,0.29029793,0.6985294,0.7375328,0.3897436,0.0,-31.247145,-19.12398,12.123165,21.424819526250587,88.34930819315494,3,"{""geodesic"":false,""type"":""Point"",""coordinates"":[88.34930819315494,21.424819526250587]}"
1517,0.0,1.0,0.0,0.0432,0.07063197,0.0375,0.1028,0.1191,0.0986,-0.020854022,0.1021,0.0726,0.075,0.0639,0.0647,0.26035503,1.1489362,0.0,0.675,0.95821184,0.26035503,0.19327731,-0.22422062,-0.21353847,0.6474164,1.6994681,0.8271812,0.36241612,0.675,0.8660508,0.43768996,0.0,-32.92536,-18.772446,14.152916,21.424819526250587,88.52897124997884,3,"{""geodesic"":false,""type"":""Point"",""coordinates"":[88.52897124997884,21.424819526250587]}"
1518,0.0,1.0,0.0,0.0455,-0.026737968,0.048,0.1124,0.132,0.1079,-0.02042669,0.1125,0.0672,0.0717,0.0571,0.0588,0.0865842,0.9459459,0.0,0.79545456,0.9591111,0.0865842,0.11306043,-0.31348512,-0.3078788,0.5287037,1.1871102,0.8168054,0.34443602,0.79545456,1.0526316,0.4212963,0.0,-33.920135,-20.192745,13.727392,21.424819526250587,88.61880277839079,3,"{""geodesic"":false,""type"":""Point"",""coordinates"":[88.61880277839079,21.424819526250587]}"
1519,0.0,1.0,0.0,0.0528,0.072081216,0.0457,0.1037,0.1323,0.1081,0.020774316,0.1114,0.0676,0.069,0.0667,0.0573,0.18683274,1.1528385,0.0,0.79041916,1.0414258,0.18683274,0.116317995,-0.32068762,-0.23684211,0.616451,1.4563318,0.81646526,0.39879155,0.79041916,0.86389416,0.48798522,0.0,-34.621475,-21.358852,13.262625,21.424819526250587,88.70863430680275,3,"{""geodesic"":false,""type"":""Point"",""coordinates"":[88.70863430680275,21.424819526250587]}"
1520,0.0,1.0,0.0,0.0226,0.11604938,0.0179,0.0992,0.1148,0.09055,-0.0455863,0.08745,0.0469,0.04675,0.0397,0.0365,0.3784722,1.2555555,0.0,0.5678392,0.9118832,0.3784722,0.27447832,-0.41105285,-0.39040306,0.43794814,2.2055554,0.7880766,0.19669278,0.5678392,0.78854626,0.24931054,0.0,-34.750584,-22.192009,12.558577,21.424819526250587,88.88829736362665,3,"{""geodesic"":false,""type"":""Point"",""coordinates"":[88.88829736362665,21.424819526250587]}"
1521,0.0,1.0,0.0,0.026,0.16591929,0.0186,0.1018,0.1206,0.0979,-0.019529294,0.0942,0.0548,0.0552,0.045,0.0419,0.41509435,1.3903743,0.0,0.57649666,0.9607458,0.41509435,0.26760563,-0.38427627,-0.37018895,0.45918366,2.4064171,0.8111019,0.21541011,0.57649666,0.7126437,0.26530612,0.0,-33.736988,-20.825773,12.911213,21.424819526250587,88.9781288920386,3,"{""geodesic"":false,""type"":""Point"",""coordinates"":[88.9781288920386,21.424819526250587]}"
1522,0.0,1.0,0.0,0.0249,0.19711539,0.0167,0.0997,0.1175,0.093,-0.03476907,0.087,0.0512,0.0534,0.0437,0.0422,0.44701988,1.4821428,0.0,0.5684931,0.9318637,0.44701988,0.27405247,-0.34674922,-0.36064374,0.46938777,2.6011906,0.7908163,0.2117347,0.5684931,0.668,0.26745436,0.0,-33.535767,-20.771147,12.76462,21.424819526250587,89.06796042045055,3,"{""geodesic"":false,""type"":""Point"",""coordinates"":[89.06796042045055,21.424819526250587]}"
1523,0.0,1.0,0.0,0.0255,0.114754096,0.02025,0.10775,0.12615,0.1125,0.021566402,0.10605,0.06125,0.063,0.05405,0.0502,0.4549125,1.2530713,0.0,0.47091413,1.0431155,0.4549125,0.35889378,-0.35744,-0.35094565,0.48001775,2.6560197,0.8910891,0.2019802,0.47091413,0.7910156,0.22646536,0.0,-33.34793,-21.492378,11.855554,21.424819526250587,89.15779194886251,3,"{""geodesic"":false,""type"":""Point"",""coordinates"":[89.15779194886251,21.424819526250587]}"
1524,0.0,1.0,0.0,0.0188,0.17133956,0.0133,0.1044,0.1178,0.0907,-0.0702204,0.0875,0.0503,0.0492,0.0497,0.0478,0.5777778,1.4029851,0.0,0.37751004,0.8679426,0.5777778,0.4510949,-0.293422,-0.2920228,0.54735684,3.7089553,0.769296,0.15945716,0.37751004,0.7037037,0.20704846,0.0,-32.69939,-20.964483,11.734909,21.424819526250587,89.24762347727446,3,"{""geodesic"":false,""type"":""Point"",""coordinates"":[89.24762347727446,21.424819526250587]}"
1525,0.0,1.0,0.0,0.0145,0.15537849,0.0106,0.0787,0.0843,0.0495,-0.2277691,0.0464,0.0279,0.0259,0.0215,0.0204,0.33956388,1.3551402,0.0,0.6712963,0.6281726,0.33956388,0.19444445,-0.38922155,-0.3943662,0.43346775,2.0093458,0.5864929,0.17180094,0.6712963,0.72602737,0.2923387,0.0,-35.321198,-22.03795,13.283247,21.424819526250587,89.42728653409836,3,"{""geodesic"":false,""type"":""Point"",""coordinates"":[89.42728653409836,21.424819526250587]}"
1526,0.0,1.0,0.0,0.024,0.19700748,0.0161,0.0579,0.0584,0.0439,-0.13752456,0.0434,0.0366,0.0355,0.0276,0.0305,0.2631579,1.4814814,0.0,0.866426,0.75689656,0.2631579,0.069767445,-0.17456022,-0.22797203,0.6272727,1.7037038,0.75042737,0.41025642,0.866426,0.6680498,0.54545456,0.0,-33.99581,-21.20374,12.792074,21.424819526250587,89.60694959092227,3,"{""geodesic"":false,""type"":""Point"",""coordinates"":[89.60694959092227,21.424819526250587]}"
1527,0.0,1.0,0.0,0.0219,0.18378378,0.0151,0.0622,0.0714,0.0475,-0.13400182,0.0502,0.031,0.0328,0.0279,0.0269,0.29767442,1.4407895,0.0,0.7821429,0.7624398,0.29767442,0.12048193,-0.30220494,-0.25994694,0.58613443,1.8355263,0.66433567,0.3062937,0.7821429,0.68636364,0.46008402,0.0,-32.83138,-20.031055,12.800325,21.424819526250587,89.69678111933422,3,"{""geodesic"":false,""type"":""Point"",""coordinates"":[89.69678111933422,21.424819526250587]}"
